Part Number,Product Name,Marketing name,Tagline,KSP,Link,Part Number,Title,CPU,GPU,OS,Office,Panel Size,Resolution,Brightness,RAM,SSD,IO Port,Weight (with Battery),Size,Expansion Slot,Include in the box,Battery,Power Supply,Security
,0,0,0,0,0,,,,,,,,,,,,,,,,,,,
90NX,B1402CBA_ID-NK7850X,ASUS ExpertBook B1,Primed to perform. Configured for your bussiness.,0,https://drive.google.com/drive/folders/1Vo1jpHMCrMBRrGxqaMBYjJYY4bfRUZ8K?usp=drive_link,90NX,ASUS ExpertBook B1 (i7-1255U/8GB/512GB/Win 11 Pro/B1402CBA_ID),Intel® Core™ i7-1255U 1.7 GHz,Intel® UHD Graphics,Windows 11 Pro,M365 FREE TRIAL 30D(WW),"14""",FHD 1920X1080 16:9,250nits,DDR4 8GB,512GB 2280 PCIE G4 SSD,"1x USB 2.0 Type-A
1x USB 3.2 Gen 1 Type-A
1x USB 3.2 Gen 1 Type-C support power delivery
1x USB 3.2 Gen 2 Type-C support display / power delivery
1x HDMI 1.4, up to 1920x1080p/60Hz
1x 3.5mm Combo Audio Jack
1x RJ45 Gigabit Ethernet",1.499 Kg,32.69 x 21.45 x 1.99 ~ 1.99 cm,"1x DDR4 SO-DIMM slot
1x M.2 2280 PCIe 4.0x4","Backpack
Carry bag
USB-C to USB-C cable",42WHrs,"TYPE-C, 65W AC Adapter",W/FINGERPRINT
90NX04S1-M00TA0,B3402FBA-EC7150X,ASUS ExpertBook B3,Configured to advance your business with AI,0,https://drive.google.com/drive/folders/199qT6HUPT83bulC5Ao62Jz0shUaQXns8?usp=drive_link,90NX04S1-M00TA0,ASUS ExpertBook B3 (i7-1255U/DDR4/512GB/Win 11 Pro/B3402FBA),Intel® Core™ i7-1255U 1.7 GHz,Intel Iris Xᵉ Graphics (available for Intel® Core™ i5/i7/i9 with dual channel memory),Windows 11 Pro,MICROSOFT 365 FREE TRIAL 30D,"14""",FHD 1920X1080 16:9,250nits,16GB DDR4,512GB 2280 PCIE G4 SSD,"1x USB 2.0 Type-A
1x USB 3.2 Gen 2 Type-A
2x Thunderbolt™ 4, compliant with USB4, supports display / power delivery
1x HDMI 2.0b
1x 3.5mm Combo Audio Jack
1x RJ45 Gigabit Ethernet",1.612 Kg,32.90 x 22.39 x 1.92 ~ 1.95 cm,"1x DDR4 SO-DIMM slot
1x M.2 2280 PCIe 4.0x4","Backpack
MPP 2.0 garaged stylus",50WHrs,"TYPE-C, 65W AC Adapter",W/FINGERPRINT
90NX04T1-M001N0,B5302FBA-LG7110X,ASUS ExpertBook B5,Portable power for business on the go,0,0,90NX04T1-M001N0,ASUS ExpertBook B5 (i7-1255U/16GB/1TB/Win 11 Pro/B5302FBA),Intel® Core™ i7-1255U 1.7 GHz,Intel Iris Xᵉ Graphics (available for Intel® Core™ i5/i7/i9 with dual channel memory),Windows 11 Pro,MICROSOFT 365 FREE TRIAL 30D,"13""",FHD 1920X1080 16:9,300nits,DDR5 16GB,1TB 2280 PCIE G4 SSD,"1x USB 3.2 Gen 2 Type-A
2x Thunderbolt™ 4, compliant with USB4, supports display / power delivery
1x HDMI 2.0b
1x micro HDMI (RJ45 lan)
1x 3.5mm Combo Audio Jack",0.258 Kg,30.90 x 21.06 x 1.69 ~ 1.69 cm,"1x DDR5 SO-DIMM slots
2x M.2 2280 PCIe 4.0x4","Backpack
Micro HDMI to LAN
MPP 2.0 ASUS Pen",66WHrs,"TYPE-C, 65W AC Adapter",W/FINGERPRINT
90NX04U1-M004P0,B6602FC2-MH7310X,ASUS ExpertBook B6 Flip,"Work strong, stay flexible.","- Mobile work station with stylus: Core i7 HX vPro and RTX A2000 drive 3D, AI, BIM workloads
- 16″ 360° flip touchscreen, showing 2.5K 500nits with 100 % DCI-P3
- 4 DDR5 slots up to 128G RAM and 2 M.2 bays support up to 4TB storage",https://drive.google.com/drive/folders/1Dm7-nV2JIynNkxE4ttfTJveg-87FhmSI?usp=drive_link,90NX04U1-M004P0,ASUS ExpertBook B6 Flip (i7-12850HX/32GB/1TB/RTX A2000/Win 11 Pro/B6602FC2),Intel® Core™ i7-12850HX vPro® 2.1 GHz,NVIDIA® Quadro® RTX A2000 8GB ( 8GB GDDR6 ),Windows 11 Pro,MICROSOFT 365 FREE TRIAL 30D,"16""",WQXGA(WQ) 2560X1600 16:10,500nits(HDR),DDR5 32GB,1TB 2280 PCIE G4 (PERFORMANCE) SSD,"2x USB 3.1 Gen 2 Type-A
2x Thunderbolt™ 4, compliant with USB4, supports display / power delivery
1x HDMI 2.0b
1x 3.5mm Combo Audio Jack
1x RJ45 Gigabit Ethernet
1x DC-in
Smart card reader",0.352 Kg,38.30 x 27.20 x 2.70 ~ 2.70 cm,"4 x DDR5 SO-DIMM slots
2x M.2 2280 PCIe 4.0x4","Backpack
MPP 2.0 ASUS Pen",90WHrs,"ø6.0, 240W AC Adapter","W/FINGERPRINT,SMART CARD"
90NX04V1-M00870,B7402FBA-LA7310X,ASUS ExpertBook B7 Flip,"Work unbounded, with 5G connectivity","- 360° flip touchscreen with ASUS Pen support
- Ultralight at 1.24 kg and powered all day by a 63 Wh battery
- Smart card reader plus twin SO-DIMM slots up to 64G RAM, and a M.2 bay up to 2 TB SSD keep connected and upgrade-ready",https://drive.google.com/drive/folders/1JarT1pNI0yCLeKAuzXbneFpVXI-0bvLl?usp=drive_link,90NX04V1-M00870,ASUS ExpertBook B7 Flip (i7-1260P/32GB/1TB/Win 11 Pro/B7402FBA),Intel® Core™ i7-1260P 2.1 GHz,Intel® UHD Graphics,Windows 11 Pro,MICROSOFT 365 FREE TRIAL 30D,"14""",WUXGA(WU) 1920X1200 16:10,500nits,DDR5 32GB,1TB 2280 PCIE G4 (PERFORMANCE) SSD,"2x USB 3.2 Gen 2 Type-A
2x Thunderbolt™ 4, compliant with USB4, supports display / power delivery
1x mini DisplayPort
1x HDMI 2.0b
1x micro HDMI (RJ45 lan)
1x 3.5mm Combo Audio Jack
SIM card slot
Smart card reader",0.227 Kg,32.00 x 23.42 x 1.80 ~ 1.89 cm,"2x DDR5 SO-DIMM slots
1x M.2 2280 PCIe 4.0x4","Backpack
Micro HDMI to RJ45 gigabit ethernet adapter
MPP 2.0 ASUS Pen
Wireless optical mouse",63WHrs,"TYPE-C, 65W AC Adapter","W/FINGERPRINT,NFC,SMART CARD"
90NX04V1-M00J30,B7402FBA-LA7311X,ASUS ExpertBook B7 Flip,"Work unbounded, with 5G connectivity","- 360° flip touchscreen with ASUS Pen support
- Ultralight at 1.24 kg and powered all day by a 63 Wh battery
- Smart card reader plus twin SO-DIMM slots up to 64G RAM, and a M.2 bay up to 2 TB SSD keep connected and upgrade-ready",https://drive.google.com/drive/folders/1cVPRk9-10dKbHS_DYUhNKNmpZnoG_Djy?usp=drive_link,90NX04V1-M00J30,ASUS ExpertBook B7 Flip (i7-1260P/32GB/1TB/Win 11 Pro/B7402FBA),Intel® Core™ i7-1260P 2.1 GHz,Intel Iris Xᵉ Graphics (available for Intel® Core™ i5/i7/i9 with dual channel memory),Windows 11 Pro,MICROSOFT 365 FREE TRIAL 30D,"14""",WUXGA(WU) 1920X1200 16:10,500nits,DDR5 32GB,1TB 2280 PCIE G4 (PERFORMANCE) SSD,"2x USB 3.2 Gen 2 Type-A
2x Thunderbolt™ 4, compliant with USB4, supports display / power delivery
1x mini DisplayPort
1x HDMI 2.0b
1x micro HDMI (RJ45 lan)
1x 3.5mm Combo Audio Jack
SIM card slot
Smart card reader",0.227 Kg,32.00 x 23.42 x 1.80 ~ 1.89 cm,"2x DDR5 SO-DIMM slots
1x M.2 2280 PCIe 4.0x4","Backpack
Micro HDMI to RJ45 gigabit ethernet adapter
MPP 2.0 ASUS Pen
Wireless optical mouse",63WHrs,"TYPE-C, 65W AC Adapter","W/FINGERPRINT,NFC,SMART CARD"
90NX04W1-M001J0,B5302CBA-EG7110X,ASUS ExpertBook B5,Portable power for business on the go,"- Ultralight at 1.1  kg, fitted with a FHD display covering 72% NTSC
- Full I/O: 2xThunderbolt 4, USB-A, HDMI 2.1, RJ-45 and an integrated Smart-Card reader
- Upgradable with 1 build-in and 1 SO-DIMM slots up to 40GB RAM and 2 M.2 bays up to 2TB SSD",https://drive.google.com/drive/folders/1Q0rThtF9FqsuqsougGBDHz-PHjFrE17i?usp=drive_link,90NX04W1-M001J0,ASUS ExpertBook B5 (i7-1255U/16GB/1TB/Win 11 Pro/B5302CBA),Intel® Core™ i7-1255U 1.7 GHz,Intel Iris Xᵉ Graphics (available for Intel® Core™ i5/i7/i9 with dual channel memory),Windows 11 Pro,MICROSOFT 365 FREE TRIAL 30D,"13""",FHD 1920X1080 16:9,300nits,DDR5 16GB,1TB 2280 PCIE G4 SSD,"1x USB 3.2 Gen 2 Type-A
2x Thunderbolt™ 4, compliant with USB4, supports display / power delivery
1x HDMI 2.0b
1x micro HDMI (RJ45 lan)
1x 3.5mm Combo Audio Jack",0.258 Kg,30.90 x 21.06 x 1.69 ~ 1.69 cm,"1x DDR5 SO-DIMM slots
2x M.2 2280 PCIe 4.0x4","Backpack
Micro HDMI to LAN",66WHrs,"TYPE-C, 65W AC Adapter",W/FINGERPRINT
90NX04Z1-M00E60,B9400CBA-KC7320X,ASUS ExpertBook B9,The master of lightness and power,"- 1.1kg magnesium-lithium body packs an ultra-narrow bezel 14″ FHD display and 66 Wh battery for all-day productivity
- Top-tier business-grade security with NFC login, TPM 2.0, Adaptivelock, and Kensington Nano slot
- Worry-free durability with 3-year international warranty and 24 military-grade tests passed",https://drive.google.com/drive/folders/1yggxxtITt84pOQ1T6zttjCu2HWH-7Z1L?usp=drive_link,90NX04Z1-M00E60,ASUS ExpertBook B9 (i7-1255U/32GB/2TB/Win 11 Pro/B9400CBA),Intel® Core™ i7-1255U 1.7 GHz,Intel Iris Xᵉ Graphics (available for Intel® Core™ i5/i7/i9 with dual channel memory),Windows 11 Pro,MICROSOFT 365 FREE TRIAL 30D,"14""",FHD 1920X1080 16:9(1W),400nits,LPDDR5 32GB,2TB 2280 PCIE G4 (PERFORMANCE) SSD,"1x USB 3.2 Gen 2 Type-A
2x Thunderbolt™ 4, compliant with USB4, supports display / power delivery
1x HDMI 2.0b
1x micro HDMI (RJ45 lan)
1x 3.5mm Combo Audio Jack",1.133 Kg,32.00 x 20.30 x 1.49 ~ 1.49 cm,2x M.2 2280 PCIe 4.0x4,"Micro HDMI to RJ45 gigabit ethernet adapter
Sleeve",66WHrs,"TYPE-C, 65W AC Adapter",W/FINGERPRINT
90NX0571-M00LS0,B1400CBA-EK7850X,ASUS ExpertBook B1,Primed to perform. Configured for your bussiness.,0,https://drive.google.com/drive/folders/1K5D-0tItjqLKzxRd7A6VTzYfejxI_YS-?usp=drive_link,90NX0571-M00LS0,ASUS ExpertBook B1 (i7-1255U/8GB/512GB/Win 11 Pro/B1400CBA),Intel® Core™ i7-1255U 1.7 GHz,Intel® UHD Graphics,Windows 11 Pro,MICROSOFT 365 FREE TRIAL 30D,"14""",FHD 1920X1080 16:9,220nits,DDR4 8GB,512GB 2280 PCIE G4 SSD,"1x USB 2.0 Type-A
2x USB 3.2 Gen 2 Type-A
1x Thunderbolt™ 4, compliant with USB4, supports display / power delivery
1x HDMI 1.4
1x VGA Port (D-Sub)
1x 3.5mm Combo Audio Jack
1x RJ45 Gigabit Ethernet
1x DC-in
Micro SD card reader",0.185 Kg,32.34 x 21.56 x 1.92 ~ 1.92 cm,"1x DDR4 SO-DIMM slot
1x M.2 2280 PCIe 4.0x4
1x STD 2.5” SATA HDD",Backpack,42WHrs,"ø4.5, 65W AC Adapter",W/FINGERPRINT
90NX0571-M00M60,B1400CBA-EK7150X,ASUS ExpertBook B1,Primed to perform. Configured for your bussiness.,0,0,90NX0571-M00M60,ASUS ExpertBook B1 (i7-1255U/16GB/512GB/Win 11 Pro/B1400CBA),Intel® Core™ i7-1255U 1.7 GHz,Intel Iris Xᵉ Graphics (available for Intel® Core™ i5/i7/i9 with dual channel memory),Windows 11 Pro,MICROSOFT 365 FREE TRIAL 30D,"14""",FHD 1920X1080 16:9,220nits,DDR4 16GB,512GB 2280 PCIE G4 SSD,"1x USB 2.0 Type-A
2x USB 3.2 Gen 2 Type-A
1x Thunderbolt™ 4, compliant with USB4, supports display / power delivery
1x HDMI 1.4
1x VGA Port (D-Sub)
1x 3.5mm Combo Audio Jack
1x RJ45 Gigabit Ethernet
1x DC-in
Micro SD card reader",0.185 Kg,32.34 x 21.56 x 1.92 ~ 1.92 cm,"1x DDR4 SO-DIMM slot
1x M.2 2280 PCIe 4.0x4
1x STD 2.5” SATA HDD",Backpack,42WHrs,"ø4.5, 65W AC Adapter",W/FINGERPRINT
90NX0571-M01TK0,B1400CBA-EB7111X,ASUS ExpertBook B1,Primed to perform. Configured for your bussiness.,0,0,90NX0571-M01TK0,ASUS ExpertBook B1 (i7-1255U/16GB/1TB/Win 11 Pro/B1400CBA),Intel® Core™ i7-1255U 1.7 GHz,Intel Iris Xᵉ Graphics (available for Intel® Core™ i5/i7/i9 with dual channel memory),Windows 11 Pro,MICROSOFT 365 FREE TRIAL 30D,"14""",FHD 1920X1080 16:9,250nits,DDR4 16GB,1TB 2280 PCIE G4 SSD,"1x USB 2.0 Type-A
2x USB 3.2 Gen 2 Type-A
1x Thunderbolt™ 4, compliant with USB4, supports display / power delivery
1x HDMI 1.4
1x VGA Port (D-Sub)
1x 3.5mm Combo Audio Jack
1x RJ45 Gigabit Ethernet
1x DC-in
Micro SD card reader",0.185 Kg,32.34 x 21.56 x 1.92 ~ 1.92 cm,"1x DDR4 SO-DIMM slot
1x M.2 2280 PCIe 4.0x4
1x STD 2.5” SATA HDD","Backpack
Wireless optical mouse",42WHrs,"ø4.5, 65W AC Adapter",W/FINGERPRINT
90NX0571-M01TR0,B1400CBA-EB5111X,ASUS ExpertBook B1,Primed to perform. Configured for your bussiness.,0,0,90NX0571-M01TR0,ASUS ExpertBook B1 (i5-1235U/16GB/1TB/Win 11 Pro/B1400CBA),Intel® Core™ i5-1235U 1.3 GHz,Intel Iris Xᵉ Graphics (available for Intel® Core™ i5/i7/i9 with dual channel memory),Windows 11 Pro,MICROSOFT 365 FREE TRIAL 30D,"14""",FHD 1920X1080 16:9,250nits,DDR4 16GB,1TB 2280 PCIE G4 SSD,"1x USB 2.0 Type-A
2x USB 3.2 Gen 2 Type-A
1x Thunderbolt™ 4, compliant with USB4, supports display / power delivery
1x HDMI 1.4
1x VGA Port (D-Sub)
1x 3.5mm Combo Audio Jack
1x RJ45 Gigabit Ethernet
1x DC-in
Micro SD card reader",0.185 Kg,32.34 x 21.56 x 1.92 ~ 1.92 cm,"1x DDR4 SO-DIMM slot
1x M.2 2280 PCIe 4.0x4
1x STD 2.5” SATA HDD","Backpack
Wireless optical mouse",42WHrs,"ø4.5, 65W AC Adapter",W/FINGERPRINT
90NX05J1-M004R0,B5402FBA-HY7110WS,ASUS ExpertBook B5 Gen 1,Portable power for business on the go,0,0,90NX05J1-M004R0,ASUS ExpertBook B5 Gen 1 (i7-1260P/16GB/1TB/Win 11 Home/B5402FBA),Intel® Core™ i7-1260P 2.1 GHz,Intel® UHD Graphics,Windows 11 Home,OFFICE HOME&STUDENT(ID),"14""",FHD 1920X1080 16:9(1W),400nits,DDR5 16GB,1TB 2280 PCIE G4 SSD,"1x USB 2.0 Type-A
1x USB 3.2 Gen 2 Type-A
2x Thunderbolt™ 4, compliant with USB4, supports display / power delivery
1x HDMI 2.0a
1x 3.5mm Combo Audio Jack
1x RJ45 Gigabit Ethernet
Micro SD card reader",0.227 Kg,32.34 x 22.31 x 1.79 ~ 1.80 cm,"1x DDR5 SO-DIMM slots
1x M.2 2280 PCIe 3.0x4
1x M.2 2280 PCIe 4.0x4","Backpack
MPP 2.0 garaged stylus",63WHrs,"TYPE-C, 65W AC Adapter",W/FINGERPRINT
90NX05J1-M004S0,B5402FBA-HY7110X,ASUS ExpertBook B5 Gen 1,Portable power for business on the go,0,0,90NX05J1-M004S0,ASUS ExpertBook B5 Gen 1 (i7-1260P/16GB/1TB/Win 11 Pro/B5402FBA),Intel® Core™ i7-1260P 2.1 GHz,Intel® UHD Graphics,Windows 11 Pro,MICROSOFT 365 FREE TRIAL 30D,"14""",FHD 1920X1080 16:9(1W),400nits,DDR5 16GB,1TB 2280 PCIE G4 SSD,"1x USB 2.0 Type-A
1x USB 3.2 Gen 2 Type-A
2x Thunderbolt™ 4, compliant with USB4, supports display / power delivery
1x HDMI 2.0a
1x 3.5mm Combo Audio Jack
1x RJ45 Gigabit Ethernet
Micro SD card reader",0.227 Kg,32.34 x 22.31 x 1.79 ~ 1.80 cm,"1x DDR5 SO-DIMM slots
1x M.2 2280 PCIe 3.0x4
1x M.2 2280 PCIe 4.0x4","Backpack
MPP 2.0 garaged stylus",63WHrs,"TYPE-C, 65W AC Adapter",W/FINGERPRINT
90NX05M1-M002Y0,B5402CBA-KI7110X,ASUS ExpertBook B5 Gen 1,Portable power for business on the go,0,0,90NX05M1-M002Y0,ASUS ExpertBook B5 Gen 1 (i7-1260P/16GB/1TB/Win 11 Pro/B5402CBA),Intel® Core™ i7-1260P 2.1 GHz,Intel Iris Xᵉ Graphics (available for Intel® Core™ i5/i7/i9 with dual channel memory),Windows 11 Pro,MICROSOFT 365 FREE TRIAL 30D,"14""",FHD 1920X1080 16:9,400nits,DDR5 16GB,1TB 2280 PCIE G4 SSD,"1x USB 2.0 Type-A
1x USB 3.2 Gen 2 Type-A
2x Thunderbolt™ 4, compliant with USB4, supports display / power delivery
1x HDMI 2.0a
1x 3.5mm Combo Audio Jack
1x RJ45 Gigabit Ethernet
Micro SD card reader",0.227 Kg,32.34 x 22.31 x 1.79 ~ 1.80 cm,"1x DDR5 SO-DIMM slots
1x M.2 2280 PCIe 3.0x4
1x M.2 2280 PCIe 4.0x4",Backpack,63WHrs,"TYPE-C, 65W AC Adapter",W/FINGERPRINT
90NX05V1-M04CZ0,B1402CBA-NK3852WS,ASUS ExpertBook B1,Primed to perform. Configured for your bussiness.,"- Full-Function USB-C — power and display through one port, alongside HDMI, RJ-45, and USB-A
- Easy upgrades: 1 onboard + 1 SO-DIMM up to 48 GB and PCIe 4.0 M.2 up to 2 TB
- Worry-Free Durability with 3-Year Warranty and Military-Grade Strength",https://drive.google.com/drive/folders/1Bd3DommxNf0PsEU4jI7fX-ksSIn5bw4K?usp=drive_link,90NX05V1-M04CZ0,ASUS ExpertBook B1 (i3-1215U/DDR4/512GB/Win 11 Home/B1402CBA),Intel® Core™ i3-1215U 1.2 GHz,Intel® UHD Graphics,Windows 11 Home,OFFICE HOME&STUDENT(ID),"14""",FHD 1920X1080 16:9,250nits,8GB DDR4,512GB 2280 PCIE G4 SSD,"1x USB 2.0 Type-A
1x USB 3.2 Gen 1 Type-A
1x USB 3.2 Gen 1 Type-C support power delivery
1x USB 3.2 Gen 2 Type-C support display / power delivery
1x HDMI 1.4, up to 1920x1080p/60Hz
1x 3.5mm Combo Audio Jack
1x RJ45 Gigabit Ethernet",1.499 Kg,32.69 x 21.45 x 1.99 ~ 1.99 cm,"1x DDR4 SO-DIMM slot
1x M.2 2280 PCIe 4.0x4",Backpack,42WHrs,"TYPE-C, 65W AC Adapter",W/FINGERPRINT
90NX05V1-M04D10,B1402CBA-NK5852WS,ASUS ExpertBook B1,Primed to perform. Configured for your bussiness.,"- Full-Function USB-C — power and display through one port, alongside HDMI, RJ-45, and USB-A
- Easy upgrades: 1 onboard + 1 SO-DIMM up to 48 GB and PCIe 4.0 M.2 up to 2 TB
- Worry-Free Durability with 3-Year Warranty and Military-Grade Strength",https://drive.google.com/drive/folders/1X1ttx9BIbq1_ZwUASoE0V5Ar9dw5vSJo?usp=drive_link,90NX05V1-M04D10,ASUS ExpertBook B1 (i5-1235U/DDR4/512GB/Win 11 Home/B1402CBA),Intel® Core™ i5-1235U 1.3 GHz,Intel® UHD Graphics,Windows 11 Home,OFFICE HOME&STUDENT(ID),"14""",FHD 1920X1080 16:9,250nits,8GB DDR4,512GB 2280 PCIE G4 SSD,"1x USB 2.0 Type-A
1x USB 3.2 Gen 1 Type-A
1x USB 3.2 Gen 1 Type-C support power delivery
1x USB 3.2 Gen 2 Type-C support display / power delivery
1x HDMI 1.4, up to 1920x1080p/60Hz
1x 3.5mm Combo Audio Jack
1x RJ45 Gigabit Ethernet",1.499 Kg,32.69 x 21.45 x 1.99 ~ 1.99 cm,"1x DDR4 SO-DIMM slot
1x M.2 2280 PCIe 4.0x4",Backpack,42WHrs,"TYPE-C, 65W AC Adapter",W/FINGERPRINT
90NX05V1-M04D20,B1402CBA-NK7852WS,ASUS ExpertBook B1,Primed to perform. Configured for your bussiness.,"- Full-Function USB-C — power and display through one port, alongside HDMI, RJ-45, and USB-A
- Easy upgrades: 1 onboard + 1 SO-DIMM up to 48 GB and PCIe 4.0 M.2 up to 2 TB
- Worry-Free Durability with 3-Year Warranty and Military-Grade Strength",https://drive.google.com/drive/folders/1shEl5F4vtNfqY-0r2xuASQ40N9-H7jnX?usp=drive_link,90NX05V1-M04D20,ASUS ExpertBook B1 (i7-1255U/DDR4/512GB/Win 11 Home/B1402CBA),Intel® Core™ i7-1255U 1.7 GHz,Intel® UHD Graphics,Windows 11 Home,OFFICE HOME&STUDENT(ID),"14""",FHD 1920X1080 16:9,250nits,8GB DDR4,512GB 2280 PCIE G4 SSD,"1x USB 2.0 Type-A
1x USB 3.2 Gen 1 Type-A
1x USB 3.2 Gen 1 Type-C support power delivery
1x USB 3.2 Gen 2 Type-C support display / power delivery
1x HDMI 1.4, up to 1920x1080p/60Hz
1x 3.5mm Combo Audio Jack
1x RJ45 Gigabit Ethernet",1.499 Kg,32.69 x 21.45 x 1.99 ~ 1.99 cm,"1x DDR4 SO-DIMM slot
1x M.2 2280 PCIe 4.0x4",Backpack,42WHrs,"TYPE-C, 65W AC Adapter",W/FINGERPRINT
90NX05V1-M04JL0,B1402CBA-NK5853WS,ASUS ExpertBook B1,Primed to perform. Configured for your bussiness.,0,0,90NX05V1-M04JL0,ASUS ExpertBook B1 (i5-1235U/DDR4/512GB/Win 11 Home/B1402CBA),Intel® Core™ i5-1235U 1.3 GHz,Intel® UHD Graphics,Windows 11 Home,OFFICE HOME&STUDENT(ID),"14""",FHD 1920X1080 16:9,250nits,8GB DDR4,512GB 2280 PCIE G4 SSD,"1x USB 2.0 Type-A
1x USB 3.2 Gen 1 Type-A
1x USB 3.2 Gen 1 Type-C support power delivery
1x USB 3.2 Gen 2 Type-C support display / power delivery
1x HDMI 1.4, up to 1920x1080p/60Hz
1x 3.5mm Combo Audio Jack
1x RJ45 Gigabit Ethernet",1.499 Kg,32.69 x 21.45 x 1.99 ~ 1.99 cm,"1x DDR4 SO-DIMM slot
1x M.2 2280 PCIe 4.0x4",0,42WHrs,"TYPE-C, 65W AC Adapter",W/FINGERPRINT
90NX05V1-M04S10,B1402CBA-NK4149X,ASUS ExpertBook B1,Primed to perform. Configured for your bussiness.,0,0,90NX05V1-M04S10,ASUS ExpertBook B1 (i5-1235U/DDR4/512GB/Win 11 Pro/B1402CBA),Intel® Core™ i5-1235U 1.3 GHz,Intel® UHD Graphics,Windows 11 Pro,M365 FREE TRIAL 30D(WW),"14""",FHD 1920X1080 16:9,250nits,16GB DDR4,512GB 2280 PCIE G4 SSD,"1x USB 2.0 Type-A
1x USB 3.2 Gen 1 Type-A
1x USB 3.2 Gen 1 Type-C support power delivery
1x USB 3.2 Gen 2 Type-C support display / power delivery
1x HDMI 1.4, up to 1920x1080p/60Hz
1x 3.5mm Combo Audio Jack
1x RJ45 Gigabit Ethernet",1.499 Kg,32.69 x 21.45 x 1.99 ~ 1.99 cm,"1x DDR4 SO-DIMM slot
1x M.2 2280 PCIe 4.0x4","Backpack
Wireless optical mouse",42WHrs,"TYPE-C, 65W AC Adapter",W/FINGERPRINT
90NX05W1-M01JM0,B9403CVAR-KM7310X,ASUS ExpertBook B9 OLED,The epitome of sustainable excellence,"- 0.98 kg magnesium-lithium packs a 14″ 3K OLED and 63 Wh battery for all-day productivity
- Toppest business-grade security with NFC login, TPM 2.0, remote lock, and Nano slot
- Worry-free durability with 3-year international warranty and 24 military-grade tests passed",https://drive.google.com/drive/folders/1MvV_Vh93wLx0jRn0iXCBbS1T_5Efk8wi?usp=drive_link,90NX05W1-M01JM0,ASUS ExpertBook B9 OLED (Core 7 150U/32GB/1TB/Win 11 Pro/B9403CVAR),Intel® Core™ 7 150U 1.8 GHz,Intel® Graphics,Windows 11 Pro,1-month trial for new Microsoft 365 customers. Credit card required.,Not Found,WQXGA+ (2880 x 1800) 16:10,400nits,LPDDR5X 32GB,1TB M.2 2280 NVMe™ PCIe® 4.0 Performance SSD,"1x USB 3.2 Gen 2 Type-A
2x Thunderbolt™ 4, compliant with USB4, support display / power delivery
1x micro HDMI (RJ45 lan)
1x HDMI 2.1 TMDS
1x 3.5mm Combo Audio Jack",0.98 kg (2.16 lbs),31.10 x 21.50 x 1.57 ~ 1.69 cm,1x M.2 2280 PCIe 4.0x4,"Micro HDMI to RJ45 gigabit ethernet adapter
Sleeve
Wireless optical mouse",63WHrs,"TYPE-C, 65W AC Adapter",FingerPrint
90NX05W1-M02E20,B9403CVAR-KM7311X,ASUS ExpertBook B9 OLED,The epitome of sustainable excellence,"- 0.9kg magnesium-lithium body packs an ultra-narrow bezel 14″ 3K OLED and 63 Wh battery for all-day productivity
- Top-tier business-grade security with NFC login, TPM 2.0, Adaptivelock, and Kensington Nano slot
- Worry-free durability with 3-year international warranty and 28 military-grade tests passed",https://drive.google.com/drive/folders/1bDr0F2oUA9L4khFDBcsBh9hAQk4GqMM8?usp=drive_link,90NX05W1-M02E20,ASUS ExpertBook B9 OLED (Core 7 150U/32GB/1TB/Win 11 Pro/B9403CVAR),Intel® Core™ 7 150U 1.8 GHz,Intel® Graphics,Windows 11 Pro,M365 FREE TRIAL 30D(WW),"14""",WQXGA+(WQ+) 2880X1800 16:10,400nits(HDR),LPDDR5X 32GB,1TB 2280 PCIE G4 (PERFORMANCE) SSD,"1x USB 3.2 Gen 2 Type-A
2x Thunderbolt™ 4, compliant with USB4, supports display / power delivery
1x micro HDMI (RJ45 lan)
1x HDMI 2.1 TMDS
1x 3.5mm Combo Audio Jack",0.966 Kg,31.10 x 21.50 x 1.57 ~ 1.69 cm,1x M.2 2280 PCIe 4.0x4,"Micro HDMI to RJ45 gigabit ethernet adapter
Sleeve
Wireless optical mouse",63WHrs,"TYPE-C, 65W AC Adapter","W/FINGERPRINT,NFC"
90NX06R1-M00KH0,B5404CMA-QN7110X,ASUS ExpertBook B5 Gen 2,"Business excellence, anywhere you work","- Ultralight at 1.34kg yet fitted with a 2.5K 120 Hz display covering 100% DCI-P3
- Full I/O: 2 Thunderbolt 4, USB-A, HDMI 2.1, RJ-45 and an integrated Smart-Card reader
- Upgradable with 2 DDR5 SO-DIMM slots and 2 M.2 bays scale to 64 GB RAM",https://drive.google.com/drive/folders/1EgvVvUjw6W5_It2M5C-nQmRr1VHt_zSU?usp=drive_link,90NX06R1-M00KH0,ASUS ExpertBook B5 Gen 2 (U7 155H/16GB/1TB/Win 11 Pro/B5404CMA),"Intel vPro® Essentials with Intel® Core™ Ultra 7 processor 155H 1.4 GHz 
 Intel® AI Boost NPU",Intel® Graphics,Windows 11 Pro,M365 FREE TRIAL 30D(WW),"14""",WQXGA(WQ) 2560x1600 16:10,500nits(HDR),DDR5 16GB,1TB 2280 PCIE G4 SSD,"2x USB 3.2 Gen 2 Type-A
2x Thunderbolt™ 4, compliant with USB4, supports display / power delivery
1x HDMI 2.1 TMDS
1x 3.5mm Combo Audio Jack
1x RJ45 Gigabit Ethernet
Smart card reader",1.342 Kg,31.37 x 22.68 x 1.89 ~ 1.90 cm,"2x DDR5 SO-DIMM slots
1x M.2 2230 PCIe 4.0x4
1x M.2 2280 PCIe 4.0x4",Backpack,63WHrs,"TYPE-C, 65W AC Adapter","W/FINGERPRINT,SMART CARD"
90NX06R1-M00KJ0,B5404CMA-QN5150X,ASUS ExpertBook B5 Gen 2,"Business excellence, anywhere you work","- Ultralight at 1.34kg yet fitted with a 2.5K 120 Hz display covering 100% DCI-P3
- Full I/O: 2 Thunderbolt 4, USB-A, HDMI 2.1, RJ-45 and an integrated Smart-Card reader
- Upgradable with 2 DDR5 SO-DIMM slots and 2 M.2 bays scale to 64 GB RAM",https://drive.google.com/drive/folders/1e2JEFqv0r_KZrGgUj3HnyZqthTm50lbP?usp=drive_link,90NX06R1-M00KJ0,ASUS ExpertBook B5 Gen 2 (U5 125H/16GB/512GB/Win 11 Pro/B5404CMA),"Intel vPro® Essentials with Intel® Core™ Ultra 5 processor 125H 1.2 GHz 
 Intel® AI Boost NPU",Intel® Graphics,Windows 11 Pro,M365 FREE TRIAL 30D(WW),"14""",WQXGA(WQ) 2560x1600 16:10,500nits(HDR),DDR5 16GB,512GB 2280 PCIE G4 SSD,"2x USB 3.2 Gen 2 Type-A
2x Thunderbolt™ 4, compliant with USB4, supports display / power delivery
1x HDMI 2.1 TMDS
1x 3.5mm Combo Audio Jack
1x RJ45 Gigabit Ethernet
Smart card reader",1.342 Kg,31.37 x 22.68 x 1.89 ~ 1.90 cm,"2x DDR5 SO-DIMM slots
1x M.2 2230 PCIe 4.0x4
1x M.2 2280 PCIe 4.0x4",Backpack,63WHrs,"TYPE-C, 65W AC Adapter","W/FINGERPRINT,SMART CARD"
90NX06V1-M000L0,B1402CBA_ID-NK7850X,ASUS ExpertBook B1,Primed to perform. Configured for your bussiness.,0,0,90NX06V1-M000L0,ASUS ExpertBook B1 (i7-1255U/8GB/512GB/Win 11 Pro/B1402CBA_ID),Intel® Core™ i7-1255U 1.7 GHz,Intel® UHD Graphics,Windows 11 Pro,M365 FREE TRIAL 30D(WW),"14""",FHD 1920X1080 16:9,250nits,DDR4 8GB,512GB 2280 PCIE G4 SSD,"1x USB 2.0 Type-A
1x USB 3.2 Gen 1 Type-A
1x USB 3.2 Gen 1 Type-C support power delivery
1x USB 3.2 Gen 2 Type-C support display / power delivery
1x HDMI 1.4, up to 1920x1080p/60Hz
1x 3.5mm Combo Audio Jack
1x RJ45 Gigabit Ethernet",1.499 Kg,32.69 x 21.45 x 1.99 ~ 1.99 cm,"1x DDR4 SO-DIMM slot
1x M.2 2280 PCIe 4.0x4","Backpack
Carry bag
USB-C to USB-C cable",42WHrs,"TYPE-C, 65W AC Adapter",W/FINGERPRINT
90NX06W1-M02TF0,B1402CVA-NK7110X,ASUS ExpertBook B1,Primed to perform. Configured for your bussiness.,"- Full I/O: dual USB-C (PD/DP), HDMI, RJ-45, twin USB-A—one cable powers and displays
- Easy upgrades: 1 SO-DIMM to 24 GB and PCIe 4.0 M.2 for larger SSD
- Worry-free durability: passes 24 Military-Grade tests and comes with a 3-year warranty",https://drive.google.com/drive/folders/1tUN4jawNoFVaGUxg-Xre5eMyGJA23BIY?usp=drive_link,90NX06W1-M02TF0,ASUS ExpertBook B1 (i7-1355U/DDR4/1TB/Win 11 Pro/B1402CVA),Intel® Core™ i7-1355U 1.7 GHz,Intel® UHD Graphics,Windows 11 Pro,M365 FREE TRIAL 30D(WW),"14""",FHD 1920X1080 16:9,250nits,16GB DDR4,1TB 2280 PCIE G4 SSD,"1x USB 2.0 Type-A
1x USB 3.2 Gen 1 Type-A
1x USB 3.2 Gen 1 Type-C support power delivery
1x USB 3.2 Gen 2 Type-C support display / power delivery
1x HDMI 1.4, up to 1920x1080p/60Hz
1x 3.5mm Combo Audio Jack
1x RJ45 Gigabit Ethernet",1.469 Kg,32.69 x 21.45 x 1.99 ~ 1.99 cm,"1x DDR4 SO-DIMM slot
1x M.2 2280 PCIe 4.0x4",Not included,42WHrs,"TYPE-C, 65W AC Adapter",W/FINGERPRINT
90NX06W1-M03LU0,B1402CVA-NK3851X,ASUS ExpertBook B1,Primed to perform. Configured for your bussiness.,"- Full I/O: dual USB-C (PD/DP), HDMI, RJ-45, twin USB-A—one cable powers and displays
- Easy upgrades: 1 SO-DIMM to 24 GB and PCIe 4.0 M.2 for larger SSD
- Worry-free durability: passes 24 Military-Grade tests and comes with a 3-year warranty",https://drive.google.com/drive/folders/15zHeDw4ISuM3zzZ9xBVf3NPk-cy0Juha?usp=drive_link,90NX06W1-M03LU0,ASUS ExpertBook B1 (i3-1315U/DDR4/512GB/Win 11 Pro/B1402CVA),Intel® Core™ i3-1315U 1.2 GHz,Intel® UHD Graphics,Windows 11 Pro,M365 FREE TRIAL 30D(WW),"14""",FHD 1920X1080 16:9,250nits,8GB DDR4,512GB 2280 PCIE G4 SSD,"1x USB 2.0 Type-A
1x USB 3.2 Gen 1 Type-A
1x USB 3.2 Gen 1 Type-C support power delivery
1x USB 3.2 Gen 2 Type-C support display / power delivery
1x HDMI 1.4, up to 1920x1080p/60Hz
1x 3.5mm Combo Audio Jack
1x RJ45 Gigabit Ethernet",1.469 Kg,32.69 x 21.45 x 1.99 ~ 1.99 cm,"1x DDR4 SO-DIMM slot
1x M.2 2280 PCIe 4.0x4",Backpack,42WHrs,"TYPE-C, 65W AC Adapter",W/FINGERPRINT
90NX06W1-M03LV0,B1402CVA-NK5151X,ASUS ExpertBook B1,Primed to perform. Configured for your bussiness.,0,0,90NX06W1-M03LV0,ASUS ExpertBook B1 (i5-1335U/DDR4/512GB/Win 11 Pro/B1402CVA),Intel® Core™ i5-1335U 1.3GHz,Intel® UHD Graphics,Windows 11 Pro,M365 FREE TRIAL 30D(WW),"14""",FHD 1920X1080 16:9,250nits,16GB DDR4,512GB 2280 PCIE G4 SSD,"1x USB 2.0 Type-A
1x USB 3.2 Gen 1 Type-A
1x USB 3.2 Gen 1 Type-C support power delivery
1x USB 3.2 Gen 2 Type-C support display / power delivery
1x HDMI 1.4, up to 1920x1080p/60Hz
1x 3.5mm Combo Audio Jack
1x RJ45 Gigabit Ethernet",1.469 Kg,32.69 x 21.45 x 1.99 ~ 1.99 cm,"1x DDR4 SO-DIMM slot
1x M.2 2280 PCIe 4.0x4",Backpack,42WHrs,"TYPE-C, 65W AC Adapter",W/FINGERPRINT
90NX06W1-M03LW0,B1402CVA-NK7111X,ASUS ExpertBook B1,Primed to perform. Configured for your bussiness.,"- Full-Function USB-C — power and display through one port, alongside HDMI, RJ-45, and USB-A
- Easy upgrades: 1 SO-DIMM to 24 GB and PCIe 4.0 M.2 for larger SSD
- Worry-free durability: passes 24 Military-Grade tests and comes with a 3-year warranty",https://drive.google.com/drive/folders/13RN3KkHdAMT7bTY83r5ETygB3deJz61U?usp=drive_link,90NX06W1-M03LW0,ASUS ExpertBook B1 (i7-1355U/DDR4/1TB/Win 11 Pro/B1402CVA),Intel® Core™ i7-1355U 1.7 GHz,Intel® UHD Graphics,Windows 11 Pro,M365 FREE TRIAL 30D(WW),"14""",FHD 1920X1080 16:9,250nits,16GB DDR4,1TB 2280 PCIE G4 SSD,"1x USB 2.0 Type-A
1x USB 3.2 Gen 1 Type-A
1x USB 3.2 Gen 1 Type-C support power delivery
1x USB 3.2 Gen 2 Type-C support display / power delivery
1x HDMI 1.4, up to 1920x1080p/60Hz
1x 3.5mm Combo Audio Jack
1x RJ45 Gigabit Ethernet",1.469 Kg,32.69 x 21.45 x 1.99 ~ 1.99 cm,"1x DDR4 SO-DIMM slot
1x M.2 2280 PCIe 4.0x4",Backpack,42WHrs,"TYPE-C, 65W AC Adapter",W/FINGERPRINT
90NX06Z1-M008V0,B3404CVF-Q57111X,ASUS ExpertBook B3,Configured to advance your business with AI,"- Full I/O with All-Day Battery: Thunderbolt 4, HDMI, RJ-45 + 13 hrs use and 50% fast charge in 39 mins
- Strong with RTX 2050 graphics and easy upgrades via 2 SO-DIMM to 32 GB RAM and 1TB SSD
- Worry-free durability: passes 23 military-grade tests and comes with a 3-year warranty",https://drive.google.com/drive/folders/1e4Q-Lp-rroRSoZqtqbryAvoavD1FZS-Q?usp=drive_link,90NX06Z1-M008V0,ASUS ExpertBook B3 (i7-1355U/DDR5/1TB/RTX 2050/Win 11 Pro/B3404CVF),Intel® Core™ i7-1355U 1.7 GHz,NVIDIA® GeForce® RTX 2050 ( 4GB GDDR6 ),Windows 11 Pro,M365 FREE TRIAL 30D(WW),"14""",WUXGA(WU) 1920X1200 16:10,300nits,16GB DDR5,1TB 2280 PCIE G4 SSD,"1x USB 3.2 Gen 2 Type-C support power delivery
2x USB 3.2 Gen 2 Type-A
1x Thunderbolt™ 4, compliant with USB4, supports display / power delivery
1x HDMI 2.1 TMDS
1x 3.5mm Combo Audio Jack
1x RJ45 Gigabit Ethernet",1.632 Kg,31.37 x 22.68 x 2.39 ~ 2.39 cm,"2x DDR5 SO-DIMM slots
1x M.2 2280 PCIe 4.0x4",Backpack,63WHrs,"TYPE-C, 90W AC Adapter",W/FINGERPRINT
90NX06Z1-M00HE0,B3404CVF-Q55150X,ASUS ExpertBook B3,Configured to advance your business with AI,0,https://drive.google.com/drive/folders/1bvv0MJxFbXP8aFEu-uh1Z9KZHSctxbL9?usp=drive_link,90NX06Z1-M00HE0,ASUS ExpertBook B3 (i5-1335U/DDR5/512GB/RTX 2050/Win 11 Pro/B3404CVF),Intel® Core™ i5-1335U 1.3GHz,NVIDIA® GeForce® RTX 2050 ( 4GB GDDR6 ),Windows 11 Pro,M365 FREE TRIAL 30D(WW),"14""",WUXGA(WU) 1920X1200 16:10,300nits,16GB DDR5,512GB 2280 PCIE G4 SSD,"1x USB 3.2 Gen 2 Type-C support power delivery
2x USB 3.2 Gen 2 Type-A
1x Thunderbolt™ 4, compliant with USB4, supports display / power delivery
1x HDMI 2.1 TMDS
1x 3.5mm Combo Audio Jack
1x RJ45 Gigabit Ethernet",1.632 Kg,31.37 x 22.68 x 2.39 ~ 2.39 cm,"2x DDR5 SO-DIMM slots
1x M.2 2280 PCIe 4.0x4",Backpack,63WHrs,"TYPE-C, 90W AC Adapter",W/FINGERPRINT
90NX07C1-M004R0,B5404CVF-QN7110X,ASUS ExpertBook B5 Gen 2,"Business excellence, anywhere you work","- Ultralight at 1.42kg, with RTX 2050 graphics and a 2.5K 120 Hz display with 100% DCI-P3
- Full I/O: 2 Thunderbolt 4, USB-A, HDMI 2.1, RJ-45 and an integrated Smart-Card reader
- Upgradable with 2 DDR5 SO-DIMM slots and 2 M.2 bays scale to 64 GB RAM",https://drive.google.com/drive/folders/1ILWve481vrPrPH64vfi3GFWMhpPWo_KF?usp=drive_link,90NX07C1-M004R0,ASUS ExpertBook B5 Gen 2 (i7-1355U/16GB/1TB/RTX 2050/Win 11 Pro/B5404CVF),Intel® Core™ i7-1355U 1.7 GHz,NVIDIA® GeForce® RTX 2050 ( 4GB GDDR6 ),Windows 11 Pro,M365 FREE TRIAL 30D(WW),"14""",WQXGA(WQ) 2560x1600 16:10,500nits(HDR),DDR5 16GB,1TB 2280 PCIE G4 SSD,"2x USB 3.2 Gen 2 Type-A
2x Thunderbolt™ 4, compliant with USB4, supports display / power delivery
1x HDMI 2.1 TMDS
1x 3.5mm Combo Audio Jack
1x RJ45 Gigabit Ethernet
Smart card reader",1.422 Kg,31.37 x 22.68 x 2.29 ~ 2.30 cm,"2x DDR5 SO-DIMM slots
1x M.2 2280 PCIe 4.0x4",Backpack,63WHrs,"TYPE-C, 90W AC Adapter","W/FINGERPRINT,SMART CARD"
90NX07C1-M004S0,B5404CVF-QN5150X,ASUS ExpertBook B5 Gen 2,"Business excellence, anywhere you work","- Ultralight at 1.42kg, with RTX 2050 graphics and a 2.5K 120 Hz display with 100% DCI-P3
- Full I/O: 2 Thunderbolt 4, USB-A, HDMI 2.1, RJ-45 and an integrated Smart-Card reader
- Upgradable with 2 DDR5 SO-DIMM slots and 2 M.2 bays scale to 64 GB RAM",https://drive.google.com/drive/folders/1Ge3NUt3-2QO6S2brsN870xTWa_vAZcOq?usp=drive_link,90NX07C1-M004S0,ASUS ExpertBook B5 Gen 2 (i5-1335U/16GB/512GB/RTX 2050/Win 11 Pro/B5404CVF),Intel® Core™ i5-1335U 1.3GHz,NVIDIA® GeForce® RTX 2050 ( 4GB GDDR6 ),Windows 11 Pro,M365 FREE TRIAL 30D(WW),"14""",WQXGA(WQ) 2560x1600 16:10,500nits(HDR),DDR5 16GB,512GB 2280 PCIE G4 SSD,"2x USB 3.2 Gen 2 Type-A
2x Thunderbolt™ 4, compliant with USB4, supports display / power delivery
1x HDMI 2.1 TMDS
1x 3.5mm Combo Audio Jack
1x RJ45 Gigabit Ethernet
Smart card reader",1.422 Kg,31.37 x 22.68 x 2.29 ~ 2.30 cm,"2x DDR5 SO-DIMM slots
1x M.2 2280 PCIe 4.0x4",Backpack,63WHrs,"TYPE-C, 90W AC Adapter","W/FINGERPRINT,SMART CARD"
90NX07D1-M00JY0,B3404CVA-Q55850X,ASUS ExpertBook B3,Configured to advance your business with AI,"- Full I/O with All-Day Battery: Thunderbolt 4, HDMI, RJ-45 + 13 hrs use and 50% fast charge in 39 mins
- Easy upgrades: supports up to 32GB RAM via 2 SO-DIMM slots and 1TB SSD via M.2 slot
- Worry-free durability: passes 23 military-grade tests and comes with a 3-year warranty",https://drive.google.com/drive/folders/1jiNVmb6WDeFaQhAFLuFh336LY6LZS3wc?usp=drive_link,90NX07D1-M00JY0,ASUS ExpertBook B3 (i5-1335U/DDR5/512GB/Win 11 Pro/B3404CVA),Intel® Core™ i5-1335U 1.3GHz,Intel® UHD Graphics,Windows 11 Pro,M365 FREE TRIAL 30D(WW),"14""",WUXGA(WU) 1920X1200 16:10,300nits,8GB DDR5,512GB 2280 PCIE G4 SSD,"1x USB 3.2 Gen 2 Type-C support power delivery
2x USB 3.2 Gen 2 Type-A
1x Thunderbolt™ 4, compliant with USB4, supports display / power delivery
1x HDMI 2.1 TMDS
1x 3.5mm Combo Audio Jack
1x RJ45 Gigabit Ethernet",1.542 Kg,31.37 x 22.68 x 1.99 ~ 1.99 cm,"2x DDR5 SO-DIMM slots
1x M.2 2280 PCIe 4.0x4",Not included,63WHrs,"TYPE-C, 65W AC Adapter",W/FINGERPRINT
90NX07D1-M00YK0,B3404CVA-Q57150X,ASUS ExpertBook B3,Configured to advance your business with AI,0,https://drive.google.com/drive/folders/1tiA8MbIkwhAMDOXbgGiERuWeVWvq--4e?usp=drive_link,90NX07D1-M00YK0,ASUS ExpertBook B3 (i7-1355U/DDR5/512GB/Win 11 Pro/B3404CVA),Intel® Core™ i7-1355U 1.7 GHz,Intel® UHD Graphics,Windows 11 Pro,M365 FREE TRIAL 30D(WW),"14""",WUXGA(WU) 1920X1200 16:10,300nits,16GB DDR5,512GB 2280 PCIE G4 SSD,"1x USB 3.2 Gen 2 Type-C support power delivery
2x USB 3.2 Gen 2 Type-A
1x Thunderbolt™ 4, compliant with USB4, supports display / power delivery
1x HDMI 2.1 TMDS
1x 3.5mm Combo Audio Jack
1x RJ45 Gigabit Ethernet",1.542 Kg,31.37 x 22.68 x 1.99 ~ 1.99 cm,"2x DDR5 SO-DIMM slots
1x M.2 2280 PCIe 4.0x4",Not included,63WHrs,"TYPE-C, 65W AC Adapter",W/FINGERPRINT
90NX07K1-M00050,BG1408CVA-EB7150X,ASUS ExpertBook BG1,Trusted by IT Experts. Built for Worry-Free Business.,"- Dual USB-C (PD/DP) with RJ-45, HDMI, USB-A—one cable powers and displays
- Tool-less access to an open SO-DIMM and M.2 slot enables rapid RAM or SSD upgrades
- 3-year warranty plus MIL-STD-810H toughness ensure built-in long-term reliability",https://drive.google.com/drive/folders/19BWzD60diPJdw9tDwM4rLliwt4sTsrit?usp=drive_link,90NX07K1-M00050,ASUS ExpertBook BG1 (i7-1355U/16GB/512GB/Win 11 Pro/BG1408CVA),Intel® Core™ i7-1355U 1.7 GHz,Intel® UHD Graphics,Windows 11 Pro,M365 FREE TRIAL 30D(WW),"14""",FHD 1920X1080 16:9,250nits,DDR4 16GB,512GB 2280 PCIE G4 SSD,"1x USB 2.0 Type-A
1x USB 3.2 Gen 1 Type-A
1x USB 3.2 Gen 1 Type-C support power delivery
1x USB 3.2 Gen 2 Type-C support display / power delivery
1x HDMI 1.4, up to 1920x1080p/60Hz
1x 3.5mm Combo Audio Jack
1x RJ45 Gigabit Ethernet",1.469 Kg,32.69 x 21.45 x 1.99 ~ 1.99 cm,"1x DDR4 SO-DIMM slot
1x M.2 2280 PCIe 4.0x4","Backpack
Carry bag
USB-C to USB-C cable",42WHrs,"TYPE-C, 65W AC Adapter",W/FINGERPRINT
90NX07K1-M000J0,BG1408CVA-EB7150X,ASUS ExpertBook BG1,Trusted by IT Experts. Built for Worry-Free Business.,"- Dual USB-C (PD/DP) with RJ-45, HDMI, USB-A—one cable powers and displays
- Tool-less access to an open SO-DIMM and M.2 slot enables rapid RAM or SSD upgrades
- 3-year warranty plus MIL-STD-810H toughness ensure built-in long-term reliability",https://drive.google.com/drive/folders/19BWzD60diPJdw9tDwM4rLliwt4sTsrit?usp=drive_link,90NX07K1-M000J0,ASUS ExpertBook BG1 (i7-1355U/16GB/512GB/Win 11 Pro/BG1408CVA),Intel® Core™ i7-1355U 1.7 GHz,Intel Iris Xᵉ Graphics (available for Intel® Core™ i5/i7/i9 with dual channel memory),Windows 11 Pro,M365 FREE TRIAL 30D(WW),"14""",FHD 1920X1080 16:9,250nits,DDR4 16GB,512GB 2280 PCIE G4 SSD,"1x USB 2.0 Type-A
1x USB 3.2 Gen 1 Type-A
1x USB 3.2 Gen 1 Type-C support power delivery
1x USB 3.2 Gen 2 Type-C support display / power delivery
1x HDMI 1.4, up to 1920x1080p/60Hz
1x 3.5mm Combo Audio Jack
1x RJ45 Gigabit Ethernet",1.469 Kg,32.69 x 21.45 x 1.99 ~ 1.99 cm,"1x DDR4 SO-DIMM slot
1x M.2 2280 PCIe 4.0x4","Backpack
Carry bag
USB-C to USB-C cable",42WHrs,"TYPE-C, 65W AC Adapter",W/FINGERPRINT
90NX07N1-M00K40,B3402FVA-EC5851WS,ASUS ExpertBook B3,Configured to advance your business with AI,0,https://drive.google.com/drive/folders/1gcViQTUKuFSk7yNAit6NUDQKLkNsNvGI?usp=drive_link,90NX07N1-M00K40,ASUS ExpertBook B3 (i5-1335U/DDR4/512GB/Win 11 Home/B3402FVA),Intel® Core™ i5-1335U 1.3GHz,Intel® UHD Graphics,Windows 11 Home,OFFICE HOME&STUDENT(ID),"14""",FHD 1920X1080 16:9,250nits,8GB DDR4,512GB 2280 PCIE G4 SSD,"2x USB 3.2 Gen 1 Type-A
2x Thunderbolt™ 4, compliant with USB4, supports display / power delivery
1x HDMI 2.1 TMDS
1x 3.5mm Combo Audio Jack
1x RJ45 Gigabit Ethernet",1.612 Kg,32.90 x 22.39 x 1.92 ~ 1.95 cm,1x M.2 2280 PCIe 4.0x4,"Carry bag
MPP 2.0 garaged stylus",50WHrs,"TYPE-C, 65W AC Adapter",W/FINGERPRINT
90NX07N1-M00U20,B3402FVA-EC7150X,ASUS ExpertBook B3,Configured to advance your business with AI,0,https://drive.google.com/drive/folders/1QK29oIDAhNrKsBxGLEc8hzEIurZYINPr?usp=drive_link,90NX07N1-M00U20,ASUS ExpertBook B3 (i7-1355U/DDR4/512GB/Win 11 Pro/B3402FVA),Intel® Core™ i7-1355U 1.7 GHz,Intel Iris Xᵉ Graphics (available for Intel® Core™ i5/i7/i9 with dual channel memory),Windows 11 Pro,M365 FREE TRIAL 30D(WW),"14""",FHD 1920X1080 16:9,250nits,16GB DDR4,512GB 2280 PCIE G4 SSD,"2x USB 3.2 Gen 1 Type-A
2x Thunderbolt™ 4, compliant with USB4, supports display / power delivery
1x HDMI 2.1 TMDS
1x 3.5mm Combo Audio Jack
1x RJ45 Gigabit Ethernet
Micro SD card reader + SIM card slot",1.612 Kg,32.90 x 22.39 x 1.92 ~ 1.95 cm,1x M.2 2280 PCIe 4.0x4,"Carry bag
MPP 2.0 garaged stylus",50WHrs,"TYPE-C, 65W AC Adapter",W/FINGERPRINT
90NX07P2-M00MA0,CX3402CVA-PQ3820,ASUS Chromebook Plus CX34,"Every experience, stepped up","-  180° Lay-Flat Touchscreen with Stylus Support for Flexible Learning and Work
- Ultra-Light 1.4kg Design in Elegant AI Blue with Dual-Tapered Edges
- Worry-free durability with 3-year international warranty and 24 military-grade tests passed",0,90NX07P2-M00MA0,ASUS Chromebook Plus CX34 (i3-1315U/8GB/256GB/ChromeOS/CX3402CVA),Intel® Core™ i3-1315U 1.2 GHz,Intel® UHD Graphics,ChromeOS,,"14""",FHD 1920X1080 16:9(1.5W),250nits,LPDDR5X 8GB,256GB UFS,"2x USB 3.2 Gen 1 Type-A
2x USB 3.2 Gen 1 Type-C support display / power delivery
1x HDMI 1.4
1x 3.5mm Combo Audio Jack",1.432 Kg,32.64 x 21.43 x 1.87 ~ 1.87 cm,No expansion slot,Not included,50WHrs,"TYPE-C, 45W AC Adapter",
90NX07P2-M00MB0,CX3402CVA-PQ5820,ASUS Chromebook Plus CX34,"Every experience, stepped up","-  180° Lay-Flat Touchscreen with Stylus Support for Flexible Learning and Work
- Ultra-Light 1.4kg Design in Elegant AI Blue with Dual-Tapered Edges
- Worry-free durability with 3-year international warranty and 24 military-grade tests passed",0,90NX07P2-M00MB0,ASUS Chromebook Plus CX34 (i5-1334U/8GB/256GB/ChromeOS/CX3402CVA),Intel® Core™ i5-1334U 1.3 GHz,Intel® UHD Graphics,ChromeOS,,"14""",FHD 1920X1080 16:9(1.5W),250nits,LPDDR5X 8GB,256GB UFS,"2x USB 3.2 Gen 1 Type-A
2x USB 3.2 Gen 1 Type-C support display / power delivery
1x HDMI 1.4
1x 3.5mm Combo Audio Jack",1.432 Kg,32.64 x 21.43 x 1.87 ~ 1.87 cm,No expansion slot,Not included,50WHrs,"TYPE-C, 45W AC Adapter",
90NX07P2-M01170,CX3402CVA-PQ5150,ASUS Chromebook Plus CX34,"Every experience, stepped up","-  180° Lay-Flat Touchscreen with Stylus Support for Flexible Learning and Work
- Ultra-Light 1.4kg Design in Elegant AI Blue with Dual-Tapered Edges
- Worry-free durability with 3-year international warranty and 24 military-grade tests passed",0,90NX07P2-M01170,ASUS Chromebook Plus CX34 (i5-1334U/16GB/512GB/ChromeOS/CX3402CVA),Intel® Core™ i5-1334U 1.3 GHz,Intel® UHD Graphics,ChromeOS,,"14""",FHD 1920X1080 16:9(1.5W),250nits,LPDDR5X 16GB,512GB 2280 PCIE G4 SSD,"2x USB 3.2 Gen 1 Type-A
2x USB 3.2 Gen 1 Type-C support display / power delivery
1x HDMI 1.4
1x 3.5mm Combo Audio Jack",1.432 Kg,32.64 x 21.43 x 1.87 ~ 1.87 cm,No expansion slot,Not included,50WHrs,"TYPE-C, 45W AC Adapter",
90NX07P2-M01AH0,CX3402CVA-PQ3820N,ASUS Chromebook Plus CX34,"Every experience, stepped up","-  180° Lay-Flat Touchscreen with Stylus Support for Flexible Learning and Work
- Ultra-Light 1.4kg Design in Elegant AI Blue with Dual-Tapered Edges
- Worry-free durability with 3-year international warranty and 24 military-grade tests passed",0,90NX07P2-M01AH0,ASUS Chromebook Plus CX34 (i3-1315U/8GB/256GB/ChromeOS/CX3402CVA),Intel® Core™ i3-1315U 1.2 GHz,Intel® UHD Graphics,ChromeOS,0,"14""",FHD 1920X1080 16:9(1.5W),250nits,LPDDR5X 8GB,256GB UFS,"2x USB 3.2 Gen 1 Type-A
2x USB 3.2 Gen 1 Type-C support display / power delivery
1x HDMI 1.4
1x 3.5mm Combo Audio Jack",1.432 Kg,32.64 x 21.43 x 1.87 ~ 1.87 cm,0,0,50WHrs,"TYPE-C, 45W AC Adapter",0
90NX0811-M00K70,B1403CVA-S67150X,ASUS ExpertBook B1,Primed to perform. Configured for your bussiness.,"- Full-Function USB-C — power and display through one port, alongside HDMI, RJ-45, and USB-A
- Easy upgrades: 2 SO-DIMM up to 64 GB and PCIe 4.0 M.2 up to 1 TB
- Worry-free durability: passes 24 Military-Grade tests and comes with a 3-year warranty",0,90NX0811-M00K70,ASUS ExpertBook B1 (i7-1355U/DDR5/512GB/Win 11 Pro/B1403CVA),Intel® Core™ i7-1355U 1.7 GHz,Intel® UHD Graphics,Windows 11 Pro,M365 FREE TRIAL 30D(WW),"14""",FHD 1920X1080 16:9,300nits,16GB DDR5,512GB 2280 PCIE G4 SSD,"2x USB 3.2 Gen 1 Type-A
2x USB 3.2 Gen 2 Type-C support display / power delivery
1x HDMI 1.4
1x 3.5mm Combo Audio Jack
1x RJ45 Gigabit Ethernet",1.407 Kg,32.45 x 21.44 x 1.97 ~ 1.97 cm,"2x DDR5 SO-DIMM slots
1x M.2 2230 PCIe 4.0x4
1x M.2 2280 PCIe 4.0x4",Backpack,50WHrs,"TYPE-C, 65W AC Adapter",W/FINGERPRINT
90NX0811-M00XA0,B1403CVA-S63850X,ASUS ExpertBook B1,Primed to perform. Configured for your bussiness.,"- Full-Function USB-C — power and display through one port, alongside HDMI, RJ-45, and USB-A
- Easy upgrades: 2 SO-DIMM up to 64 GB and PCIe 4.0 M.2 up to 1 TB
- Worry-free durability: passes 24 Military-Grade tests and comes with a 3-year warranty",https://drive.google.com/drive/folders/1j7gCGh0OvjnQoyrJr-Q7CSJq-Kuw23bm?usp=drive_link,90NX0811-M00XA0,ASUS ExpertBook B1 (i3-1315U/DDR5/512GB/Win 11 Pro/B1403CVA),Intel® Core™ i3-1315U 1.2 GHz,Intel® UHD Graphics,Windows 11 Pro,M365 FREE TRIAL 30D(WW),"14""",FHD 1920X1080 16:9,300nits,8GB DDR5,512GB 2280 PCIE G4 SSD,"2x USB 3.2 Gen 1 Type-A
2x USB 3.2 Gen 2 Type-C support display / power delivery
1x HDMI 1.4
1x 3.5mm Combo Audio Jack
1x RJ45 Gigabit Ethernet",1.407 Kg,32.45 x 21.44 x 1.97 ~ 1.97 cm,"2x DDR5 SO-DIMM slots
1x M.2 2230 PCIe 4.0x4
1x M.2 2280 PCIe 4.0x4",Backpack,50WHrs,"TYPE-C, 65W AC Adapter",W/FINGERPRINT
90NX0811-M02W90,B1403CVA-S65151X,ASUS ExpertBook B1,Primed to perform. Configured for your bussiness.,"- Full-Function USB-C — power and display through one port, alongside HDMI, RJ-45, and USB-A
- Easy upgrades: 2 SO-DIMM up to 64 GB and PCIe 4.0 M.2 up to 1 TB
- Worry-free durability: passes 24 Military-Grade tests and comes with a 3-year warranty",https://drive.google.com/drive/folders/1zcXc5TXO265hO2617NzHGQByjW8tBqGA?usp=drive_link,90NX0811-M02W90,ASUS ExpertBook B1 (i5-1334U/DDR5/512GB/Win 11 Pro/B1403CVA),Intel® Core™ i5-1334U 1.3 GHz,Intel® UHD Graphics,Windows 11 Pro,M365 FREE TRIAL 30D(WW),"14""",FHD 1920X1080 16:9,300nits,16GB DDR5,512GB 2280 PCIE G4 SSD,"2x USB 3.2 Gen 1 Type-A
2x USB 3.2 Gen 2 Type-C support display / power delivery
1x HDMI 1.4
1x 3.5mm Combo Audio Jack
1x RJ45 Gigabit Ethernet",1.407 Kg,32.45 x 21.44 x 1.97 ~ 1.97 cm,"2x DDR5 SO-DIMM slots
1x M.2 2230 PCIe 4.0x4
1x M.2 2280 PCIe 4.0x4",Backpack,50WHrs,"TYPE-C, 65W AC Adapter",W/FINGERPRINT
90NX0811-M06NL0,B1403CVA-S65152X,ASUS ExpertBook B1,Primed to perform. Configured for your bussiness.,"- Full-Function USB-C — power and display through one port, alongside HDMI, RJ-45, and USB-A
- Easy upgrades: 2 SO-DIMM up to 64 GB and PCIe 4.0 M.2 up to 1 TB
- Worry-free durability: passes 24 Military-Grade tests and comes with a 3-year warranty",0,90NX0811-M06NL0,ASUS ExpertBook B1 (Core 5 120U/DDR5/512GB/Win 11 Pro/B1403CVA),Intel® Core™ 5 120U 1.4 GHz,Intel® Graphics,Windows 11 Pro,M365 FREE TRIAL 30D(WW),"14""",FHD 1920X1080 16:9,300nits,16GB DDR5,512GB 2280 PCIE G4 SSD,"2x USB 3.2 Gen 1 Type-A
2x USB 3.2 Gen 2 Type-C support display / power delivery
1x HDMI 1.4
1x 3.5mm Combo Audio Jack
1x RJ45 Gigabit Ethernet",1.407 Kg,32.45 x 21.44 x 1.97 ~ 1.97 cm,"2x DDR5 SO-DIMM slots
1x M.2 2230 PCIe 4.0x4
1x M.2 2280 PCIe 4.0x4",Backpack,50WHrs,"TYPE-C, 65W AC Adapter",W/FINGERPRINT
90NX0811-M06YJ0,B1403CVA-S63854X,ASUS ExpertBook B1,Primed to perform. Configured for your bussiness.,"- Full-Function USB-C — power and display through one port, alongside HDMI, RJ-45, and USB-A
- Easy upgrades: 2 SO-DIMM up to 64 GB and PCIe 4.0 M.2 up to 1 TB
- Worry-free durability: passes 24 Military-Grade tests and comes with a 3-year warranty",0,90NX0811-M06YJ0,ASUS ExpertBook B1 (Core 3 100U/DDR5/512GB/Win 11 Pro/B1403CVA),Intel® Core™ 3 100U 1.2 GHz,Intel® Graphics,Windows 11 Pro,M365 FREE TRIAL 30D(WW),"14""",FHD 1920X1080 16:9,300nits,8GB DDR5,512GB 2280 PCIE G4 SSD,"2x USB 3.2 Gen 1 Type-A
2x USB 3.2 Gen 2 Type-C support display / power delivery
1x HDMI 1.4
1x 3.5mm Combo Audio Jack
1x RJ45 Gigabit Ethernet",1.407 Kg,32.45 x 21.44 x 1.97 ~ 1.97 cm,"2x DDR5 SO-DIMM slots
1x M.2 2230 PCIe 4.0x4
1x M.2 2280 PCIe 4.0x4",Backpack,50WHrs,"TYPE-C, 65W AC Adapter",W/FINGERPRINT
90NX0811-M077E0,B1403CVA-S67151X,ASUS ExpertBook B1,Primed to perform. Configured for your bussiness.,"- Full-Function USB-C — power and display through one port, alongside HDMI, RJ-45, and USB-A
- Easy upgrades: 2 SO-DIMM up to 64 GB and PCIe 4.0 M.2 up to 1 TB
- Worry-free durability: passes 24 Military-Grade tests and comes with a 3-year warranty",0,90NX0811-M077E0,ASUS ExpertBook B1 (Core 7 150U/DDR5/512GB/Win 11 Pro/B1403CVA),Intel® Core™ 7 150U 1.8 GHz,Intel® Graphics,Windows 11 Pro,M365 FREE TRIAL 30D(WW),"14""",FHD 1920X1080 16:9,300nits,16GB DDR5,512GB 2280 PCIE G4 SSD,"2x USB 3.2 Gen 1 Type-A
2x USB 3.2 Gen 2 Type-C support display / power delivery
1x HDMI 1.4
1x 3.5mm Combo Audio Jack
1x RJ45 Gigabit Ethernet",1.407 Kg,32.45 x 21.44 x 1.97 ~ 1.97 cm,"2x DDR5 SO-DIMM slots
1x M.2 2230 PCIe 4.0x4
1x M.2 2280 PCIe 4.0x4",Backpack,50WHrs,"TYPE-C, 65W AC Adapter",W/FINGERPRINT
90NX0811-M077L0,B1403CVA-S65853X,ASUS ExpertBook B1,Primed to perform. Configured for your bussiness.,"- Full-Function USB-C — power and display through one port, alongside HDMI, RJ-45, and USB-A
- Easy upgrades: 2 SO-DIMM up to 64 GB and PCIe 4.0 M.2 up to 1 TB
- Worry-free durability: passes 24 Military-Grade tests and comes with a 3-year warranty",0,90NX0811-M077L0,ASUS ExpertBook B1 (Core 5 120U/DDR5/512GB/Win 11 Pro/B1403CVA),Intel® Core™ 5 120U 1.4 GHz,Intel® Graphics,Windows 11 Pro,M365 FREE TRIAL 30D(WW),"14""",FHD 1920X1080 16:9,300nits,8GB DDR5,512GB 2280 PCIE G4 SSD,"2x USB 3.2 Gen 1 Type-A
2x USB 3.2 Gen 2 Type-C support display / power delivery
1x HDMI 1.4
1x 3.5mm Combo Audio Jack
1x RJ45 Gigabit Ethernet",1.407 Kg,32.45 x 21.44 x 1.97 ~ 1.97 cm,"2x DDR5 SO-DIMM slots
1x M.2 2230 PCIe 4.0x4
1x M.2 2280 PCIe 4.0x4",Backpack,50WHrs,"TYPE-C, 65W AC Adapter",W/FINGERPRINT
90NX0861-M00JD0,P5405CSA-NZ7310WS,ASUS ExpertBook P5 Gen 2,"Work reimagined, with AI","- All-day portability with up to 28-hour battery life and a lightweight 1.27 kg design
- Full range voltage - supports standard USB 5V-2A charging from power banks and Airline USB charging ports
- Worry-free durability with 3-year international warranty and 24 military-grade tests passed",https://drive.google.com/drive/folders/1NY2QDjb-b2GoTljpNaNWA89vw6O0wniX?usp=drive_link,90NX0861-M00JD0,ASUS ExpertBook P5 Gen 2 (U7 258V/32GB/1TB/Win 11 Home/P5405CSA),"Intel® Core™ Ultra 7 258V 32GB 2.2 GHz 
 Intel® AI Boost NPU up to 47 TOPS",Intel® Arc™ 140V GPU,Windows 11 Home,"Microsoft Office Home 2024

Microsoft 365 Basic",Not Found,WQXGA (2560 x 1600) 16:10,400nits,LPDDR5X 32GB,1TB M.2 2280 NVMe™ PCIe® 4.0 SSD,"2x USB 3.2 Gen 2 Type-A
2x Thunderbolt™ 4, compliant with USB4, support display / power delivery
1x HDMI 2.1
1x 3.5mm Combo Audio Jack",1.29 kg (2.84 lbs),31.20 x 22.32 x 1.28 ~ 1.64 cm,"1x M.2 2230 PCIe 4.0x4
1x M.2 2280 PCIe 4.0x4","Sleeve
USB-A to RJ45 gigabit ethernet adapter",63WHrs,"TYPE-C, 65W AC Adapter",FingerPrint
90NX0861-M00P30,P5405CSA-NZ5150WS,ASUS ExpertBook P5 Gen 2,"Work reimagined, with AI","- All-day portability with up to 28-hour battery life and a lightweight 1.27 kg design
- Full range voltage - supports standard USB 5V-2A charging from power banks and Airline USB charging ports
- Worry-free durability with 3-year international warranty and 24 military-grade tests passed",https://drive.google.com/drive/folders/1f0U0Z4NbponI_3TRVqTe6UzalIFFsNMz?usp=drive_link,90NX0861-M00P30,ASUS ExpertBook P5 Gen 2 (U5 226V/16GB/512GB/Win 11 Home/P5405CSA),"Intel® Core™ Ultra 5 226V 16GB 2.1 GHz 
 Intel® AI Boost NPU up to 40 TOPS",Intel® Arc™ 130V GPU,Windows 11 Home,"Microsoft Office Home 2024

Microsoft 365 Basic",Not Found,WQXGA (2560 x 1600) 16:10,400nits,LPDDR5X 16GB,512GB M.2 2280 NVMe™ PCIe® 4.0 SSD,"2x USB 3.2 Gen 2 Type-A
2x Thunderbolt™ 4, compliant with USB4, support display / power delivery
1x HDMI 2.1
1x 3.5mm Combo Audio Jack",1.29 kg (2.84 lbs),31.20 x 22.32 x 1.28 ~ 1.64 cm,"1x M.2 2230 PCIe 4.0x4
1x M.2 2280 PCIe 4.0x4","Sleeve
USB-A to RJ45 gigabit ethernet adapter",63WHrs,"TYPE-C, 65W AC Adapter",FingerPrint
90NX0871-M00H40,P1403CVA-S63850WS,ASUS ExpertBook P1,"Elevate your efficiency, anywhere","- Ultra-light at just 1.4 kg — effortless to carry, perfect for life on the move
- Flexible and future-ready with dual SO-DIMM, dual M.2, and easy upgrade options
- Worry-free durability with 3-year international warranty and 24 military-grade tests passed",https://drive.google.com/drive/folders/1uS0hSWaRZdjOwQRc-AXVygDLpXDAOP2k?usp=drive_link,90NX0871-M00H40,ASUS ExpertBook P1 (i3-1315U/8GB/512GB/Win 11 Home/P1403CVA),Intel® Core™ i3-1315U 1.2 GHz,Intel® UHD Graphics,Windows 11 Home,"Microsoft Office Home 2024

Microsoft 365 Basic",Not Found,FHD (1920 x 1080) 16:9,300nits,DDR5 8GB,"512GB M.2 2280 NVMe™ PCIe® 4.0 SSD
SSD Housing for storage expansion","2x USB 3.2 Gen 1 Type-A
2x USB 3.2 Gen 2 Type-C support display / power delivery
1x HDMI 1.4
1x 3.5mm Combo Audio Jack
1x RJ45 Gigabit Ethernet",1.40 kg (3.09 lbs),32.45 x 21.44 x 1.97 ~ 1.97 cm,"2x DDR5 SO-DIMM slots
1x M.2 2230 PCIe 4.0x4
1x M.2 2280 PCIe 4.0x4",Backpack,42WHrs,"TYPE-C, 65W AC Adapter",FingerPrint
90NX0871-M00H50,P1403CVA-S65850WS,ASUS ExpertBook P1,"Elevate your efficiency, anywhere","- Ultra-light at just 1.4 kg — effortless to carry, perfect for life on the move
- Flexible and future-ready with dual SO-DIMM, dual M.2, and easy upgrade options
- Worry-free durability with 3-year international warranty and 24 military-grade tests passed",https://drive.google.com/drive/folders/1g3khImdzL0lgdIYqvUW9MUV8G3UATtFg?usp=drive_link,90NX0871-M00H50,ASUS ExpertBook P1 (i5-13500H/8GB/512GB/Win 11 Home/P1403CVA),Intel® Core™ i5-13500H 2.6 GHz,Intel® UHD Graphics,Windows 11 Home,"Microsoft Office Home 2024

Microsoft 365 Basic",Not Found,FHD (1920 x 1080) 16:9,300nits,DDR5 8GB,"512GB M.2 2280 NVMe™ PCIe® 4.0 SSD
SSD Housing for storage expansion","2x USB 3.2 Gen 1 Type-A
2x USB 3.2 Gen 2 Type-C support display / power delivery
1x HDMI 1.4
1x 3.5mm Combo Audio Jack
1x RJ45 Gigabit Ethernet",1.45 kg (3.20 lbs),32.45 x 21.44 x 1.97 ~ 1.97 cm,"2x DDR5 SO-DIMM slots
1x M.2 2230 PCIe 4.0x4
1x M.2 2280 PCIe 4.0x4",Backpack,50WHrs,"TYPE-C, 65W AC Adapter",FingerPrint
90NX0871-M00H60,P1403CVA-S67150WS,ASUS ExpertBook P1,"Elevate your efficiency, anywhere","- Ultra-light at just 1.4 kg — effortless to carry, perfect for life on the move
- Flexible and future-ready with dual SO-DIMM, dual M.2, and easy upgrade options
- Worry-free durability with 3-year international warranty and 24 military-grade tests passed",https://drive.google.com/drive/folders/1E5hlj5BFxJWjf4yuNotbY1PUl-I0H4Js?usp=drive_link,90NX0871-M00H60,ASUS ExpertBook P1 (i7-13700H/16GB/512GB/Win 11 Home/P1403CVA),Intel® Core™ i7-13700H 2.4 GHz,Intel® UHD Graphics,Windows 11 Home,"Microsoft Office Home 2024

Microsoft 365 Basic",Not Found,FHD (1920 x 1080) 16:9,300nits,DDR5 16GB,"512GB M.2 2280 NVMe™ PCIe® 4.0 SSD
SSD Housing for storage expansion","2x USB 3.2 Gen 1 Type-A
2x USB 3.2 Gen 2 Type-C support display / power delivery
1x HDMI 1.4
1x 3.5mm Combo Audio Jack
1x RJ45 Gigabit Ethernet",1.45 kg (3.20 lbs),32.45 x 21.44 x 1.97 ~ 1.97 cm,"2x DDR5 SO-DIMM slots
1x M.2 2230 PCIe 4.0x4
1x M.2 2280 PCIe 4.0x4",Backpack,50WHrs,"TYPE-C, 65W AC Adapter",FingerPrint
90NX0871-M00MA0,P1403CVA-S65851WS,ASUS ExpertBook P1,"Elevate your efficiency, anywhere","- Ultra-light at just 1.4 kg — effortless to carry, perfect for life on the move
- Flexible and future-ready with dual SO-DIMM, dual M.2, and easy upgrade options
- Worry-free durability with 3-year international warranty and 24 military-grade tests passed",https://drive.google.com/drive/folders/13iQNypITZEq8nWI0Z1RnJ6x5sTADgrXH?usp=drive_link,90NX0871-M00MA0,ASUS ExpertBook P1 (i5-13420H/8GB/512GB/Win 11 Home/P1403CVA),Intel® Core™ i5-13420H 2.1 GHz,Intel® UHD Graphics,Windows 11 Home,"Microsoft Office Home 2024

Microsoft 365 Basic",Not Found,FHD (1920 x 1080) 16:9,300nits,DDR5 8GB,"512GB M.2 2280 NVMe™ PCIe® 4.0 SSD
SSD Housing for storage expansion","2x USB 3.2 Gen 1 Type-A
2x USB 3.2 Gen 2 Type-C support display / power delivery
1x HDMI 1.4
1x 3.5mm Combo Audio Jack
1x RJ45 Gigabit Ethernet",1.45 kg (3.20 lbs),32.45 x 21.44 x 1.97 ~ 1.97 cm,"2x DDR5 SO-DIMM slots
1x M.2 2230 PCIe 4.0x4
1x M.2 2280 PCIe 4.0x4",Backpack,50WHrs,"TYPE-C, 65W AC Adapter",FingerPrint
90NX0871-M00MB0,P1403CVA-S67151WS,ASUS ExpertBook P1,"Elevate your efficiency, anywhere","- Ultra-light at just 1.4 kg — effortless to carry, perfect for life on the move
- Flexible and future-ready with dual SO-DIMM, dual M.2, and easy upgrade options
- Worry-free durability with 3-year international warranty and 24 military-grade tests passed",https://drive.google.com/drive/folders/1faZDvv_Td0lCk1nZu6tw7TgFN_H8XVRr?usp=drive_link,90NX0871-M00MB0,ASUS ExpertBook P1 (i7-13620H/16GB/512GB/Win 11 Home/P1403CVA),Intel® Core™ i7-13620H 2.4 GHz,Intel® UHD Graphics,Windows 11 Home,"Microsoft Office Home 2024

Microsoft 365 Basic",Not Found,FHD (1920 x 1080) 16:9,300nits,DDR5 16GB,"512GB M.2 2280 NVMe™ PCIe® 4.0 SSD
SSD Housing for storage expansion","2x USB 3.2 Gen 1 Type-A
2x USB 3.2 Gen 2 Type-C support display / power delivery
1x HDMI 1.4
1x 3.5mm Combo Audio Jack
1x RJ45 Gigabit Ethernet",1.45 kg (3.20 lbs),32.45 x 21.44 x 1.97 ~ 1.97 cm,"2x DDR5 SO-DIMM slots
1x M.2 2230 PCIe 4.0x4
1x M.2 2280 PCIe 4.0x4",Backpack,50WHrs,"TYPE-C, 65W AC Adapter",FingerPrint
90NX0871-M00V20,P1403CVA-S65150WS,ASUS ExpertBook P1,"Elevate your efficiency, anywhere","- Ultra-light at just 1.4 kg — effortless to carry, perfect for life on the move
- Flexible and future-ready with dual SO-DIMM, dual M.2, and easy upgrade options
- Worry-free durability with 3-year international warranty and 24 military-grade tests passed",https://drive.google.com/drive/folders/1k31TuruXpb8O6d8nZ6z6RQJFxvplZb3M?usp=drive_link,90NX0871-M00V20,ASUS ExpertBook P1 (i5-13420H/16GB/512GB/Win 11 Home/P1403CVA),Intel® Core™ i5-13420H 2.1 GHz,Intel® UHD Graphics,Windows 11 Home,"Microsoft Office Home 2024

Microsoft 365 Basic",Not Found,FHD (1920 x 1080) 16:9,300nits,DDR5 16GB,"512GB M.2 2280 NVMe™ PCIe® 4.0 SSD
SSD Housing for storage expansion","2x USB 3.2 Gen 1 Type-A
2x USB 3.2 Gen 2 Type-C support display / power delivery
1x HDMI 1.4
1x 3.5mm Combo Audio Jack
1x RJ45 Gigabit Ethernet",1.45 kg (3.20 lbs),32.45 x 21.44 x 1.97 ~ 1.97 cm,"2x DDR5 SO-DIMM slots
1x M.2 2230 PCIe 4.0x4
1x M.2 2280 PCIe 4.0x4",Backpack,50WHrs,"TYPE-C, 65W AC Adapter",FingerPrint
90NX0871-M01L30,P1403CVA-S65852WS,ASUS ExpertBook P1,"Elevate your efficiency, anywhere","- Ultra-light at just 1.4 kg — effortless to carry, perfect for life on the move
- Flexible and future-ready with dual SO-DIMM, dual M.2, and easy upgrade options
- Worry-free durability with 3-year international warranty and 24 military-grade tests passed",0,90NX0871-M01L30,ASUS ExpertBook P1 (Core 5 210H/8GB/512GB/Win 11 Home/P1403CVA),Intel® Core™ 5 210H 2.2 GHz,Intel® Graphics,Windows 11 Home,"Microsoft Office Home 2024

Microsoft 365 Basic",Not Found,FHD (1920 x 1080) 16:9,300nits,DDR5 8GB,"512GB M.2 2280 NVMe™ PCIe® 4.0 SSD
SSD Housing for storage expansion","2x USB 3.2 Gen 1 Type-A
2x USB 3.2 Gen 2 Type-C support display / power delivery
1x HDMI 1.4
1x 3.5mm Combo Audio Jack
1x RJ45 Gigabit Ethernet",1.45 kg (3.20 lbs),32.45 x 21.44 x 1.97 ~ 1.97 cm,"2x DDR5 SO-DIMM slots
1x M.2 2230 PCIe 4.0x4
1x M.2 2280 PCIe 4.0x4",Backpack,50WHrs,"TYPE-C, 65W AC Adapter",FingerPrint
90NX0871-M01UH0,P1403CVA-S65152WS,ASUS ExpertBook P1,"Elevate your efficiency, anywhere","- Ultra-light at just 1.4 kg — effortless to carry, perfect for life on the move
- Flexible and future-ready with dual SO-DIMM, dual M.2, and easy upgrade options
- Worry-free durability with 3-year international warranty and 24 military-grade tests passed",0,90NX0871-M01UH0,ASUS ExpertBook P1 (Core 5 210H/16GB/512GB/Win 11 Home/P1403CVA),Intel® Core™ 5 210H 2.2 GHz,Intel® Graphics,Windows 11 Home,"Microsoft Office Home 2024

Microsoft 365 Basic",Not Found,FHD (1920 x 1080) 16:9,300nits,DDR5 16GB,"512GB M.2 2280 NVMe™ PCIe® 4.0 SSD
SSD Housing for storage expansion","2x USB 3.2 Gen 1 Type-A
2x USB 3.2 Gen 2 Type-C support display / power delivery
1x HDMI 1.4
1x 3.5mm Combo Audio Jack
1x RJ45 Gigabit Ethernet",1.45 kg (3.20 lbs),32.45 x 21.44 x 1.97 ~ 1.97 cm,"2x DDR5 SO-DIMM slots
1x M.2 2230 PCIe 4.0x4
1x M.2 2280 PCIe 4.0x4",Backpack,50WHrs,"TYPE-C, 65W AC Adapter",FingerPrint
90NX0871-M021V0,P1403CVA-S63852WS,ASUS ExpertBook P1,"Elevate your efficiency, anywhere","- Ultra-light at just 1.4 kg — effortless to carry, perfect for life on the move
- Flexible and future-ready with dual SO-DIMM, dual M.2, and easy upgrade options
- Worry-free durability with 3-year international warranty and 24 military-grade tests passed",0,90NX0871-M021V0,ASUS ExpertBook P1 (Core 3 100U/8GB/512GB/Win 11 Home/P1403CVA),Intel® Core™ 3 100U 1.2 GHz,Intel® UHD Graphics,Windows 11 Home,"Microsoft Office Home 2024

Microsoft 365 Basic",Not Found,FHD (1920 x 1080) 16:9,300nits,DDR5 8GB,"512GB M.2 2280 NVMe™ PCIe® 4.0 SSD
SSD Housing for storage expansion","2x USB 3.2 Gen 1 Type-A
2x USB 3.2 Gen 2 Type-C support display / power delivery
1x HDMI 1.4
1x 3.5mm Combo Audio Jack
1x RJ45 Gigabit Ethernet",1.40 kg (3.09 lbs),32.45 x 21.44 x 1.97 ~ 1.97 cm,"2x DDR5 SO-DIMM slots
1x M.2 2230 PCIe 4.0x4
1x M.2 2280 PCIe 4.0x4",Backpack,42WHrs,"TYPE-C, 65W AC Adapter",FingerPrint
90NX0871-M029S0,P1403CVA-S63852X,ASUS ExpertBook P1,"Elevate your efficiency, anywhere","- Ultra-light at just 1.4 kg — effortless to carry, perfect for life on the move
- Flexible and future-ready with dual SO-DIMM, dual M.2, and easy upgrade options
- Worry-free durability with 3-year international warranty and 24 military-grade tests passed",0,90NX0871-M029S0,ASUS ExpertBook P1 (Core 3 100U/8GB/512GB/Win 11 Pro/P1403CVA),Intel® Core™ 3 100U 1.2 GHz,Intel® UHD Graphics,Windows 11 Pro,1-month trial for new Microsoft 365 customers. Credit card required.,Not Found,FHD (1920 x 1080) 16:9,300nits,DDR5 8GB,"512GB M.2 2280 NVMe™ PCIe® 4.0 SSD
SSD Housing for storage expansion","2x USB 3.2 Gen 1 Type-A
2x USB 3.2 Gen 2 Type-C support display / power delivery
1x HDMI 1.4
1x 3.5mm Combo Audio Jack
1x RJ45 Gigabit Ethernet",1.40 kg (3.09 lbs),32.45 x 21.44 x 1.97 ~ 1.97 cm,"2x DDR5 SO-DIMM slots
1x M.2 2230 PCIe 4.0x4
1x M.2 2280 PCIe 4.0x4",Backpack,42WHrs,"TYPE-C, 65W AC Adapter",FingerPrint
90NX0871-M029U0,P1403CVA-S65852X,ASUS ExpertBook P1,"Elevate your efficiency, anywhere","- Ultra-light at just 1.4 kg — effortless to carry, perfect for life on the move
- Flexible and future-ready with dual SO-DIMM, dual M.2, and easy upgrade options
- Worry-free durability with 3-year international warranty and 24 military-grade tests passed",0,90NX0871-M029U0,ASUS ExpertBook P1 (Core 5 210H/8GB/512GB/Win 11 Pro/P1403CVA),Intel® Core™ 5 210H 2.2 GHz,Intel® Graphics,Windows 11 Pro,1-month trial for new Microsoft 365 customers. Credit card required.,Not Found,FHD (1920 x 1080) 16:9,300nits,DDR5 8GB,"512GB M.2 2280 NVMe™ PCIe® 4.0 SSD
SSD Housing for storage expansion","2x USB 3.2 Gen 1 Type-A
2x USB 3.2 Gen 2 Type-C support display / power delivery
1x HDMI 1.4
1x 3.5mm Combo Audio Jack
1x RJ45 Gigabit Ethernet",1.45 kg (3.20 lbs),32.45 x 21.44 x 1.97 ~ 1.97 cm,"2x DDR5 SO-DIMM slots
1x M.2 2230 PCIe 4.0x4
1x M.2 2280 PCIe 4.0x4",Backpack,50WHrs,"TYPE-C, 65W AC Adapter",FingerPrint
90NX0871-M02B30,P1403CVA-S65152X,ASUS ExpertBook P1,"Elevate your efficiency, anywhere","- Ultra-light at just 1.4 kg — effortless to carry, perfect for life on the move
- Flexible and future-ready with dual SO-DIMM, dual M.2, and easy upgrade options
- Worry-free durability with 3-year international warranty and 24 military-grade tests passed",0,90NX0871-M02B30,ASUS ExpertBook P1 (Core 5 210H/16GB/512GB/Win 11 Pro/P1403CVA),Intel® Core™ 5 210H 2.2 GHz,Intel® Graphics,Windows 11 Pro,1-month trial for new Microsoft 365 customers. Credit card required.,Not Found,FHD (1920 x 1080) 16:9,300nits,DDR5 16GB,"512GB M.2 2280 NVMe™ PCIe® 4.0 SSD
SSD Housing for storage expansion","2x USB 3.2 Gen 1 Type-A
2x USB 3.2 Gen 2 Type-C support display / power delivery
1x HDMI 1.4
1x 3.5mm Combo Audio Jack
1x RJ45 Gigabit Ethernet",1.45 kg (3.20 lbs),32.45 x 21.44 x 1.97 ~ 1.97 cm,"2x DDR5 SO-DIMM slots
1x M.2 2230 PCIe 4.0x4
1x M.2 2280 PCIe 4.0x4",Backpack,50WHrs,"TYPE-C, 65W AC Adapter",FingerPrint
90NX0871-M02E90,P1403CVA-S67852WS,ASUS ExpertBook P1,"Elevate your efficiency, anywhere","- Ultra-light at just 1.4 kg — effortless to carry, perfect for life on the move
- Flexible and future-ready with dual SO-DIMM, dual M.2, and easy upgrade options
- Worry-free durability with 3-year international warranty and 24 military-grade tests passed",0,90NX0871-M02E90,ASUS ExpertBook P1 (Core 7 240H/8GB/512GB/Win 11 Home/P1403CVA),Intel® Core™ 7 240H 2.5 GHz,Intel® Graphics,Windows 11 Home,"Microsoft Office Home 2024

Microsoft 365 Basic",Not Found,FHD (1920 x 1080) 16:9,300nits,DDR5 8GB,"512GB M.2 2280 NVMe™ PCIe® 4.0 SSD
SSD Housing for storage expansion","2x USB 3.2 Gen 1 Type-A
2x USB 3.2 Gen 2 Type-C support display / power delivery
1x HDMI 1.4
1x 3.5mm Combo Audio Jack
1x RJ45 Gigabit Ethernet",1.45 kg (3.20 lbs),32.45 x 21.44 x 1.97 ~ 1.97 cm,"2x DDR5 SO-DIMM slots
1x M.2 2230 PCIe 4.0x4
1x M.2 2280 PCIe 4.0x4",Backpack,50WHrs,"TYPE-C, 65W AC Adapter",FingerPrint
90NX0871-M02EA0,P1403CVA-S63822WS,ASUS ExpertBook P1,"Elevate your efficiency, anywhere","- Ultra-light at just 1.4 kg — effortless to carry, perfect for life on the move
- Flexible and future-ready with dual SO-DIMM, dual M.2, and easy upgrade options
- Worry-free durability with 3-year international warranty and 24 military-grade tests passed",0,90NX0871-M02EA0,ASUS ExpertBook P1 (Core 3 100U/8GB/256GB/Win 11 Home/P1403CVA),Intel® Core™ 3 100U 1.2 GHz,Intel® UHD Graphics,Windows 11 Home,"Microsoft Office Home 2024

Microsoft 365 Basic",Not Found,FHD (1920 x 1080) 16:9,300nits,DDR5 8GB,"256GB M.2 2280 NVMe™ PCIe® 4.0 SSD
SSD Housing for storage expansion","2x USB 3.2 Gen 1 Type-A
2x USB 3.2 Gen 2 Type-C support display / power delivery
1x HDMI 1.4
1x 3.5mm Combo Audio Jack
1x RJ45 Gigabit Ethernet",1.40 kg (3.09 lbs),32.45 x 21.44 x 1.97 ~ 1.97 cm,"2x DDR5 SO-DIMM slots
1x M.2 2230 PCIe 4.0x4
1x M.2 2280 PCIe 4.0x4",Backpack,42WHrs,"TYPE-C, 65W AC Adapter",FingerPrint
90NX0881-M00T20,P1503CVA-S73850WS,ASUS ExpertBook P1,"Elevate your efficiency, anywhere","- Ultra-light at just 1.4 kg — effortless to carry, perfect for life on the move
- Flexible and future-ready with dual SO-DIMM, dual M.2, and easy upgrade options
- Worry-free durability with 3-year international warranty and 24 military-grade tests passed",https://drive.google.com/drive/folders/17rEyrs1z5jf2jy2ysWEHeGG_DWBeqWK2?usp=drive_link,90NX0881-M00T20,ASUS ExpertBook P1 (i3-1315U/8GB/512GB/Win 11 Home/P1503CVA),Intel® Core™ i3-1315U 1.2 GHz,Intel® UHD Graphics,Windows 11 Home,"Microsoft Office Home 2024

Microsoft 365 Basic",Not Found,FHD (1920 x 1080) 16:9,300nits,DDR5 8GB,"512GB M.2 2280 NVMe™ PCIe® 4.0 SSD
SSD Housing for storage expansion","2x USB 3.2 Gen 1 Type-A
2x USB 3.2 Gen 2 Type-C support display / power delivery
1x HDMI 1.4, up to 3840x2160p/30Hz
1x 3.5mm Combo Audio Jack
1x RJ45 Gigabit Ethernet",1.62 kg (3.57 lbs),35.95 x 23.22 x 1.99 ~ 1.99 cm,"2x DDR5 SO-DIMM slots
1x M.2 2230 PCIe 4.0x4
1x M.2 2280 PCIe 4.0x4",Backpack,42WHrs,"TYPE-C, 65W AC Adapter",FingerPrint
90NX0881-M015S0,P1503CVA-S75150WS,ASUS ExpertBook P1,"Elevate your efficiency, anywhere","- Ultra-light at just 1.4 kg — effortless to carry, perfect for life on the move
- Flexible and future-ready with dual SO-DIMM, dual M.2, and easy upgrade options
- Worry-Free Durability with 3-Year Warranty and Military-Grade Strength",https://drive.google.com/drive/folders/1QcDIDfPvYksNO9ikijSYknEL3OWLgjP2?usp=drive_link,90NX0881-M015S0,ASUS ExpertBook P1 (i5-13420H/16GB/512GB/Win 11 Home/P1503CVA),Intel® Core™ i5-13420H 2.1 GHz,Intel® UHD Graphics,Windows 11 Home,"Microsoft Office Home 2024

Microsoft 365 Basic",Not Found,FHD (1920 x 1080) 16:9,300nits,DDR5 16GB,"512GB M.2 2280 NVMe™ PCIe® 4.0 SSD
SSD Housing for storage expansion","2x USB 3.2 Gen 1 Type-A
2x USB 3.2 Gen 2 Type-C support display / power delivery
1x HDMI 1.4, up to 3840x2160p/30Hz
1x 3.5mm Combo Audio Jack
1x RJ45 Gigabit Ethernet",1.66 kg (3.66 lbs),35.95 x 23.22 x 1.99 ~ 1.99 cm,"2x DDR5 SO-DIMM slots
1x M.2 2230 PCIe 4.0x4
1x M.2 2280 PCIe 4.0x4",Backpack,50WHrs,"TYPE-C, 65W AC Adapter",FingerPrint
90NX08E1-M001A0,P3405CVA-LY5850WS,ASUS ExpertBook P3 Gen 1,"Productivity, leveled up","- Revolutionary 16:10 immersive display with more usable space and ultra-slim bezels
- Dual SO-DIMM and dual SSD design for easy upgrades and long-term flexibility
- Worry-free durability with a 3-year international warranty and tested military-grade toughness",https://drive.google.com/drive/folders/1wSXLfapvcIZKfwlT2SZHHBbJ7dwVMlQe?usp=drive_link,90NX08E1-M001A0,ASUS ExpertBook P3 Gen 1 (i5-13420H/8GB/512GB/Win 11 Home/P3405CVA),Intel® Core™ i5-13420H 2.1 GHz,Intel® UHD Graphics,Windows 11 Home,"Microsoft Office Home 2024

Microsoft 365 Basic",Not Found,WUXGA (1920 x 1200) 16:10,300nits,DDR5 8GB,"512GB M.2 2280 NVMe™ PCIe® 4.0 SSD
SSD Housing for storage expansion","2x USB 3.2 Gen 1 Type-A
2x USB 3.2 Gen 2 Type-C support display / power delivery
1x HDMI 2.1 TMDS
1x 3.5mm Combo Audio Jack
1x RJ45 Gigabit Ethernet",1.42 kg (3.13 lbs),31.51 x 22.68 x 1.79 ~ 1.80 cm,"2x DDR5 SO-DIMM slots
1x M.2 2230 PCIe 4.0x4
1x M.2 2280 PCIe 4.0x4",Backpack,50WHrs,"TYPE-C, 65W AC Adapter",FingerPrint
90NX08E1-M001B0,P3405CVA-LY7110WS,ASUS ExpertBook P3 Gen 1,"Productivity, leveled up","- Revolutionary 16:10 immersive display with more usable space and ultra-slim bezels
- Dual SO-DIMM and dual SSD design for easy upgrades and long-term flexibility
- Worry-free durability with a 3-year international warranty and tested military-grade toughness",https://drive.google.com/drive/folders/1uABGMHKXPc0DTfZTSyuzf-zVodf0b1OK?usp=drive_link,90NX08E1-M001B0,ASUS ExpertBook P3 Gen 1 (i7-13620H/16GB/1TB/Win 11 Home/P3405CVA),Intel® Core™ i7-13620H 2.4 GHz,Intel® UHD Graphics,Windows 11 Home,"Microsoft Office Home 2024

Microsoft 365 Basic",Not Found,WUXGA (1920 x 1200) 16:10,300nits,DDR5 16GB,"1TB M.2 2280 NVMe™ PCIe® 4.0 SSD
SSD Housing for storage expansion","2x USB 3.2 Gen 1 Type-A
2x USB 3.2 Gen 2 Type-C support display / power delivery
1x HDMI 2.1 TMDS
1x 3.5mm Combo Audio Jack
1x RJ45 Gigabit Ethernet",1.42 kg (3.13 lbs),31.51 x 22.68 x 1.79 ~ 1.80 cm,"2x DDR5 SO-DIMM slots
1x M.2 2230 PCIe 4.0x4
1x M.2 2280 PCIe 4.0x4",Backpack,50WHrs,"TYPE-C, 65W AC Adapter",FingerPrint
90NX08E1-M00DK0,P3405CVA-LY5150WS,ASUS ExpertBook P3 Gen 1,"Productivity, leveled up","- Revolutionary 16:10 immersive display with more usable space and ultra-slim bezels
- Dual SO-DIMM and dual SSD design for easy upgrades and long-term flexibility
- Worry-free durability with a 3-year international warranty and tested military-grade toughness",https://drive.google.com/drive/folders/10oCnkBVZkLE4XuMyRtXKoDN0hOR5qpEJ?usp=drive_link,90NX08E1-M00DK0,ASUS ExpertBook P3 Gen 1 (i5-13420H/16GB/512GB/Win 11 Home/P3405CVA),Intel® Core™ i5-13420H 2.1 GHz,Intel® UHD Graphics,Windows 11 Home,"Microsoft Office Home 2024

Microsoft 365 Basic",Not Found,WUXGA (1920 x 1200) 16:10,300nits,DDR5 16GB,"512GB M.2 2280 NVMe™ PCIe® 4.0 SSD
SSD Housing for storage expansion","2x USB 3.2 Gen 1 Type-A
2x USB 3.2 Gen 2 Type-C support display / power delivery
1x HDMI 2.1 TMDS
1x 3.5mm Combo Audio Jack
1x RJ45 Gigabit Ethernet",1.42 kg (3.13 lbs),31.51 x 22.68 x 1.79 ~ 1.80 cm,"2x DDR5 SO-DIMM slots
1x M.2 2230 PCIe 4.0x4
1x M.2 2280 PCIe 4.0x4",Backpack,50WHrs,"TYPE-C, 65W AC Adapter",FingerPrint
90NX08G1-M00HA0,B5405CVA-NZ5150X,ASUS ExpertBook B5 Gen 3,"Smart, secure AI power for businessSmart, secure AI power for business",0,0,90NX08G1-M00HA0,ASUS ExpertBook B5 Gen 3 (Core 5 120U/16GB/512GB/Win 11 Pro/B5405CVA),Intel® Core™ 5 120U 1.4 GHz,Intel® Graphics,Windows 11 Pro,M365 FREE TRIAL 30D(WW),"14""",WQXGA(WQ) 2560X1600 16:10,400nits,DDR5 16GB,512GB 2280 PCIE G4 SSD,"2x USB 3.2 Gen 1 Type-A
2x Thunderbolt™ 4, compliant with USB4, supports display / power delivery
1x HDMI 2.1 TMDS
1x 3.5mm Combo Audio Jack
1x RJ45 Gigabit Ethernet
Micro SD card reader",1.352 Kg,31.51 x 22.68 x 1.75 ~ 1.79 cm,2x DDR5 SO-DIMM slots,Backpack,50WHrs,"TYPE-C, 65W AC Adapter",W/FINGERPRINT
90NX08G1-M00HB0,B5405CVA-NZ7110X,ASUS ExpertBook B5 Gen 3,"Smart, secure AI power for businessSmart, secure AI power for business",0,0,90NX08G1-M00HB0,ASUS ExpertBook B5 Gen 3 (i7-1355U/16GB/1TB/Win 11 Pro/B5405CVA),Intel® Core™ i7-1355U 1.7 GHz,Intel Iris Xᵉ Graphics (available for Intel® Core™ i5/i7/i9 with dual channel memory),Windows 11 Pro,M365 FREE TRIAL 30D(WW),"14""",WQXGA(WQ) 2560X1600 16:10,400nits,DDR5 16GB,1TB 2280 PCIE G4 SSD,"2x USB 3.2 Gen 1 Type-A
2x Thunderbolt™ 4, compliant with USB4, supports display / power delivery
1x HDMI 2.1 TMDS
1x 3.5mm Combo Audio Jack
1x RJ45 Gigabit Ethernet
Micro SD card reader",1.352 Kg,31.51 x 22.68 x 1.75 ~ 1.79 cm,2x DDR5 SO-DIMM slots,Backpack,50WHrs,"TYPE-C, 65W AC Adapter",W/FINGERPRINT
90NX08I1-M013L0,B5405CCA-NZ5150X,ASUS ExpertBook B5 Gen 3,"Smart, secure AI power for businessSmart, secure AI power for business",0,0,90NX08I1-M013L0,ASUS ExpertBook B5 Gen 3 (U5 225H/16GB/512GB/Win 11 Pro/B5405CCA),"Intel® Core™ Ultra 5 225H 1.7 GHz 
 Intel® AI Boost NPU up to 13 TOPS","Intel® Arc™ Graphics(available for Intel® Core™ Ultra H 5/7/9 with dual channel memory)
Intel® Graphics",Windows 11 Pro,M365 FREE TRIAL 30D(WW),"14""",WQXGA(WQ) 2560X1600 16:10,400nits,DDR5 16GB,512GB 2280 PCIE G4 SSD,"2x USB 3.2 Gen 1 Type-A
2x Thunderbolt™ 4, compliant with USB4, supports display / power delivery
1x HDMI 2.1 TMDS
1x 3.5mm Combo Audio Jack
1x RJ45 Gigabit Ethernet
Micro SD card reader",1.352 Kg,31.51 x 22.68 x 1.75 ~ 1.79 cm,2x DDR5 SO-DIMM slots,Backpack,50WHrs,"TYPE-C, 65W AC Adapter",W/FINGERPRINT
90NX08I1-M014F0,B5405CCA-NZ7310X,ASUS ExpertBook B5 Gen 3,"Smart, secure AI power for businessSmart, secure AI power for business",0,0,90NX08I1-M014F0,ASUS ExpertBook B5 Gen 3 (U7 255H/32GB/1TB/Win 11 Pro/B5405CCA),"Intel® Core™ Ultra 7 255H 2.0 GHz 
 Intel® AI Boost NPU up to 13 TOPS","Intel® Arc™ Graphics(available for Intel® Core™ Ultra H 5/7/9 with dual channel memory)
Intel® Graphics",Windows 11 Pro,M365 FREE TRIAL 30D(WW),"14""",WQXGA(WQ) 2560X1600 16:10,400nits,DDR5 32GB,1TB 2280 PCIE G4 SSD,"2x USB 3.2 Gen 1 Type-A
2x Thunderbolt™ 4, compliant with USB4, supports display / power delivery
1x HDMI 2.1 TMDS
1x 3.5mm Combo Audio Jack
1x RJ45 Gigabit Ethernet
Micro SD card reader",1.352 Kg,31.51 x 22.68 x 1.75 ~ 1.79 cm,2x DDR5 SO-DIMM slots,Backpack,50WHrs,"TYPE-C, 65W AC Adapter",W/FINGERPRINT
90NX08K1-M015A0,B3405CVA-LY5150X,ASUS ExpertBook B3,Primed to perform. Configured for your bussiness.,0,0,90NX08K1-M015A0,ASUS ExpertBook B3 (Core 5 120U/DDR5/512GB/Win 11 Pro/B3405CVA),Intel® Core™ 5 120U 1.4 GHz,Intel® Graphics,Windows 11 Pro,M365 FREE TRIAL 30D(WW),"14""",WUXGA(WU) 1920X1200 16:10,300nits,16GB DDR5,512GB 2280 PCIE G4 SSD,"2x USB 3.2 Gen 1 Type-A
2x USB 3.2 Gen 2 Type-C support display / power delivery
1x HDMI 2.1 TMDS
1x 3.5mm Combo Audio Jack
1x RJ45 Gigabit Ethernet
Micro SD card reader",1.472 Kg,31.51 x 22.68 x 1.89 ~ 1.90 cm,"2x DDR5 SO-DIMM slots
1x M.2 2230 PCIe 4.0x4
1x M.2 2280 PCIe 4.0x4",Backpack,50WHrs,"TYPE-C, 65W AC Adapter",W/FINGERPRINT
90NX08K1-M015B0,B3405CVA-LY7150X,ASUS ExpertBook B3,Primed to perform. Configured for your bussiness.,0,0,90NX08K1-M015B0,ASUS ExpertBook B3 (i7-1355U/DDR5/512GB/Win 11 Pro/B3405CVA),Intel® Core™ i7-1355U 1.7 GHz,Intel® UHD Graphics,Windows 11 Pro,M365 FREE TRIAL 30D(WW),"14""",WUXGA(WU) 1920X1200 16:10,300nits,16GB DDR5,512GB 2280 PCIE G4 SSD,"2x USB 3.2 Gen 1 Type-A
2x USB 3.2 Gen 2 Type-C support display / power delivery
1x HDMI 2.1 TMDS
1x 3.5mm Combo Audio Jack
1x RJ45 Gigabit Ethernet
Micro SD card reader",1.472 Kg,31.51 x 22.68 x 1.89 ~ 1.90 cm,"2x DDR5 SO-DIMM slots
1x M.2 2230 PCIe 4.0x4
1x M.2 2280 PCIe 4.0x4",Backpack,50WHrs,"TYPE-C, 65W AC Adapter",W/FINGERPRINT
90NX08L1-M02570,B3405CCA-LY5150X,ASUS ExpertBook B3,Primed to perform. Configured for your bussiness.,0,0,90NX08L1-M02570,ASUS ExpertBook B3 (U5 125H/DDR5/512GB/Win 11 Pro/B3405CCA),"Intel® Core™ Ultra 5 125H 1.2 GHz 
 Intel® AI Boost NPU",Intel® Graphics,Windows 11 Pro,M365 FREE TRIAL 30D(WW),"14""",WUXGA(WU) 1920X1200 16:10,300nits,16GB DDR5,512GB 2280 PCIE G4 SSD,"2x USB 3.2 Gen 1 Type-A
2x USB 3.2 Gen 2 Type-C support display / power delivery
1x HDMI 2.1 TMDS
1x 3.5mm Combo Audio Jack
1x RJ45 Gigabit Ethernet
Micro SD card reader",1.492 Kg,31.51 x 22.68 x 1.89 ~ 1.90 cm,"2x DDR5 SO-DIMM slots
1x M.2 2230 PCIe 4.0x4
1x M.2 2280 PCIe 4.0x4",Backpack,50WHrs,"TYPE-C, 65W AC Adapter",W/FINGERPRINT
90NX08L1-M027J0,B3405CCA-LY7110X,ASUS ExpertBook B3,Primed to perform. Configured for your bussiness.,0,0,90NX08L1-M027J0,ASUS ExpertBook B3 (U7 155H/DDR5/1TB/Win 11 Pro/B3405CCA),"Intel® Core™ Ultra 7 155H 1.4 GHz 
 Intel® AI Boost NPU",Intel® Graphics,Windows 11 Pro,M365 FREE TRIAL 30D(WW),"14""",WUXGA(WU) 1920X1200 16:10,300nits,16GB DDR5,1TB 2280 PCIE G4 SSD,"2x USB 3.2 Gen 1 Type-A
2x USB 3.2 Gen 2 Type-C support display / power delivery
1x HDMI 2.1 TMDS
1x 3.5mm Combo Audio Jack
1x RJ45 Gigabit Ethernet
Micro SD card reader",1.492 Kg,31.51 x 22.68 x 1.89 ~ 1.90 cm,"2x DDR5 SO-DIMM slots
1x M.2 2230 PCIe 4.0x4
1x M.2 2280 PCIe 4.0x4",Backpack,50WHrs,"TYPE-C, 65W AC Adapter",W/FINGERPRINT
90NX08L1-M032P0,B3405CCA-LY5152X,ASUS ExpertBook B3,Primed to perform. Configured for your bussiness.,0,0,90NX08L1-M032P0,ASUS ExpertBook B3 (U5 225H/DDR5/512GB/Win 11 Pro/B3405CCA),Intel® Core™ Ultra 5 225H 1.7 GHz ; Intel® AI Boost NPU up to 13 TOPS,Intel® Graphics,Windows 11 Pro,M365 FREE TRIAL 30D(WW),"14""",WUXGA (1920 x 1200) 16:10,300nits,16GB DDR5,512GB 2280 PCIE G4 SSD,"2x USB 3.2 Gen 1 Type-A
2x USB 3.2 Gen 2 Type-C support display / power delivery
1x HDMI 2.1 TMDS
1x 3.5mm Combo Audio Jack
1x RJ45 Gigabit Ethernet
Micro SD card reader
Smart card reader",1.49 kg,31.51 x 22.68 x 1.89 ~ 1.90 cm,"2x DDR5 SO-DIMM slots
1x M.2 2230 PCIe 4.0x4
1x M.2 2280 PCIe 4.0x4",Backpack,#VALUE!,"TYPE-C, 65W AC Adapter",W/FINGERPRINT
90NX08L1-M055T0,B3405CCA-LY7150X,ASUS ExpertBook B3,Primed to perform. Configured for your bussiness.,0,0,90NX08L1-M055T0,ASUS ExpertBook B3 (U7 255H/DDR5/512GB/Win 11 Pro/B3405CCA),Intel® Core™ Ultra 7 255H 2.0 GHz ; Intel® AI Boost NPU up to 13 TOPS,Intel® Graphics,Windows 11 Pro,M365 FREE TRIAL 30D(WW),"14""",WUXGA (1920 x 1200) 16:10,300nits,16GB DDR5,512GB 2280 PCIE G4 SSD,"2x USB 3.2 Gen 1 Type-A
2x USB 3.2 Gen 2 Type-C support display / power delivery
1x HDMI 2.1 TMDS
1x 3.5mm Combo Audio Jack
1x RJ45 Gigabit Ethernet
Micro SD card reader
Smart card reader",1.49 kg,31.51 x 22.68 x 1.89 ~ 1.90 cm,"2x DDR5 SO-DIMM slots
1x M.2 2230 PCIe 4.0x4
1x M.2 2280 PCIe 4.0x4",Backpack,#VALUE!,"TYPE-C, 65W AC Adapter",W/FINGERPRINT
90NX08M3-M008T0,CX1405CKA-S64810,ASUS Chromebook CX14,"Every experience, stepped up","- Full-Function USB-C — power and display through one port, alongside HDMI and USB-A
- Ultra-Light 1.4kg Design in Elegant  Fabric Blue with Dual-Tapered Edges
- Worry-free durability with 3-year international warranty and 24 military-grade tests passed",0,90NX08M3-M008T0,ASUS Chromebook CX14 (Intel® Celeron® N4500 1.1/LPDDR4X/128GB/ChromeOS/CX1405CKA),Intel® Celeron® N4500 1.1 GHz,Intel® UHD Graphics,ChromeOS,,"14""",FHD 1920X1080 16:9,300nits,8GB LPDDR4X,128GB EMMC,"1x USB 3.2 Gen 1 Type-A
1x USB 3.2 Gen 1 Type-C support display / power delivery
1x HDMI 1.4
1x 3.5mm Combo Audio Jack",1.41 Kg,32.45 x 21.44 x 1.70 ~ 1.99 cm,No expansion slot,Not included,42WHrs,"TYPE-C, 45W AC Adapter",
90NX08Z1-M000S0,BG1409CVA-S63850W,ASUS ExpertBook BG1,Trusted by IT Experts. Built for Worry-Free Business.,"- Dual USB-C (PD/DP) with RJ-45, HDMI, USB-A—one cable powers and displays
- Tool-less access to an open SO-DIMM and M.2 slot enables rapid RAM or SSD upgrades
- 3-year warranty plus MIL-STD-810H toughness ensure built-in long-term reliability",https://drive.google.com/drive/folders/1d5knYxQIEJULaPttrlz6id8RJMjrJBwn?usp=drive_link,90NX08Z1-M000S0,ASUS ExpertBook BG1 (i3-1315U/8GB/512GB/Win 11 Home/BG1409CVA),Intel® Core™ i3-1315U 1.2 GHz,Intel® UHD Graphics,Windows 11 Home,M365 FREE TRIAL 30D(WW),"14""",FHD 1920X1080 16:9,300nits,DDR5 8GB,512GB 2280 PCIE G4 SSD,"2x USB 3.2 Gen 1 Type-A
2x USB 3.2 Gen 2 Type-C support display / power delivery
1x HDMI 1.4
1x 3.5mm Combo Audio Jack
1x RJ45 Gigabit Ethernet",1.4 Kg,32.45 x 21.44 x 1.97 ~ 1.97 cm,"2x DDR5 SO-DIMM slots
1x M.2 2230 PCIe 4.0x4
1x M.2 2280 PCIe 4.0x4","Backpack
Carry bag
USB-C to USB-C cable",42WHrs,"TYPE-C, 65W AC Adapter",W/FINGERPRINT
90NX08Z1-M00180,BG1409CVA-S65850W,ASUS ExpertBook BG1,Trusted by IT Experts. Built for Worry-Free Business.,"- Dual USB-C (PD/DP) with RJ-45, HDMI, USB-A—one cable powers and displays
- Tool-less access to an open SO-DIMM and M.2 slot enables rapid RAM or SSD upgrades
- 3-year warranty plus MIL-STD-810H toughness ensure built-in long-term reliability",https://drive.google.com/drive/folders/17w243qOUfVGBUWsv7ctQeYEmSAClm8xx?usp=drive_link,90NX08Z1-M00180,ASUS ExpertBook BG1 (i5-1334U/8GB/512GB/Win 11 Home/BG1409CVA),Intel® Core™ i5-1334U 1.3 GHz,Intel® UHD Graphics,Windows 11 Home,M365 FREE TRIAL 30D(WW),"14""",FHD 1920X1080 16:9,300nits,DDR5 8GB,512GB 2280 PCIE G4 SSD,"2x USB 3.2 Gen 1 Type-A
2x USB 3.2 Gen 2 Type-C support display / power delivery
1x HDMI 1.4
1x 3.5mm Combo Audio Jack
1x RJ45 Gigabit Ethernet",1.407 Kg,32.45 x 21.44 x 1.97 ~ 1.97 cm,"2x DDR5 SO-DIMM slots
1x M.2 2230 PCIe 4.0x4
1x M.2 2280 PCIe 4.0x4","Backpack
Carry bag
USB-C to USB-C cable",50WHrs,"TYPE-C, 65W AC Adapter",W/FINGERPRINT
90NX08Z1-M00190,BG1409CVA-S65850X,ASUS ExpertBook BG1,Trusted by IT Experts. Built for Worry-Free Business.,"- Dual USB-C (PD/DP) with RJ-45, HDMI, USB-A—one cable powers and displays
- Tool-less access to an open SO-DIMM and M.2 slot enables rapid RAM or SSD upgrades
- 3-year warranty plus MIL-STD-810H toughness ensure built-in long-term reliability",https://drive.google.com/drive/folders/1mU1n5uXIV4ZbtbPgCj5Geo7z1z78qz6Y?usp=drive_link,90NX08Z1-M00190,ASUS ExpertBook BG1 (i5-1334U/8GB/512GB/Win 11 Pro/BG1409CVA),Intel® Core™ i5-1334U 1.3 GHz,Intel® UHD Graphics,Windows 11 Pro,M365 FREE TRIAL 30D(WW),"14""",FHD 1920X1080 16:9,300nits,DDR5 8GB,512GB 2280 PCIE G4 SSD,"2x USB 3.2 Gen 1 Type-A
2x USB 3.2 Gen 2 Type-C support display / power delivery
1x HDMI 1.4
1x 3.5mm Combo Audio Jack
1x RJ45 Gigabit Ethernet",1.407 Kg,32.45 x 21.44 x 1.97 ~ 1.97 cm,"2x DDR5 SO-DIMM slots
1x M.2 2230 PCIe 4.0x4
1x M.2 2280 PCIe 4.0x4","Backpack
Carry bag
USB-C to USB-C cable",50WHrs,"TYPE-C, 65W AC Adapter",W/FINGERPRINT
90NX08Z1-M001A0,BG1409CVA-S65150W,ASUS ExpertBook BG1,Trusted by IT Experts. Built for Worry-Free Business.,"- Dual USB-C (PD/DP) with RJ-45, HDMI, USB-A—one cable powers and displays
- Tool-less access to an open SO-DIMM and M.2 slot enables rapid RAM or SSD upgrades
- 3-year warranty plus MIL-STD-810H toughness ensure built-in long-term reliability",https://drive.google.com/drive/folders/1JX6Mhv1vf949Z1JaZkF5bjPFcmjhJqrL?usp=drive_link,90NX08Z1-M001A0,ASUS ExpertBook BG1 (i5-1334U/16GB/512GB/Win 11 Home/BG1409CVA),Intel® Core™ i5-1334U 1.3 GHz,Intel Iris Xᵉ Graphics (available for Intel® Core™ i5/i7/i9 with dual channel memory),Windows 11 Home,M365 FREE TRIAL 30D(WW),"14""",FHD 1920X1080 16:9,300nits,DDR5 16GB,512GB 2280 PCIE G4 SSD,"2x USB 3.2 Gen 1 Type-A
2x USB 3.2 Gen 2 Type-C support display / power delivery
1x HDMI 1.4
1x 3.5mm Combo Audio Jack
1x RJ45 Gigabit Ethernet",1.407 Kg,32.45 x 21.44 x 1.97 ~ 1.97 cm,"2x DDR5 SO-DIMM slots
1x M.2 2230 PCIe 4.0x4
1x M.2 2280 PCIe 4.0x4","Backpack
Carry bag
USB-C to USB-C cable",50WHrs,"TYPE-C, 65W AC Adapter",W/FINGERPRINT
90NX08Z1-M001B0,BG1409CVA-S65150X,ASUS ExpertBook BG1,Trusted by IT Experts. Built for Worry-Free Business.,"- Dual USB-C (PD/DP) with RJ-45, HDMI, USB-A—one cable powers and displays
- Tool-less access to an open SO-DIMM and M.2 slot enables rapid RAM or SSD upgrades
- 3-year warranty plus MIL-STD-810H toughness ensure built-in long-term reliability",0,90NX08Z1-M001B0,ASUS ExpertBook BG1 (i5-1334U/16GB/512GB/Win 11 Pro/BG1409CVA),Intel® Core™ i5-1334U 1.3 GHz,Intel Iris Xᵉ Graphics (available for Intel® Core™ i5/i7/i9 with dual channel memory),Windows 11 Pro,M365 FREE TRIAL 30D(WW),"14""",FHD 1920X1080 16:9,300nits,DDR5 16GB,512GB 2280 PCIE G4 SSD,"2x USB 3.2 Gen 1 Type-A
2x USB 3.2 Gen 2 Type-C support display / power delivery
1x HDMI 1.4
1x 3.5mm Combo Audio Jack
1x RJ45 Gigabit Ethernet",1.407 Kg,32.45 x 21.44 x 1.97 ~ 1.97 cm,"2x DDR5 SO-DIMM slots
1x M.2 2230 PCIe 4.0x4
1x M.2 2280 PCIe 4.0x4","Backpack
Carry bag
USB-C to USB-C cable",50WHrs,"TYPE-C, 65W AC Adapter",W/FINGERPRINT
90NX08Z1-M001D0,BG1409CVA-S67850W,ASUS ExpertBook BG1,Trusted by IT Experts. Built for Worry-Free Business.,"- Dual USB-C (PD/DP) with RJ-45, HDMI, USB-A—one cable powers and displays
- Tool-less access to an open SO-DIMM and M.2 slot enables rapid RAM or SSD upgrades
- 3-year warranty plus MIL-STD-810H toughness ensure built-in long-term reliability",https://drive.google.com/drive/folders/1doOTPtdIYhxgXrNArRsRrGOx_SanXYtN?usp=drive_link,90NX08Z1-M001D0,ASUS ExpertBook BG1 (i7-1355U/8GB/512GB/Win 11 Home/BG1409CVA),Intel® Core™ i7-1355U 1.7 GHz,Intel® UHD Graphics,Windows 11 Home,M365 FREE TRIAL 30D(WW),"14""",FHD 1920X1080 16:9,300nits,DDR5 8GB,512GB 2280 PCIE G4 SSD,"2x USB 3.2 Gen 1 Type-A
2x USB 3.2 Gen 2 Type-C support display / power delivery
1x HDMI 1.4
1x 3.5mm Combo Audio Jack
1x RJ45 Gigabit Ethernet",1.407 Kg,32.45 x 21.44 x 1.97 ~ 1.97 cm,"2x DDR5 SO-DIMM slots
1x M.2 2230 PCIe 4.0x4
1x M.2 2280 PCIe 4.0x4","Backpack
Carry bag
USB-C to USB-C cable",50WHrs,"TYPE-C, 65W AC Adapter",W/FINGERPRINT
90NX08Z1-M001E0,BG1409CVA-S67850X,ASUS ExpertBook BG1,Trusted by IT Experts. Built for Worry-Free Business.,"- Dual USB-C (PD/DP) with RJ-45, HDMI, USB-A—one cable powers and displays
- Tool-less access to an open SO-DIMM and M.2 slot enables rapid RAM or SSD upgrades
- 3-year warranty plus MIL-STD-810H toughness ensure built-in long-term reliability",0,90NX08Z1-M001E0,ASUS ExpertBook BG1 (i7-1355U/8GB/512GB/Win 11 Pro/BG1409CVA),Intel® Core™ i7-1355U 1.7 GHz,Intel® UHD Graphics,Windows 11 Pro,M365 FREE TRIAL 30D(WW),"14""",FHD 1920X1080 16:9,300nits,DDR5 8GB,512GB 2280 PCIE G4 SSD,"2x USB 3.2 Gen 1 Type-A
2x USB 3.2 Gen 2 Type-C support display / power delivery
1x HDMI 1.4
1x 3.5mm Combo Audio Jack
1x RJ45 Gigabit Ethernet",1.407 Kg,32.45 x 21.44 x 1.97 ~ 1.97 cm,"2x DDR5 SO-DIMM slots
1x M.2 2230 PCIe 4.0x4
1x M.2 2280 PCIe 4.0x4","Backpack
Carry bag
USB-C to USB-C cable",50WHrs,"TYPE-C, 65W AC Adapter",W/FINGERPRINT
90NX08Z1-M001F0,BG1409CVA-S67150W,ASUS ExpertBook BG1,Trusted by IT Experts. Built for Worry-Free Business.,"- Dual USB-C (PD/DP) with RJ-45, HDMI, USB-A—one cable powers and displays
- Tool-less access to an open SO-DIMM and M.2 slot enables rapid RAM or SSD upgrades
- 3-year warranty plus MIL-STD-810H toughness ensure built-in long-term reliability",https://drive.google.com/drive/folders/16X1B5EeAnauCyYnjnSp9MSbljj26xL5I?usp=drive_link,90NX08Z1-M001F0,ASUS ExpertBook BG1 (i7-1355U/16GB/512GB/Win 11 Home/BG1409CVA),Intel® Core™ i7-1355U 1.7 GHz,Intel Iris Xᵉ Graphics (available for Intel® Core™ i5/i7/i9 with dual channel memory),Windows 11 Home,M365 FREE TRIAL 30D(WW),"14""",FHD 1920X1080 16:9,300nits,DDR5 16GB,512GB 2280 PCIE G4 SSD,"2x USB 3.2 Gen 1 Type-A
2x USB 3.2 Gen 2 Type-C support display / power delivery
1x HDMI 1.4
1x 3.5mm Combo Audio Jack
1x RJ45 Gigabit Ethernet",1.407 Kg,32.45 x 21.44 x 1.97 ~ 1.97 cm,"2x DDR5 SO-DIMM slots
1x M.2 2230 PCIe 4.0x4
1x M.2 2280 PCIe 4.0x4","Backpack
Carry bag
USB-C to USB-C cable",50WHrs,"TYPE-C, 65W AC Adapter",W/FINGERPRINT
90NX08Z1-M001H0,BG1409CVA-S67150X,ASUS ExpertBook BG1,Trusted by IT Experts. Built for Worry-Free Business.,"- Dual USB-C (PD/DP) with RJ-45, HDMI, USB-A—one cable powers and displays
- Tool-less access to an open SO-DIMM and M.2 slot enables rapid RAM or SSD upgrades
- 3-year warranty plus MIL-STD-810H toughness ensure built-in long-term reliability",0,90NX08Z1-M001H0,ASUS ExpertBook BG1 (i7-1355U/16GB/512GB/Win 11 Pro/BG1409CVA),Intel® Core™ i7-1355U 1.7 GHz,Intel Iris Xᵉ Graphics (available for Intel® Core™ i5/i7/i9 with dual channel memory),Windows 11 Pro,M365 FREE TRIAL 30D(WW),"14""",FHD 1920X1080 16:9,300nits,DDR5 16GB,512GB 2280 PCIE G4 SSD,"2x USB 3.2 Gen 1 Type-A
2x USB 3.2 Gen 2 Type-C support display / power delivery
1x HDMI 1.4
1x 3.5mm Combo Audio Jack
1x RJ45 Gigabit Ethernet",1.407 Kg,32.45 x 21.44 x 1.97 ~ 1.97 cm,"2x DDR5 SO-DIMM slots
1x M.2 2230 PCIe 4.0x4
1x M.2 2280 PCIe 4.0x4","Backpack
Carry bag
USB-C to USB-C cable",50WHrs,"TYPE-C, 65W AC Adapter",W/FINGERPRINT
90NX08Z1-M001L0,BG1409CVA-S67110W,ASUS ExpertBook BG1,Trusted by IT Experts. Built for Worry-Free Business.,"- Dual USB-C (PD/DP) with RJ-45, HDMI, USB-A—one cable powers and displays
- Tool-less access to an open SO-DIMM and M.2 slot enables rapid RAM or SSD upgrades
- 3-year warranty plus MIL-STD-810H toughness ensure built-in long-term reliability",https://drive.google.com/drive/folders/1_P9IebbgA0f5l1zXB4UwO2nMqKsKzT7p?usp=drive_link,90NX08Z1-M001L0,ASUS ExpertBook BG1 (i7-1355U/16GB/1TB/Win 11 Home/BG1409CVA),Intel® Core™ i7-1355U 1.7 GHz,Intel Iris Xᵉ Graphics (available for Intel® Core™ i5/i7/i9 with dual channel memory),Windows 11 Home,M365 FREE TRIAL 30D(WW),"14""",FHD 1920X1080 16:9,300nits,DDR5 16GB,1TB 2280 PCIE G4 SSD,"2x USB 3.2 Gen 1 Type-A
2x USB 3.2 Gen 2 Type-C support display / power delivery
1x HDMI 1.4
1x 3.5mm Combo Audio Jack
1x RJ45 Gigabit Ethernet",1.407 Kg,32.45 x 21.44 x 1.97 ~ 1.97 cm,"2x DDR5 SO-DIMM slots
1x M.2 2230 PCIe 4.0x4
1x M.2 2280 PCIe 4.0x4","Backpack
Carry bag
USB-C to USB-C cable",50WHrs,"TYPE-C, 65W AC Adapter",W/FINGERPRINT
90NX08Z1-M001M0,BG1409CVA-S67110X,ASUS ExpertBook BG1,Trusted by IT Experts. Built for Worry-Free Business.,"- Dual USB-C (PD/DP) with RJ-45, HDMI, USB-A—one cable powers and displays
- Tool-less access to an open SO-DIMM and M.2 slot enables rapid RAM or SSD upgrades
- 3-year warranty plus MIL-STD-810H toughness ensure built-in long-term reliability",https://drive.google.com/drive/folders/1VEgk1dU8LZ4NJp_8njiV72udvFp8RmNj?usp=drive_link,90NX08Z1-M001M0,ASUS ExpertBook BG1 (i7-1355U/16GB/1TB/Win 11 Pro/BG1409CVA),Intel® Core™ i7-1355U 1.7 GHz,Intel Iris Xᵉ Graphics (available for Intel® Core™ i5/i7/i9 with dual channel memory),Windows 11 Pro,M365 FREE TRIAL 30D(WW),"14""",FHD 1920X1080 16:9,300nits,DDR5 16GB,1TB 2280 PCIE G4 SSD,"2x USB 3.2 Gen 1 Type-A
2x USB 3.2 Gen 2 Type-C support display / power delivery
1x HDMI 1.4
1x 3.5mm Combo Audio Jack
1x RJ45 Gigabit Ethernet",1.407 Kg,32.45 x 21.44 x 1.97 ~ 1.97 cm,"2x DDR5 SO-DIMM slots
1x M.2 2230 PCIe 4.0x4
1x M.2 2280 PCIe 4.0x4","Backpack
Carry bag
USB-C to USB-C cable",50WHrs,"TYPE-C, 65W AC Adapter",W/FINGERPRINT
90NX08Z1-M001S0,BG1409CVA-S65851WR,ASUS ExpertBook BG1,Trusted by IT Experts. Built for Worry-Free Business.,"- Dual USB-C (PD/DP) with RJ-45, HDMI, USB-A—one cable powers and displays
- Tool-less access to an open SO-DIMM and M.2 slot enables rapid RAM or SSD upgrades
- 3-year warranty plus MIL-STD-810H toughness ensure built-in long-term reliability",0,90NX08Z1-M001S0,ASUS ExpertBook BG1 (Core 5 120U/DDR5 SO-DIMM/512GB//BG1409CVA),Intel® Core™ 5 120U 1.4 GHz,"Windows 11 Home - ASUS recommends Windows 11 Pro for business

* Windows 11 Home is available only as the Single Language edition. Learn more about Windows 11 Home Single language: https://support.microsoft.com/article/eaf060a6-3642-4612-6b75-b34e57a08abf",,Plastic,Not Found,NTSC: 45%,Anti-glare display,8GB DDR5 SO-DIMM,"512GB M.2 2280 NVMe™ PCIe® 4.0 SSD
SSD Housing for storage expansion",US MIL-STD 810H military-grade standard,0.87,#N/A,Plastic,LED Backlit,#VALUE!,Not Found,"2x DDR5 SO-DIMM slots
1x M.2 2230 PCIe 4.0x4
1x M.2 2280 PCIe 4.0x4"
90NX08Z1-M001T0,BG1409CVA-S65851XR,ASUS ExpertBook BG1,Trusted by IT Experts. Built for Worry-Free Business.,"- Dual USB-C (PD/DP) with RJ-45, HDMI, USB-A—one cable powers and displays
- Tool-less access to an open SO-DIMM and M.2 slot enables rapid RAM or SSD upgrades
- 3-year warranty plus MIL-STD-810H toughness ensure built-in long-term reliability",0,90NX08Z1-M001T0,ASUS ExpertBook BG1 (Core 5 120U/DDR5 SO-DIMM/512GB//BG1409CVA),Intel® Core™ 5 120U 1.4 GHz,Windows 11 Pro,,Plastic,Not Found,NTSC: 45%,Anti-glare display,8GB DDR5 SO-DIMM,"512GB M.2 2280 NVMe™ PCIe® 4.0 SSD
SSD Housing for storage expansion",US MIL-STD 810H military-grade standard,0.87,#N/A,Plastic,LED Backlit,#VALUE!,Not Found,"2x DDR5 SO-DIMM slots
1x M.2 2230 PCIe 4.0x4
1x M.2 2280 PCIe 4.0x4"
90NX08Z1-M001U0,BG1409CVA-S65151XR,ASUS ExpertBook BG1,Trusted by IT Experts. Built for Worry-Free Business.,"- Dual USB-C (PD/DP) with RJ-45, HDMI, USB-A—one cable powers and displays
- Tool-less access to an open SO-DIMM and M.2 slot enables rapid RAM or SSD upgrades
- 3-year warranty plus MIL-STD-810H toughness ensure built-in long-term reliability",0,90NX08Z1-M001U0,ASUS ExpertBook BG1 (Core 5 120U/DDR5 SO-DIMM *2/512GB//BG1409CVA),Intel® Core™ 5 120U 1.4 GHz,Windows 11 Pro,,Plastic,Not Found,NTSC: 45%,Anti-glare display,8GB DDR5 SO-DIMM *2,"512GB M.2 2280 NVMe™ PCIe® 4.0 SSD
SSD Housing for storage expansion",US MIL-STD 810H military-grade standard,0.87,#N/A,Plastic,LED Backlit,#VALUE!,Not Found,"2x DDR5 SO-DIMM slots
1x M.2 2230 PCIe 4.0x4
1x M.2 2280 PCIe 4.0x4"
90NX08Z1-M001V0,BG1409CVA-S65151WR,ASUS ExpertBook BG1,Trusted by IT Experts. Built for Worry-Free Business.,"- Dual USB-C (PD/DP) with RJ-45, HDMI, USB-A—one cable powers and displays
- Tool-less access to an open SO-DIMM and M.2 slot enables rapid RAM or SSD upgrades
- 3-year warranty plus MIL-STD-810H toughness ensure built-in long-term reliability",0,90NX08Z1-M001V0,ASUS ExpertBook BG1 (Core 5 120U/DDR5 SO-DIMM *2/512GB//BG1409CVA),Intel® Core™ 5 120U 1.4 GHz,"Windows 11 Home - ASUS recommends Windows 11 Pro for business

* Windows 11 Home is available only as the Single Language edition. Learn more about Windows 11 Home Single language: https://support.microsoft.com/article/eaf060a6-3642-4612-6b75-b34e57a08abf",,Plastic,Not Found,NTSC: 45%,Anti-glare display,8GB DDR5 SO-DIMM *2,"512GB M.2 2280 NVMe™ PCIe® 4.0 SSD
SSD Housing for storage expansion",US MIL-STD 810H military-grade standard,0.87,#N/A,Plastic,LED Backlit,#VALUE!,Not Found,"2x DDR5 SO-DIMM slots
1x M.2 2230 PCIe 4.0x4
1x M.2 2280 PCIe 4.0x4"
90NX08Z1-M001W0,BG1409CVA-S67851WR,ASUS ExpertBook BG1,Trusted by IT Experts. Built for Worry-Free Business.,"- Dual USB-C (PD/DP) with RJ-45, HDMI, USB-A—one cable powers and displays
- Tool-less access to an open SO-DIMM and M.2 slot enables rapid RAM or SSD upgrades
- 3-year warranty plus MIL-STD-810H toughness ensure built-in long-term reliability",0,90NX08Z1-M001W0,ASUS ExpertBook BG1 (Core 7 150U/DDR5 SO-DIMM/512GB//BG1409CVA),Intel® Core™ 7 150U 1.8 GHz,"Windows 11 Home - ASUS recommends Windows 11 Pro for business

* Windows 11 Home is available only as the Single Language edition. Learn more about Windows 11 Home Single language: https://support.microsoft.com/article/eaf060a6-3642-4612-6b75-b34e57a08abf",,Plastic,Not Found,NTSC: 45%,Anti-glare display,8GB DDR5 SO-DIMM,"512GB M.2 2280 NVMe™ PCIe® 4.0 SSD
SSD Housing for storage expansion",US MIL-STD 810H military-grade standard,0.87,#N/A,Plastic,LED Backlit,#VALUE!,Not Found,"2x DDR5 SO-DIMM slots
1x M.2 2230 PCIe 4.0x4
1x M.2 2280 PCIe 4.0x4"
90NX08Z1-M001X0,BG1409CVA-S67851XR,ASUS ExpertBook BG1,Trusted by IT Experts. Built for Worry-Free Business.,"- Dual USB-C (PD/DP) with RJ-45, HDMI, USB-A—one cable powers and displays
- Tool-less access to an open SO-DIMM and M.2 slot enables rapid RAM or SSD upgrades
- 3-year warranty plus MIL-STD-810H toughness ensure built-in long-term reliability",0,90NX08Z1-M001X0,ASUS ExpertBook BG1 (Core 7 150U/DDR5 SO-DIMM/512GB//BG1409CVA),Intel® Core™ 7 150U 1.8 GHz,Windows 11 Pro,,Plastic,Not Found,NTSC: 45%,Anti-glare display,8GB DDR5 SO-DIMM,"512GB M.2 2280 NVMe™ PCIe® 4.0 SSD
SSD Housing for storage expansion",US MIL-STD 810H military-grade standard,0.87,#N/A,Plastic,LED Backlit,#VALUE!,Not Found,"2x DDR5 SO-DIMM slots
1x M.2 2230 PCIe 4.0x4
1x M.2 2280 PCIe 4.0x4"
90NX08Z1-M001Y0,BG1409CVA-S67151XR,ASUS ExpertBook BG1,Trusted by IT Experts. Built for Worry-Free Business.,"- Dual USB-C (PD/DP) with RJ-45, HDMI, USB-A—one cable powers and displays
- Tool-less access to an open SO-DIMM and M.2 slot enables rapid RAM or SSD upgrades
- 3-year warranty plus MIL-STD-810H toughness ensure built-in long-term reliability",0,90NX08Z1-M001Y0,ASUS ExpertBook BG1 (Core 7 150U/DDR5 SO-DIMM *2/512GB//BG1409CVA),Intel® Core™ 7 150U 1.8 GHz,Windows 11 Pro,,Plastic,Not Found,NTSC: 45%,Anti-glare display,8GB DDR5 SO-DIMM *2,"512GB M.2 2280 NVMe™ PCIe® 4.0 SSD
SSD Housing for storage expansion",US MIL-STD 810H military-grade standard,0.87,#N/A,Plastic,LED Backlit,#VALUE!,Not Found,"2x DDR5 SO-DIMM slots
1x M.2 2230 PCIe 4.0x4
1x M.2 2280 PCIe 4.0x4"
90NX08Z1-M001Z0,BG1409CVA-S67151WR,ASUS ExpertBook BG1,Trusted by IT Experts. Built for Worry-Free Business.,"- Dual USB-C (PD/DP) with RJ-45, HDMI, USB-A—one cable powers and displays
- Tool-less access to an open SO-DIMM and M.2 slot enables rapid RAM or SSD upgrades
- 3-year warranty plus MIL-STD-810H toughness ensure built-in long-term reliability",0,90NX08Z1-M001Z0,ASUS ExpertBook BG1 (Core 7 150U/DDR5 SO-DIMM *2/512GB//BG1409CVA),Intel® Core™ 7 150U 1.8 GHz,"Windows 11 Home - ASUS recommends Windows 11 Pro for business

* Windows 11 Home is available only as the Single Language edition. Learn more about Windows 11 Home Single language: https://support.microsoft.com/article/eaf060a6-3642-4612-6b75-b34e57a08abf",,Plastic,Not Found,NTSC: 45%,Anti-glare display,8GB DDR5 SO-DIMM *2,"512GB M.2 2280 NVMe™ PCIe® 4.0 SSD
SSD Housing for storage expansion",US MIL-STD 810H military-grade standard,0.87,#N/A,Plastic,LED Backlit,#VALUE!,Not Found,"2x DDR5 SO-DIMM slots
1x M.2 2230 PCIe 4.0x4
1x M.2 2280 PCIe 4.0x4"
90NX08Z1-M00200,BG1409CVA-S67111WR,ASUS ExpertBook BG1,Trusted by IT Experts. Built for Worry-Free Business.,"- Dual USB-C (PD/DP) with RJ-45, HDMI, USB-A—one cable powers and displays
- Tool-less access to an open SO-DIMM and M.2 slot enables rapid RAM or SSD upgrades
- 3-year warranty plus MIL-STD-810H toughness ensure built-in long-term reliability",0,90NX08Z1-M00200,ASUS ExpertBook BG1 (Core 7 150U/DDR5 SO-DIMM *2/512GB//BG1409CVA),Intel® Core™ 7 150U 1.8 GHz,"Windows 11 Home - ASUS recommends Windows 11 Pro for business

* Windows 11 Home is available only as the Single Language edition. Learn more about Windows 11 Home Single language: https://support.microsoft.com/article/eaf060a6-3642-4612-6b75-b34e57a08abf",,Plastic,Not Found,NTSC: 45%,Anti-glare display,8GB DDR5 SO-DIMM *2,512GB M.2 2280 NVMe™ PCIe® 4.0 SSD + 512GB M.2 2230 NVMe™ PCIe® 4.0 SSD(RAID0),US MIL-STD 810H military-grade standard,0.87,#N/A,Plastic,LED Backlit,#VALUE!,Not Found,"2x DDR5 SO-DIMM slots
1x M.2 2230 PCIe 4.0x4
1x M.2 2280 PCIe 4.0x4"
90NX08Z1-M00210,BG1409CVA-S67111XR,ASUS ExpertBook BG1,Trusted by IT Experts. Built for Worry-Free Business.,"- Dual USB-C (PD/DP) with RJ-45, HDMI, USB-A—one cable powers and displays
- Tool-less access to an open SO-DIMM and M.2 slot enables rapid RAM or SSD upgrades
- 3-year warranty plus MIL-STD-810H toughness ensure built-in long-term reliability",0,90NX08Z1-M00210,ASUS ExpertBook BG1 (Core 7 150U/DDR5 SO-DIMM *2/512GB//BG1409CVA),Intel® Core™ 7 150U 1.8 GHz,Windows 11 Pro,,Plastic,Not Found,NTSC: 45%,Anti-glare display,8GB DDR5 SO-DIMM *2,512GB M.2 2280 NVMe™ PCIe® 4.0 SSD + 512GB M.2 2230 NVMe™ PCIe® 4.0 SSD(RAID0),US MIL-STD 810H military-grade standard,0.87,#N/A,Plastic,LED Backlit,#VALUE!,Not Found,"2x DDR5 SO-DIMM slots
1x M.2 2230 PCIe 4.0x4
1x M.2 2280 PCIe 4.0x4"
90NX08Z1-M00260,BG1409CVA-S63850WR,ASUS ExpertBook BG1,Trusted by IT Experts. Built for Worry-Free Business.,"- Dual USB-C (PD/DP) with RJ-45, HDMI, USB-A—one cable powers and displays
- Tool-less access to an open SO-DIMM and M.2 slot enables rapid RAM or SSD upgrades
- 3-year warranty plus MIL-STD-810H toughness ensure built-in long-term reliability",0,90NX08Z1-M00260,ASUS ExpertBook BG1 (Core 3 100U/DDR5 SO-DIMM/512GB//BG1409CVA),Intel® Core™ 3 100U 1.2 GHz,"Windows 11 Home - ASUS recommends Windows 11 Pro for business

* Windows 11 Home is available only as the Single Language edition. Learn more about Windows 11 Home Single language: https://support.microsoft.com/article/eaf060a6-3642-4612-6b75-b34e57a08abf",,Plastic,Not Found,NTSC: 45%,Anti-glare display,8GB DDR5 SO-DIMM,"512GB M.2 2280 NVMe™ PCIe® 4.0 SSD
SSD Housing for storage expansion",US MIL-STD 810H military-grade standard,0.87,#N/A,Plastic,LED Backlit,#VALUE!,Not Found,"2x DDR5 SO-DIMM slots
1x M.2 2230 PCIe 4.0x4
1x M.2 2280 PCIe 4.0x4"
90NX08Z1-M00270,BG1409CVA-S65850WR,ASUS ExpertBook BG1,Trusted by IT Experts. Built for Worry-Free Business.,"- Dual USB-C (PD/DP) with RJ-45, HDMI, USB-A—one cable powers and displays
- Tool-less access to an open SO-DIMM and M.2 slot enables rapid RAM or SSD upgrades
- 3-year warranty plus MIL-STD-810H toughness ensure built-in long-term reliability",0,90NX08Z1-M00270,ASUS ExpertBook BG1 (Core 5 210H/DDR5 SO-DIMM/512GB//BG1409CVA),Intel® Core™ 5 210H 2.2 GHz,"Windows 11 Home - ASUS recommends Windows 11 Pro for business

* Windows 11 Home is available only as the Single Language edition. Learn more about Windows 11 Home Single language: https://support.microsoft.com/article/eaf060a6-3642-4612-6b75-b34e57a08abf",,Plastic,Not Found,NTSC: 45%,Anti-glare display,8GB DDR5 SO-DIMM,"512GB M.2 2280 NVMe™ PCIe® 4.0 SSD
SSD Housing for storage expansion",US MIL-STD 810H military-grade standard,0.87,#N/A,Plastic,LED Backlit,#VALUE!,Not Found,"2x DDR5 SO-DIMM slots
1x M.2 2230 PCIe 4.0x4
1x M.2 2280 PCIe 4.0x4"
90NX08Z1-M00280,BG1409CVA-S65850XR,ASUS ExpertBook BG1,Trusted by IT Experts. Built for Worry-Free Business.,"- Dual USB-C (PD/DP) with RJ-45, HDMI, USB-A—one cable powers and displays
- Tool-less access to an open SO-DIMM and M.2 slot enables rapid RAM or SSD upgrades
- 3-year warranty plus MIL-STD-810H toughness ensure built-in long-term reliability",0,90NX08Z1-M00280,ASUS ExpertBook BG1 (Core 5 210H/DDR5 SO-DIMM/512GB//BG1409CVA),Intel® Core™ 5 210H 2.2 GHz,Windows 11 Pro,,Plastic,Not Found,NTSC: 45%,Anti-glare display,8GB DDR5 SO-DIMM,"512GB M.2 2280 NVMe™ PCIe® 4.0 SSD
SSD Housing for storage expansion",US MIL-STD 810H military-grade standard,0.87,#N/A,Plastic,LED Backlit,#VALUE!,Not Found,"2x DDR5 SO-DIMM slots
1x M.2 2230 PCIe 4.0x4
1x M.2 2280 PCIe 4.0x4"
90NX08Z1-M00290,BG1409CVA-S65150WR,ASUS ExpertBook BG1,Trusted by IT Experts. Built for Worry-Free Business.,"- Dual USB-C (PD/DP) with RJ-45, HDMI, USB-A—one cable powers and displays
- Tool-less access to an open SO-DIMM and M.2 slot enables rapid RAM or SSD upgrades
- 3-year warranty plus MIL-STD-810H toughness ensure built-in long-term reliability",0,90NX08Z1-M00290,ASUS ExpertBook BG1 (Core 5 210H/DDR5 SO-DIMM *2/512GB//BG1409CVA),Intel® Core™ 5 210H 2.2 GHz,"Windows 11 Home - ASUS recommends Windows 11 Pro for business

* Windows 11 Home is available only as the Single Language edition. Learn more about Windows 11 Home Single language: https://support.microsoft.com/article/eaf060a6-3642-4612-6b75-b34e57a08abf",,Plastic,Not Found,NTSC: 45%,Anti-glare display,8GB DDR5 SO-DIMM *2,"512GB M.2 2280 NVMe™ PCIe® 4.0 SSD
SSD Housing for storage expansion",US MIL-STD 810H military-grade standard,0.87,#N/A,Plastic,LED Backlit,#VALUE!,Not Found,"2x DDR5 SO-DIMM slots
1x M.2 2230 PCIe 4.0x4
1x M.2 2280 PCIe 4.0x4"
90NX08Z1-M002A0,BG1409CVA-S65150XR,ASUS ExpertBook BG1,Trusted by IT Experts. Built for Worry-Free Business.,"- Dual USB-C (PD/DP) with RJ-45, HDMI, USB-A—one cable powers and displays
- Tool-less access to an open SO-DIMM and M.2 slot enables rapid RAM or SSD upgrades
- 3-year warranty plus MIL-STD-810H toughness ensure built-in long-term reliability",0,90NX08Z1-M002A0,ASUS ExpertBook BG1 (Core 5 210H/DDR5 SO-DIMM *2/512GB//BG1409CVA),Intel® Core™ 5 210H 2.2 GHz,Windows 11 Pro,,Plastic,Not Found,NTSC: 45%,Anti-glare display,8GB DDR5 SO-DIMM *2,"512GB M.2 2280 NVMe™ PCIe® 4.0 SSD
SSD Housing for storage expansion",US MIL-STD 810H military-grade standard,0.87,#N/A,Plastic,LED Backlit,#VALUE!,Not Found,"2x DDR5 SO-DIMM slots
1x M.2 2230 PCIe 4.0x4
1x M.2 2280 PCIe 4.0x4"
90NX08Z1-M002B0,BG1409CVA-S67850WR,ASUS ExpertBook BG1,Trusted by IT Experts. Built for Worry-Free Business.,"- Dual USB-C (PD/DP) with RJ-45, HDMI, USB-A—one cable powers and displays
- Tool-less access to an open SO-DIMM and M.2 slot enables rapid RAM or SSD upgrades
- 3-year warranty plus MIL-STD-810H toughness ensure built-in long-term reliability",0,90NX08Z1-M002B0,ASUS ExpertBook BG1 (Core 7 240H/DDR5 SO-DIMM/512GB//BG1409CVA),Intel® Core™ 7 240H 2.5 GHz,"Windows 11 Home - ASUS recommends Windows 11 Pro for business

* Windows 11 Home is available only as the Single Language edition. Learn more about Windows 11 Home Single language: https://support.microsoft.com/article/eaf060a6-3642-4612-6b75-b34e57a08abf",,Plastic,Not Found,NTSC: 45%,Anti-glare display,8GB DDR5 SO-DIMM,"512GB M.2 2280 NVMe™ PCIe® 4.0 SSD
SSD Housing for storage expansion",US MIL-STD 810H military-grade standard,0.87,#N/A,Plastic,LED Backlit,#VALUE!,Not Found,"2x DDR5 SO-DIMM slots
1x M.2 2230 PCIe 4.0x4
1x M.2 2280 PCIe 4.0x4"
90NX08Z1-M002C0,BG1409CVA-S67850XR,ASUS ExpertBook BG1,Trusted by IT Experts. Built for Worry-Free Business.,"- Dual USB-C (PD/DP) with RJ-45, HDMI, USB-A—one cable powers and displays
- Tool-less access to an open SO-DIMM and M.2 slot enables rapid RAM or SSD upgrades
- 3-year warranty plus MIL-STD-810H toughness ensure built-in long-term reliability",0,90NX08Z1-M002C0,ASUS ExpertBook BG1 (Core 7 240H/DDR5 SO-DIMM/512GB//BG1409CVA),Intel® Core™ 7 240H 2.5 GHz,Windows 11 Pro,,Plastic,Not Found,NTSC: 45%,Anti-glare display,8GB DDR5 SO-DIMM,"512GB M.2 2280 NVMe™ PCIe® 4.0 SSD
SSD Housing for storage expansion",US MIL-STD 810H military-grade standard,0.87,#N/A,Plastic,LED Backlit,#VALUE!,Not Found,"2x DDR5 SO-DIMM slots
1x M.2 2230 PCIe 4.0x4
1x M.2 2280 PCIe 4.0x4"
90NX08Z1-M002D0,BG1409CVA-S67150WR,ASUS ExpertBook BG1,Trusted by IT Experts. Built for Worry-Free Business.,"- Dual USB-C (PD/DP) with RJ-45, HDMI, USB-A—one cable powers and displays
- Tool-less access to an open SO-DIMM and M.2 slot enables rapid RAM or SSD upgrades
- 3-year warranty plus MIL-STD-810H toughness ensure built-in long-term reliability",0,90NX08Z1-M002D0,ASUS ExpertBook BG1 (Core 7 240H/DDR5 SO-DIMM *2/512GB//BG1409CVA),Intel® Core™ 7 240H 2.5 GHz,"Windows 11 Home - ASUS recommends Windows 11 Pro for business

* Windows 11 Home is available only as the Single Language edition. Learn more about Windows 11 Home Single language: https://support.microsoft.com/article/eaf060a6-3642-4612-6b75-b34e57a08abf",,Plastic,Not Found,NTSC: 45%,Anti-glare display,8GB DDR5 SO-DIMM *2,"512GB M.2 2280 NVMe™ PCIe® 4.0 SSD
SSD Housing for storage expansion",US MIL-STD 810H military-grade standard,0.87,#N/A,Plastic,LED Backlit,#VALUE!,Not Found,"2x DDR5 SO-DIMM slots
1x M.2 2230 PCIe 4.0x4
1x M.2 2280 PCIe 4.0x4"
90NX08Z1-M002E0,BG1409CVA-S67150XR,ASUS ExpertBook BG1,Trusted by IT Experts. Built for Worry-Free Business.,"- Dual USB-C (PD/DP) with RJ-45, HDMI, USB-A—one cable powers and displays
- Tool-less access to an open SO-DIMM and M.2 slot enables rapid RAM or SSD upgrades
- 3-year warranty plus MIL-STD-810H toughness ensure built-in long-term reliability",0,90NX08Z1-M002E0,ASUS ExpertBook BG1 (Core 7 240H/DDR5 SO-DIMM *2/512GB//BG1409CVA),Intel® Core™ 7 240H 2.5 GHz,Windows 11 Pro,,Plastic,Not Found,NTSC: 45%,Anti-glare display,8GB DDR5 SO-DIMM *2,"512GB M.2 2280 NVMe™ PCIe® 4.0 SSD
SSD Housing for storage expansion",US MIL-STD 810H military-grade standard,0.87,#N/A,Plastic,LED Backlit,#VALUE!,Not Found,"2x DDR5 SO-DIMM slots
1x M.2 2230 PCIe 4.0x4
1x M.2 2280 PCIe 4.0x4"
90NX08Z1-M002F0,BG1409CVA-S67110WR,ASUS ExpertBook BG1,Trusted by IT Experts. Built for Worry-Free Business.,"- Dual USB-C (PD/DP) with RJ-45, HDMI, USB-A—one cable powers and displays
- Tool-less access to an open SO-DIMM and M.2 slot enables rapid RAM or SSD upgrades
- 3-year warranty plus MIL-STD-810H toughness ensure built-in long-term reliability",0,90NX08Z1-M002F0,ASUS ExpertBook BG1 (Core 7 240H/DDR5 SO-DIMM *2/512GB//BG1409CVA),Intel® Core™ 7 240H 2.5 GHz,"Windows 11 Home - ASUS recommends Windows 11 Pro for business

* Windows 11 Home is available only as the Single Language edition. Learn more about Windows 11 Home Single language: https://support.microsoft.com/article/eaf060a6-3642-4612-6b75-b34e57a08abf",,Plastic,Not Found,NTSC: 45%,Anti-glare display,8GB DDR5 SO-DIMM *2,512GB M.2 2280 NVMe™ PCIe® 4.0 SSD + 512GB M.2 2230 NVMe™ PCIe® 4.0 SSD(RAID0),US MIL-STD 810H military-grade standard,0.87,#N/A,Plastic,LED Backlit,#VALUE!,Not Found,"2x DDR5 SO-DIMM slots
1x M.2 2230 PCIe 4.0x4
1x M.2 2280 PCIe 4.0x4"
90NX08Z1-M002H0,BG1409CVA-S67110XR,ASUS ExpertBook BG1,Trusted by IT Experts. Built for Worry-Free Business.,"- Dual USB-C (PD/DP) with RJ-45, HDMI, USB-A—one cable powers and displays
- Tool-less access to an open SO-DIMM and M.2 slot enables rapid RAM or SSD upgrades
- 3-year warranty plus MIL-STD-810H toughness ensure built-in long-term reliability",0,90NX08Z1-M002H0,ASUS ExpertBook BG1 (Core 7 240H/DDR5 SO-DIMM *2/512GB//BG1409CVA),Intel® Core™ 7 240H 2.5 GHz,Windows 11 Pro,,Plastic,Not Found,NTSC: 45%,Anti-glare display,8GB DDR5 SO-DIMM *2,512GB M.2 2280 NVMe™ PCIe® 4.0 SSD + 512GB M.2 2230 NVMe™ PCIe® 4.0 SSD(RAID0),US MIL-STD 810H military-grade standard,0.87,#N/A,Plastic,LED Backlit,#VALUE!,Not Found,"2x DDR5 SO-DIMM slots
1x M.2 2230 PCIe 4.0x4
1x M.2 2280 PCIe 4.0x4"
90NX0933-M00UA0,CX1405CTA-S65810,ASUS Chromebook CX14,"Every experience, stepped up",0,0,90NX0933-M00UA0,ASUS Chromebook CX14 (Intel® N50/LPDDR5/128GB/ChromeOS/CX1405CTA),Intel® N50 1.0 GHz,Intel® UHD Graphics,ChromeOS,0,"14""",FHD 1920X1080 16:9,300nits,8GB LPDDR5,128GB EMMC,"1x USB 3.2 Gen 1 Type-A
2x USB 3.2 Gen 1 Type-C support display / power delivery
1x HDMI 1.4
1x 3.5mm Combo Audio Jack",1.389 Kg,32.45 x 21.44 x 1.70 ~ 1.99 cm,0,0,42WHrs,"TYPE-C, 45W AC Adapter",0
90NX0971-M004D0,PM3406CKA-NZ7310WS,ASUS ExpertBook PM3,AI-Powered. Expert-Crafted.,"- Revolutionary 16:10 immersive display with more usable space and ultra-slim bezels
- Dual SO-DIMM and dual SSD design for easy upgrades and long-term flexibility
- Worry-free durability with a 3-year international warranty and tested military-grade toughness",https://drive.google.com/drive/folders/1ruSnUHrysv3oBjekIYRVw8QopLyt1ZMv,90NX0971-M004D0,ASUS ExpertBook PM3 (AMD Ryzen™AI 7 350 2.0GHz/32GB/1TB/Win 11 Home/PM3406CKA),"AMD Ryzen™AI 7 350 2.0GHz 
 NPU 50 TOPs",AMD Radeon™ 860M,Windows 11 Home,"Microsoft Office Home 2024

Microsoft 365 Basic",Not Found,WQXGA (2560 x 1600) 16:10,400nits,DDR5 32GB,1TB M.2 2280 NVMe™ PCIe® 4.0 SSD,"2x USB 3.2 Gen 1 Type-A
2x USB 3.2 Gen 2 Type-C support display / power delivery
1x HDMI 2.1 TMDS
1x 3.5mm Combo Audio Jack
1x RJ45 Gigabit Ethernet",1.42 kg (3.13 lbs),31.27 x 22.71 x 1.79 ~ 1.80 cm,"2x DDR5 SO-DIMM slots
1x M.2 2230 PCIe 4.0x4
1x M.2 2280 PCIe 4.0x4",Backpack,70WHrs,"TYPE-C, 90W AC Adapter",FingerPrint
90NX0971-M008C0,PM3406CKA-NZ5150WS,ASUS ExpertBook PM3,AI-Powered. Expert-Crafted.,"- Revolutionary 16:10 immersive display with more usable space and ultra-slim bezels
- Dual SO-DIMM and dual SSD design for easy upgrades and long-term flexibility
- Worry-free durability with a 3-year international warranty and tested military-grade toughness",https://drive.google.com/drive/folders/1vY94hHq1stntYEShH3jUJ3cLiYokwlUz?usp=drive_link,90NX0971-M008C0,ASUS ExpertBook PM3 (AMD Ryzen™AI 5 330 2.0GHz/16GB/512GB/Win 11 Home/PM3406CKA),"AMD Ryzen™AI 5 330 2.0GHz 
 NPU 50 TOPs",AMD Radeon™ 820M,Windows 11 Home,"Microsoft Office Home 2024

Microsoft 365 Basic",Not Found,WQXGA (2560 x 1600) 16:10,400nits,DDR5 16GB,512GB M.2 2280 NVMe™ PCIe® 4.0 SSD,"2x USB 3.2 Gen 1 Type-A
2x USB 3.2 Gen 2 Type-C support display / power delivery
1x HDMI 2.1 TMDS
1x 3.5mm Combo Audio Jack
1x RJ45 Gigabit Ethernet",1.42 kg (3.13 lbs),31.27 x 22.71 x 1.79 ~ 1.80 cm,"2x DDR5 SO-DIMM slots
1x M.2 2230 PCIe 4.0x4
1x M.2 2280 PCIe 4.0x4",Backpack,70WHrs,"TYPE-C, 65W AC Adapter",FingerPrint
90NX09C1-M002H0,PM1403CDA-S65850WS,ASUS ExpertBook PM1,"Elevate your efficiency, anywhere","- Ultra-light at just 1.4 kg — effortless to carry, perfect for life on the move
- Flexible and future-ready with dual SO-DIMM, dual M.2, and easy upgrade options
- Worry-free durability with 3-year international warranty and 24 military-grade tests passed",0,90NX09C1-M002H0,ASUS ExpertBook PM1 (R5 7535HS/8GB/512GB/Win 11 Home/PM1403CDA),AMD Ryzen™ 5 7535HS 3.3GHz,AMD Radeon™ 660M,Windows 11 Home,"Microsoft Office Home 2024

Microsoft 365 Basic",Not Found,FHD (1920 x 1080) 16:9,300nits,DDR5 8GB,"512GB M.2 2280 NVMe™ PCIe® 4.0 SSD
*ASUS continually improves product parts. It is recommended that you install the M.2 SSD module under professional supervision, which may void your warranty. Please contact sales for any related questions.
SSD Housing for storage expansion","2x USB 3.2 Gen 1 Type-A
2x USB 3.2 Gen 2 Type-C support display / power delivery
1x HDMI 1.4
1x 3.5mm Combo Audio Jack
1x RJ45 Gigabit Ethernet",1.40 kg (3.09 lbs),32.45 x 21.44 x 1.97 ~ 1.97 cm,"2x DDR5 SO-DIMM slots
1x M.2 2230 PCIe 4.0x4
1x M.2 2280 PCIe 4.0x4",Backpack,50WHrs,"TYPE-C, 65W AC Adapter",FingerPrint
90NX09C1-M005N0,PM1403CDA-S65150WS,ASUS ExpertBook PM1,"Elevate your efficiency, anywhere","- Ultra-light at just 1.4 kg — effortless to carry, perfect for life on the move
- Flexible and future-ready with dual SO-DIMM, dual M.2, and easy upgrade options
- Worry-free durability with 3-year international warranty and 24 military-grade tests passed",0,90NX09C1-M005N0,ASUS ExpertBook PM1 (R5 7535HS/16GB/512GB/Win 11 Home/PM1403CDA),AMD Ryzen™ 5 7535HS 3.3GHz,AMD Radeon™ 660M,Windows 11 Home,"Microsoft Office Home 2024

Microsoft 365 Basic",Not Found,FHD (1920 x 1080) 16:9,300nits,DDR5 16GB,"512GB M.2 2280 NVMe™ PCIe® 4.0 SSD
*ASUS continually improves product parts. It is recommended that you install the M.2 SSD module under professional supervision, which may void your warranty. Please contact sales for any related questions.
SSD Housing for storage expansion","2x USB 3.2 Gen 1 Type-A
2x USB 3.2 Gen 2 Type-C support display / power delivery
1x HDMI 1.4
1x 3.5mm Combo Audio Jack
1x RJ45 Gigabit Ethernet",1.40 kg (3.09 lbs),32.45 x 21.44 x 1.97 ~ 1.97 cm,"2x DDR5 SO-DIMM slots
1x M.2 2230 PCIe 4.0x4
1x M.2 2280 PCIe 4.0x4",Backpack,50WHrs,"TYPE-C, 65W AC Adapter",FingerPrint
90NX09C1-M005U0,PM1403CDA-S67151WS,ASUS ExpertBook PM1,"Elevate your efficiency, anywhere","- Ultra-light at just 1.4 kg — effortless to carry, perfect for life on the move
- Flexible and future-ready with dual SO-DIMM, dual M.2, and easy upgrade options
- Worry-free durability with 3-year international warranty and 24 military-grade tests passed",0,90NX09C1-M005U0,ASUS ExpertBook PM1 (R7 170/16GB/512GB/Win 11 Home/PM1403CDA),AMD Ryzen™ 7 170 3.2GHz,AMD Radeon™ Graphics,Windows 11 Home,"Microsoft Office Home 2024

Microsoft 365 Basic",Not Found,FHD (1920 x 1080) 16:9,300nits,DDR5 16GB,"512GB M.2 2280 NVMe™ PCIe® 4.0 SSD
*ASUS continually improves product parts. It is recommended that you install the M.2 SSD module under professional supervision, which may void your warranty. Please contact sales for any related questions.
SSD Housing for storage expansion","2x USB 3.2 Gen 1 Type-A
2x USB 3.2 Gen 2 Type-C support display / power delivery
1x HDMI 1.4
1x 3.5mm Combo Audio Jack
1x RJ45 Gigabit Ethernet",1.40 kg (3.09 lbs),32.45 x 21.44 x 1.97 ~ 1.97 cm,"2x DDR5 SO-DIMM slots
1x M.2 2230 PCIe 4.0x4
1x M.2 2280 PCIe 4.0x4",Backpack,50WHrs,"TYPE-C, 65W AC Adapter",FingerPrint
90NX09C1-M005Z0,PM1403CDA-S65151WS,ASUS ExpertBook PM1,"Elevate your efficiency, anywhere","- Ultra-light at just 1.4 kg — effortless to carry, perfect for life on the move
- Flexible and future-ready with dual SO-DIMM, dual M.2, and easy upgrade options
- Worry-free durability with 3-year international warranty and 24 military-grade tests passed",0,90NX09C1-M005Z0,ASUS ExpertBook PM1 (R5 150/16GB/512GB/Win 11 Home/PM1403CDA),AMD Ryzen™ 5 150 3.3GHz,AMD Radeon™ Graphics,Windows 11 Home,"Microsoft Office Home 2024

Microsoft 365 Basic",Not Found,FHD (1920 x 1080) 16:9,300nits,DDR5 16GB,"512GB M.2 2280 NVMe™ PCIe® 4.0 SSD
*ASUS continually improves product parts. It is recommended that you install the M.2 SSD module under professional supervision, which may void your warranty. Please contact sales for any related questions.
SSD Housing for storage expansion","2x USB 3.2 Gen 1 Type-A
2x USB 3.2 Gen 2 Type-C support display / power delivery
1x HDMI 1.4
1x 3.5mm Combo Audio Jack
1x RJ45 Gigabit Ethernet",1.40 kg (3.09 lbs),32.45 x 21.44 x 1.97 ~ 1.97 cm,"2x DDR5 SO-DIMM slots
1x M.2 2230 PCIe 4.0x4
1x M.2 2280 PCIe 4.0x4",Backpack,50WHrs,"TYPE-C, 65W AC Adapter",FingerPrint
90NX09C1-M00CB0,PM1403CDA-S65851WS,ASUS ExpertBook PM1,"Elevate your efficiency, anywhere","- Ultra-light at just 1.4 kg — effortless to carry, perfect for life on the move
- Flexible and future-ready with dual SO-DIMM, dual M.2, and easy upgrade options
- Worry-free durability with 3-year international warranty and 24 military-grade tests passed",0,90NX09C1-M00CB0,ASUS ExpertBook PM1 (R5 150/8GB/512GB/Win 11 Home/PM1403CDA),AMD Ryzen™ 5 150 3.3GHz,AMD Radeon™ Graphics,Windows 11 Home,"Microsoft Office Home 2024

Microsoft 365 Basic",Not Found,FHD (1920 x 1080) 16:9,300nits,DDR5 8GB,"512GB M.2 2280 NVMe™ PCIe® 4.0 SSD
*ASUS continually improves product parts. It is recommended that you install the M.2 SSD module under professional supervision, which may void your warranty. Please contact sales for any related questions.
SSD Housing for storage expansion","2x USB 3.2 Gen 1 Type-A
2x USB 3.2 Gen 2 Type-C support display / power delivery
1x HDMI 1.4
1x 3.5mm Combo Audio Jack
1x RJ45 Gigabit Ethernet",1.40 kg (3.09 lbs),32.45 x 21.44 x 1.97 ~ 1.97 cm,"2x DDR5 SO-DIMM slots
1x M.2 2230 PCIe 4.0x4
1x M.2 2280 PCIe 4.0x4",Backpack,50WHrs,"TYPE-C, 65W AC Adapter",FingerPrint
90NX09J1-M018W0,B9406CAA-THX7312WS,ASUS ExpertBook Ultra,The Flagship Of The Industry. Period.,"- Equiped with a 14-inch 3K tandem OLED Touch screen with up to 1400 nits HDR brightness.
- All-metal chassis weighs just up to 0.99 kg, yet delivers 9H durability through Nano Ceramic Technology.
- Powered by up to Intel® Core™ Ultra X9 Series 3 processor with Intel® Arc™ graphics, achieving next-level performance.
",https://drive.google.com/drive/folders/16JfUh8h1NEkZxaenau9ZfROcW9iEHy-T?usp=sharing,90NX09J1-M018W0,ASUS ExpertBook Ultra (Intel® Core™ Ultra X7 358H/32GB/1TB/Win 11 Home/B9406CAA),"Intel® Core™ Ultra X7 358H 1.9 GHz 
 Intel® AI Boost NPU up to 50 TOPS",Intel® Arc™ Graphics(available for Intel® Core™ Ultra H 5/7/9 with dual channel memory),Windows 11 Home,"Microsoft Office Home 2024
Microsoft 365 Basic",Not Found,WQXGA+ (2880 x 1800) 16:10,600nits (1400nits HDR peak brightness),LPDDR5X 32GB,1TB M.2 2280 NVMe™ PCIe® 4.0 SSD,"2x USB 3.2 Gen 2 Type-A
2x Thunderbolt™ 4, compliant with USB4, support display / power delivery
1x HDMI 2.1 TMDS
1x 3.5mm Combo Audio Jack",1.10 kg (2.43 lbs),31.09 x 21.28 x 1.09 ~ 1.64 cm,1x M.2 2280 PCIe 4.0x4,"Sleeve
USB3 TO LAN DONGLE",70WHrs,"TYPE-C, 90W AC Adapter",FingerPrint
90NX09J1-M019E0,B9406CAA-THX7312X,ASUS ExpertBook Ultra,The Flagship Of The Industry. Period.,"- Equiped with a 14-inch 3K tandem OLED Touch screen with up to 1400 nits HDR brightness.
- All-metal chassis weighs just up to 0.99 kg, yet delivers 9H durability through Nano Ceramic Technology.
- Powered by up to Intel® Core™ Ultra X9 Series 3 processor with Intel® Arc™ graphics, achieving next-level performance.
",https://drive.google.com/drive/folders/16JfUh8h1NEkZxaenau9ZfROcW9iEHy-T?usp=sharing,90NX09J1-M019E0,ASUS ExpertBook Ultra (Intel® Core™ Ultra X7 358H/32GB/1TB/Win 11 Pro/B9406CAA),"Intel® Core™ Ultra X7 358H 1.9 GHz 
 Intel® AI Boost NPU up to 50 TOPS",Intel® Arc™ Graphics(available for Intel® Core™ Ultra H 5/7/9 with dual channel memory),Windows 11 Pro,1-month trial for new Microsoft 365 customers. Credit card required.,Not Found,WQXGA+ (2880 x 1800) 16:10,600nits (1400nits HDR peak brightness),LPDDR5X 32GB,1TB M.2 2280 NVMe™ PCIe® 4.0 SSD,"2x USB 3.2 Gen 2 Type-A
2x Thunderbolt™ 4, compliant with USB4, support display / power delivery
1x HDMI 2.1 TMDS
1x 3.5mm Combo Audio Jack",1.10 kg (2.43 lbs),31.09 x 21.28 x 1.09 ~ 1.64 cm,1x M.2 2280 PCIe 4.0x4,"Sleeve
USB3 TO LAN DONGLE",70WHrs,"TYPE-C, 90W AC Adapter",FingerPrint
90NX09J1-M019F0,B9406CAA-THX7622X,ASUS ExpertBook Ultra,The Flagship Of The Industry. Period.,"- Equiped with a 14-inch 3K tandem OLED Touch screen with up to 1400 nits HDR brightness.
- All-metal chassis weighs just up to 0.99 kg, yet delivers 9H durability through Nano Ceramic Technology.
- Powered by up to Intel® Core™ Ultra X9 Series 3 processor with Intel® Arc™ graphics, achieving next-level performance.
",https://drive.google.com/drive/folders/1_JdYgGdB0yO95qnkLbCMbuY9ibfzPIbf?usp=sharing,90NX09J1-M019F0,ASUS ExpertBook Ultra (Intel® Core™ Ultra X7 358H/64GB/2TB/Win 11 Pro/B9406CAA),"Intel® Core™ Ultra X7 358H 1.9 GHz 
 Intel® AI Boost NPU up to 50 TOPS",Intel® Arc™ Graphics(available for Intel® Core™ Ultra H 5/7/9 with dual channel memory),Windows 11 Pro,1-month trial for new Microsoft 365 customers. Credit card required.,Not Found,WQXGA+ (2880 x 1800) 16:10,600nits (1400nits HDR peak brightness),LPDDR5X 64GB,2TB M.2 2280 NVMe™ PCIe® 5.0 SSD,"2x USB 3.2 Gen 2 Type-A
2x Thunderbolt™ 4, compliant with USB4, support display / power delivery
1x HDMI 2.1 TMDS
1x 3.5mm Combo Audio Jack",1.10 kg (2.43 lbs),31.09 x 21.28 x 1.09 ~ 1.64 cm,1x M.2 2280 PCIe 4.0x4,"Sleeve
USB3 TO LAN DONGLE",70WHrs,"TYPE-C, 90W AC Adapter",FingerPrint
90NX09J1-M01MT0,B9406CAA-TG5152WS,ASUS ExpertBook Ultra,The Flagship Of The Industry. Period.,"- Equiped with a 14-inch 3K OLED Touch screen with up to 1000 nits HDR brightness.
- All-metal chassis weighs just up to 0.99 kg, yet delivers 9H durability through Nano Ceramic Technology.
- Powered by up to Intel® Core™ Ultra X9 Series 3 processor with Intel® Arc™ graphics, achieving next-level performance.
",0,90NX09J1-M01MT0,ASUS ExpertBook Ultra (U5 325/16GB/512GB/Win 11 Home/B9406CAA),"Intel® Core™ Ultra 5 325 2.1 GHz 
 Intel® AI Boost NPU up to 47 TOPS",Intel® Graphics,Windows 11 Home,"Microsoft Office Home 2024
Microsoft 365 Basic",Not Found,WQXGA+ (2880 x 1800) 16:10,450nits (1000nits HDR peak brightness),LPDDR5X 16GB,512GB M.2 2280 NVMe™ PCIe® 4.0 SSD,"2x USB 3.2 Gen 2 Type-A
2x Thunderbolt™ 4, compliant with USB4, support display / power delivery
1x HDMI 2.1 TMDS
1x 3.5mm Combo Audio Jack",0.99 kg (2.18 lbs),31.09 x 21.28 x 1.09 ~ 1.64 cm,1x M.2 2280 PCIe 4.0x4,"Sleeve
USB3 TO LAN DONGLE",70WHrs,"TYPE-C, 90W AC Adapter",FingerPrint
90NX09J2-M00PU0,B9406CAA-THX7310X,ASUS ExpertBook Ultra,The Flagship Of The Industry. Period.,"- Equiped with a 14-inch 3K tandem OLED Touch screen with up to 1400 nits HDR brightness.
- All-metal chassis weighs just up to 0.99 kg, yet delivers 9H durability through Nano Ceramic Technology.
- Powered by up to Intel® Core™ Ultra X9 Series 3 processor with Intel® Arc™ graphics, achieving next-level performance.
",https://drive.google.com/drive/folders/18NU5fFBlbyCscI0qFKmoLI31E67Y-cfE?usp=sharing,90NX09J2-M00PU0,ASUS ExpertBook Ultra (Intel® Core™ Ultra X7 358H/32GB/1TB/Win 11 Pro/B9406CAA),"Intel® Core™ Ultra X7 358H 1.9 GHz 
 Intel® AI Boost NPU up to 50 TOPS",Intel® Arc™ Graphics(available for Intel® Core™ Ultra H 5/7/9 with dual channel memory),Windows 11 Pro,1-month trial for new Microsoft 365 customers. Credit card required.,Not Found,WQXGA+ (2880 x 1800) 16:10,600nits (1400nits HDR peak brightness),LPDDR5X 32GB,1TB M.2 2280 NVMe™ PCIe® 4.0 SSD,"2x USB 3.2 Gen 2 Type-A
2x Thunderbolt™ 4, compliant with USB4, support display / power delivery
1x HDMI 2.1 TMDS
1x 3.5mm Combo Audio Jack",1.10 kg (2.43 lbs),31.09 x 21.28 x 1.09 ~ 1.64 cm,1x M.2 2280 PCIe 4.0x4,"Sleeve
USB3 TO LAN DONGLE",70WHrs,"TYPE-C, 90W AC Adapter",FingerPrint
90NX09J2-M01390,B9406CAA-THX7620X,ASUS ExpertBook Ultra,The Flagship Of The Industry. Period.,"- Equiped with a 14-inch 3K tandem OLED Touch screen with up to 1400 nits HDR brightness.
- All-metal chassis weighs just up to 0.99 kg, yet delivers 9H durability through Nano Ceramic Technology.
- Powered by up to Intel® Core™ Ultra X9 Series 3 processor with Intel® Arc™ graphics, achieving next-level performance.
",https://drive.google.com/drive/folders/1JoCtEwNOfz8-znqhkI6Ig27Pb7_Tngn8?usp=sharing,90NX09J2-M01390,ASUS ExpertBook Ultra (Intel® Core™ Ultra X7 358H/64GB/2TB/Win 11 Pro/B9406CAA),"Intel® Core™ Ultra X7 358H 1.9 GHz 
 Intel® AI Boost NPU up to 50 TOPS",Intel® Arc™ Graphics(available for Intel® Core™ Ultra H 5/7/9 with dual channel memory),Windows 11 Pro,1-month trial for new Microsoft 365 customers. Credit card required.,Not Found,WQXGA+ (2880 x 1800) 16:10,600nits (1400nits HDR peak brightness),LPDDR5X 64GB,2TB M.2 2280 NVMe™ PCIe® 5.0 SSD,"2x USB 3.2 Gen 2 Type-A
2x Thunderbolt™ 4, compliant with USB4, support display / power delivery
1x HDMI 2.1 TMDS
1x 3.5mm Combo Audio Jack",1.10 kg (2.43 lbs),31.09 x 21.28 x 1.09 ~ 1.64 cm,1x M.2 2280 PCIe 4.0x4,"Sleeve
USB3 TO LAN DONGLE",70WHrs,"TYPE-C, 90W AC Adapter",FingerPrint
90NX09J2-M018X0,B9406CAA-THX7313WS,ASUS ExpertBook Ultra,The Flagship Of The Industry. Period.,"- Equiped with a 14-inch 3K tandem OLED Touch screen with up to 1400 nits HDR brightness.
- All-metal chassis weighs just up to 0.99 kg, yet delivers 9H durability through Nano Ceramic Technology.
- Powered by up to Intel® Core™ Ultra X9 Series 3 processor with Intel® Arc™ graphics, achieving next-level performance.
",https://drive.google.com/drive/folders/1qyBK0fnEs5kHJ1q6-jJP6CVr0A_23Vl_?usp=sharing,90NX09J2-M018X0,ASUS ExpertBook Ultra (Intel® Core™ Ultra X7 358H/32GB/1TB/Win 11 Home/B9406CAA),"Intel® Core™ Ultra X7 358H 1.9 GHz 
 Intel® AI Boost NPU up to 50 TOPS",Intel® Arc™ Graphics(available for Intel® Core™ Ultra H 5/7/9 with dual channel memory),Windows 11 Home,"Microsoft Office Home 2024
Microsoft 365 Basic",Not Found,WQXGA+ (2880 x 1800) 16:10,600nits (1400nits HDR peak brightness),LPDDR5X 32GB,1TB M.2 2280 NVMe™ PCIe® 4.0 SSD,"2x USB 3.2 Gen 2 Type-A
2x Thunderbolt™ 4, compliant with USB4, support display / power delivery
1x HDMI 2.1 TMDS
1x 3.5mm Combo Audio Jack",1.10 kg (2.43 lbs),31.09 x 21.28 x 1.09 ~ 1.64 cm,1x M.2 2280 PCIe 4.0x4,"Sleeve
USB3 TO LAN DONGLE",70WHrs,"TYPE-C, 90W AC Adapter",FingerPrint
90NX09J2-M01MU0,B9406CAA-TG5153WS,ASUS ExpertBook Ultra,The Flagship Of The Industry. Period.,"- Equiped with a 14-inch 3K OLED Touch screen with up to 1000 nits HDR brightness.
- All-metal chassis weighs just up to 0.99 kg, yet delivers 9H durability through Nano Ceramic Technology.
- Powered by up to Intel® Core™ Ultra X9 Series 3 processor with Intel® Arc™ graphics, achieving next-level performance.
",https://drive.google.com/drive/folders/111Xq5Z2qjDB_taptQjAghq8_9sGwhCuN,90NX09J2-M01MU0,ASUS ExpertBook Ultra (U5 325/16GB/512GB/Win 11 Home/B9406CAA),"Intel® Core™ Ultra 5 325 2.1 GHz 
 Intel® AI Boost NPU up to 47 TOPS",Intel® Graphics,Windows 11 Home,"Microsoft Office Home 2024
Microsoft 365 Basic",Not Found,WQXGA+ (2880 x 1800) 16:10,450nits (1000nits HDR peak brightness),LPDDR5X 16GB,512GB M.2 2280 NVMe™ PCIe® 4.0 SSD,"2x USB 3.2 Gen 2 Type-A
2x Thunderbolt™ 4, compliant with USB4, support display / power delivery
1x HDMI 2.1 TMDS
1x 3.5mm Combo Audio Jack",0.99 kg (2.18 lbs),31.09 x 21.28 x 1.09 ~ 1.64 cm,1x M.2 2280 PCIe 4.0x4,"Sleeve
USB3 TO LAN DONGLE",70WHrs,"TYPE-C, 90W AC Adapter",FingerPrint
90NX09U1-M00A20,PM3406CHAP-LY7152WS,ASUS ExpertBook PM3,Built to elevate your everyday.,"- Revolutionary 16:10 immersive display with more usable space and ultra-slim bezels
- Dual SO-DIMM and dual SSD design for easy upgrades and long-term flexibility
- Worry-free durability with a 3-year international warranty and tested military-grade toughness",https://drive.google.com/drive/folders/1CSGHpuZqAMujOdF8Sb_dbKtgDha2WFz6,90NX09U1-M00A20,ASUS ExpertBook PM3 (R7 8840HS/16GB/512GB/Win 11 Home/PM3406CHAP),"AMD Ryzen™ 7 8840HS 3.3GHz 
 AMD Ryzen™ AI up to 39 TOPs",AMD Radeon™ 780M,Windows 11 Home,"Microsoft Office Home 2024

Microsoft 365 Basic",Not Found,WUXGA (1920 x 1200) 16:10,300nits,DDR5 16GB,512GB M.2 2280 NVMe™ PCIe® 4.0 SSD,"1x USB 3.2 Gen 2 Type-C support display / power delivery
1x USB 4.0 Type-C support display / power deliver
2x USB 3.2 Gen 1 Type-A
1x HDMI 2.1 TMDS
1x 3.5mm Combo Audio Jack
1x RJ45 Gigabit Ethernet",1.54 kg (3.40 lbs),31.60 x 22.78 x 1.17 ~ 1.99 cm,"2x DDR5 SO-DIMM slots
1x M.2 2230 PCIe 4.0x4
1x M.2 2280 PCIe 4.0x4",Backpack,70WHrs,"TYPE-C, 65W AC Adapter",FingerPrint
90NX0A91-M007Y0,P5405CAA-NZ5150WS,ASUS ExpertBook P5 Gen 2,"Work reimagined, with AI","- Up to Intel® Core™ Ultra 7 Series 3 processor​, featuring three AI processing engines, and up to 64 GB DDR5 Memory.
- Aluminum chassis with stunning 16:10 2.5K 400nits display, delivers deeper contrast and true-to-life colors.
- Full function I/O port with Two USB 3.2 Gen 1 Type-A, Two Thunderbolt™ 4 Type-C, HDMI 2.1 and RJ45 Ethernet.",https://drive.google.com/drive/folders/19q8klAoj_3wYFYBBEsbpI5q_DbJGPU6a?usp=drive_link,90NX0A91-M007Y0,ASUS ExpertBook P5 Gen 2 (U5 325/16GB/512GB/Win 11 Home/P5405CAA),"Intel® Core™ Ultra 5 325 2.1 GHz 
 Intel® AI Boost NPU up to 47 TOPS",Intel® Graphics,Windows 11 Home,"Microsoft Office Home 2024

Microsoft 365 Basic",Not Found,WQXGA (2560 x 1600) 16:10,400nits,DDR5 16GB,"512GB M.2 2280 NVMe™ PCIe® 4.0 SSD
SSD Housing for storage expansion","2x USB 3.2 Gen 1 Type-A
2x Thunderbolt™ 4, compliant with USB4, support display / power delivery
1x HDMI 2.1
1x 3.5mm Combo Audio Jack
1x RJ45 Gigabit Ethernet",1.42 kg (3.13 lbs),31.51 x 22.68 x 1.00 ~ 1.80 cm,"2x DDR5 SO-DIMM slots
1x M.2 2230 PCIe 4.0x4
1x M.2 2280 PCle 4.0/5.0x4",Backpack,63WHrs,"TYPE-C, 65W AC Adapter",FingerPrint
90NX0A91-M00EL0,P5405CAA-NZ7150WS,ASUS ExpertBook P5 Gen 2,"Work reimagined, with AI","- Up to Intel® Core™ Ultra 7 Series 3 processor​, featuring three AI processing engines, and up to 64 GB DDR5 Memory.
- Aluminum chassis with stunning 16:10 2.5K 400nits display, delivers deeper contrast and true-to-life colors.
- Full function I/O port with Two USB 3.2 Gen 1 Type-A, Two Thunderbolt™ 4 Type-C, HDMI 2.1 and RJ45 Ethernet.",https://drive.google.com/drive/folders/1U0V9qMHuHKIAsH8D-uOM_97SOKdxYtzM?usp=drive_link,90NX0A91-M00EL0,ASUS ExpertBook P5 Gen 2 (U7 356H/16GB/512GB/Win 11 Home/P5405CAA),"Intel® Core™ Ultra 7 356H 1.9 GHz 
 Intel® AI Boost NPU up to 50 TOPS",Intel® Graphics,Windows 11 Home,"Microsoft Office Home 2024

Microsoft 365 Basic",Not Found,WQXGA (2560 x 1600) 16:10,400nits,DDR5 16GB,"512GB M.2 2280 NVMe™ PCIe® 4.0 SSD
SSD Housing for storage expansion","2x USB 3.2 Gen 1 Type-A
2x Thunderbolt™ 4, compliant with USB4, support display / power delivery
1x HDMI 2.1
1x 3.5mm Combo Audio Jack
1x RJ45 Gigabit Ethernet",1.44 kg (3.17 lbs),31.51 x 22.68 x 1.00 ~ 1.80 cm,"2x DDR5 SO-DIMM slots
1x M.2 2230 PCIe 4.0x4
1x M.2 2280 PCle 4.0/5.0x4",Backpack,63WHrs,"TYPE-C, 65W AC Adapter",FingerPrint
90NX0AA1-M00AF0,PM5406CGA-SF7150WS,ASUS ExpertBook PM5,"Work reimagined, with AI","- Aluminum chassis with 16:10 OLED screen, delivers deeper contrast and true-to-life colors.
- All-day portability with up to 28-hour battery life and a lightweight 1.33 kg design
- Supporting up to 45W TDP, the advanced cooling design ensures stable power and optimal temperatures.",https://drive.google.com/file/d/1YxXzyMQAKpxBZd_uQ2Tvjg9_N_lEoB9z/view?usp=drive_link,90NX0AA1-M00AF0,ASUS ExpertBook PM5 (AMD Ryzen™AI 7 445 2.0GHz/16GB/512GB/Win 11 Home/PM5406CGA),"AMD Ryzen™AI 7 445 2.0GHz 
 NPU 50 TOPs",AMD Radeon™ 840M,Windows 11 Home,"Microsoft Office Home 2024

Microsoft 365 Basic",Not Found,WUXGA (1920 x 1200) 16:10,300nits,DDR5 16GB,512GB M.2 2280 NVMe™ PCIe® 4.0 SSD,"1x USB 3.2 Gen 2 Type-C support display / power delivery
1x USB 4.0 Type-C support display / power deliver
2x USB 3.2 Gen 1 Type-A
1x HDMI 2.1 TMDS
1x 3.5mm Combo Audio Jack
1x RJ45 Gigabit Ethernet",1.33 kg (2.93 lbs),31.27 x 22.71 x 1.04 ~ 1.80 cm,"2x DDR5 SO-DIMM slots
1x M.2 2230 PCIe 4.0x4
1x M.2 2280 PCIe 4.0x4",Backpack,70WHrs,"TYPE-C, 90W AC Adapter",FingerPrint
90NX0AM1-M00CH0,P3406CCAP-LY5852WS,ASUS ExpertBook P3 Gen 2,Built to elevate your everyday.,"- Revolutionary 16:10 immersive display with more usable space and ultra-slim bezels
- Up to 70wh, 21hours battery life. Fast charging, 49 mins to 65%.
- Worry-free durability with a 3-year international warranty and tested military-grade toughness",https://drive.google.com/file/d/10II97e0mBwlvJHUSDKCRWhglnwqsY5A9/view?usp=drive_link,90NX0AM1-M00CH0,ASUS ExpertBook P3 Gen 2 (U5 225H/8GB/512GB/Win 11 Home/P3406CCAP),"Intel® Core™ Ultra 5 225H 1.7 GHz 
 Intel® AI Boost NPU up to 13 TOPS",Intel® Graphics,Windows 11 Home,"Microsoft Office Home 2024

Microsoft 365 Basic",Not Found,WUXGA (1920 x 1200) 16:10,300nits,DDR5 8GB,512GB M.2 2280 NVMe™ PCIe® 4.0 SSD,"1x USB 3.2 Gen 2 Type-C support display / power delivery
2x USB 3.2 Gen 1 Type-A
1x Thunderbolt™ 4, compliant with USB4, support display / power delivery
1x HDMI 2.1 TMDS
1x 3.5mm Combo Audio Jack
1x RJ45 Gigabit Ethernet",1.56 kg (3.44 lbs),31.60 x 22.78 x 1.17 ~ 1.99 cm,"2x DDR5 SO-DIMM slots
1x M.2 2230 PCIe 4.0x4
1x M.2 2280 PCIe 4.0x4",Backpack,70WHrs,"TYPE-C, 65W AC Adapter",FingerPrint
90NX0AM1-M00D70,P3406CCAP-LY5822WS,ASUS ExpertBook P3 Gen 2,Built to elevate your everyday.,"- Revolutionary 16:10 immersive display with more usable space and ultra-slim bezels
- Up to 70wh, 21hours battery life. Fast charging, 49 mins to 65%.
- Worry-free durability with a 3-year international warranty and tested military-grade toughness",https://drive.google.com/file/d/1KZhcyuX61HmkfKPdzbPfCIiXCBsrvO5b/view?usp=drive_link,90NX0AM1-M00D70,ASUS ExpertBook P3 Gen 2 (U5 225H/8GB/256GB/Win 11 Home/P3406CCAP),"Intel® Core™ Ultra 5 225H 1.7 GHz 
 Intel® AI Boost NPU up to 13 TOPS",Intel® Graphics,Windows 11 Home,"Microsoft Office Home 2024

Microsoft 365 Basic",Not Found,WUXGA (1920 x 1200) 16:10,300nits,DDR5 8GB,256GB M.2 2280 NVMe™ PCIe® 4.0 SSD,"1x USB 3.2 Gen 2 Type-C support display / power delivery
2x USB 3.2 Gen 1 Type-A
1x Thunderbolt™ 4, compliant with USB4, support display / power delivery
1x HDMI 2.1 TMDS
1x 3.5mm Combo Audio Jack
1x RJ45 Gigabit Ethernet",1.56 kg (3.44 lbs),31.60 x 22.78 x 1.17 ~ 1.99 cm,"2x DDR5 SO-DIMM slots
1x M.2 2230 PCIe 4.0x4
1x M.2 2280 PCIe 4.0x4",Backpack,70WHrs,"TYPE-C, 65W AC Adapter",FingerPrint
90NX0AM1-M00D80,P3406CCAP-LY7852WS,ASUS ExpertBook P3 Gen 2,Built to elevate your everyday.,"- Revolutionary 16:10 immersive display with more usable space and ultra-slim bezels
- Up to 70wh, 21hours battery life. Fast charging, 49 mins to 65%.
- Worry-free durability with a 3-year international warranty and tested military-grade toughness",https://drive.google.com/file/d/1JNsgWgs3Uh-E-WK52KovkrVdcNpQX3oy/view?usp=drive_link,90NX0AM1-M00D80,ASUS ExpertBook P3 Gen 2 (U7 255H/8GB/512GB/Win 11 Home/P3406CCAP),"Intel® Core™ Ultra 7 255H 2.0 GHz 
 Intel® AI Boost NPU up to 13 TOPS",Intel® Graphics,Windows 11 Home,"Microsoft Office Home 2024

Microsoft 365 Basic",Not Found,WUXGA (1920 x 1200) 16:10,300nits,DDR5 8GB,512GB M.2 2280 NVMe™ PCIe® 4.0 SSD,"1x USB 3.2 Gen 2 Type-C support display / power delivery
2x USB 3.2 Gen 1 Type-A
1x Thunderbolt™ 4, compliant with USB4, support display / power delivery
1x HDMI 2.1 TMDS
1x 3.5mm Combo Audio Jack
1x RJ45 Gigabit Ethernet",1.56 kg (3.44 lbs),31.60 x 22.78 x 1.17 ~ 1.99 cm,"2x DDR5 SO-DIMM slots
1x M.2 2230 PCIe 4.0x4
1x M.2 2280 PCIe 4.0x4",Backpack,70WHrs,"TYPE-C, 65W AC Adapter",FingerPrint
90NX0AU1-M006H0,P5406CCA-SF5850WS,ASUS ExpertBook P5 Gen 1,"AI-Efficiency, Vivid Precision","- Aluminum chassis with 16:10 OLED screen, delivers deeper contrast and true-to-life colors.
- All-day portability with up to 28-hour battery life and a lightweight 1.34 kg design
- Supporting up to 45W TDP, the advanced cooling design ensures stable power and optimal temperatures.",https://drive.google.com/drive/folders/1xeCR65spHRpAB-6Q-HFVSFeDWvT5hmlt?usp=drive_link,90NX0AU1-M006H0,ASUS ExpertBook P5 Gen 1 (U5 225H/8GB/512GB/Win 11 Home/P5406CCA),"Intel® Core™ Ultra 5 225H 1.7 GHz 
 Intel® AI Boost NPU up to 13 TOPS",Intel® Graphics,Windows 11 Home,"Microsoft Office Home 2024

Microsoft 365 Basic",Not Found,WUXGA (1920 x 1200) 16:10,300nits,DDR5 8GB,512GB M.2 2280 NVMe™ PCIe® 4.0 SSD,"1x USB 3.2 Gen 2 Type-C support display / power delivery
2x USB 3.2 Gen 1 Type-A
1x Thunderbolt™ 4, compliant with USB4, support display / power delivery
1x HDMI 2.1 TMDS
1x 3.5mm Combo Audio Jack
1x RJ45 Gigabit Ethernet",1.34 kg (2.95 lbs),31.27 x 22.71 x 1.04 ~ 1.79 cm,"2x DDR5 SO-DIMM slots
1x M.2 2230 PCIe 4.0x4
1x M.2 2280 PCIe 4.0x4",Backpack,70WHrs,"TYPE-C, 90W AC Adapter",FingerPrint
90NX0AU1-M006J0,P5406CCA-SF7150WS,ASUS ExpertBook P5 Gen 1,"AI-Efficiency, Vivid Precision","- Aluminum chassis with 16:10 OLED screen, delivers deeper contrast and true-to-life colors.
- All-day portability with up to 28-hour battery life and a lightweight 1.34 kg design
- Supporting up to 45W TDP, the advanced cooling design ensures stable power and optimal temperatures.",https://drive.google.com/drive/folders/1CRmLTYkuW_61TWwnx71lmjPPmzOApzs4?usp=drive_link,90NX0AU1-M006J0,ASUS ExpertBook P5 Gen 1 (U7 255H/16GB/512GB/Win 11 Home/P5406CCA),"Intel® Core™ Ultra 7 255H 2.0 GHz 
 Intel® AI Boost NPU up to 13 TOPS",Intel® Graphics,Windows 11 Home,"Microsoft Office Home 2024

Microsoft 365 Basic",Not Found,WUXGA (1920 x 1200) 16:10,300nits,DDR5 16GB,512GB M.2 2280 NVMe™ PCIe® 4.0 SSD,"1x USB 3.2 Gen 2 Type-C support display / power delivery
2x USB 3.2 Gen 1 Type-A
1x Thunderbolt™ 4, compliant with USB4, support display / power delivery
1x HDMI 2.1 TMDS
1x 3.5mm Combo Audio Jack
1x RJ45 Gigabit Ethernet",1.34 kg (2.95 lbs),31.27 x 22.71 x 1.04 ~ 1.79 cm,"2x DDR5 SO-DIMM slots
1x M.2 2230 PCIe 4.0x4
1x M.2 2280 PCIe 4.0x4",Backpack,70WHrs,"TYPE-C, 90W AC Adapter",FingerPrint
90PF03Y2-M004J0,D500TE-380500033W,Not found Tower,Exceptional small-business value,"- High expandability with Tower 27L with Reliable Performance 
- Comprehensive I/O Port with connectivity  up to 3 monitor display
- Military Grade Certified with Business Security 3 years Onsite service (include 1Y Accidental Damage Protection)",0,90PF03Y2-M004J0,Not found Tower (i3-13100/8GB/512GB/Win 11 Home/D500TE),Intel® Core™ i3-13100 3.4GHz,Intel® UHD Graphics,Windows 11 Home,Not Included,"21.5""",FHD (1920 x 1080) 16:9,250nits,8GB DDR4 U-DIMM,512GB M.2 2280 NVMe™ PCIe® 4.0 SSD,"Front:
1x RJ45 Gigabit Ethernet
1x HDMI 1.4
1x VGA Port
1x Displayport 1.4
2x PS2
3 x Audio jacks
2x USB 2.0 Type-A
2x USB 3.2 Gen 1 Type-A

Rear:
1x Headphone
1x MIC in
2x USB 2.0 Type-A
2x USB 3.2 Gen 1 Type-A
1x 2 in 1 card reader SD / MMC
1x Smart card reader",07.70 kg,17.60 x 39.30 x 38.50 cm,"2x M.2 connector for storage
1x PCIe® 4.0 x 16
2x PCIe® 3.0 x 1
1x M.2 connector for WiFi
2x DDR4 U-DIMM slot","Wired keyboard (USB)
Wired optical mouse (USB)",No Battery,300W,"HDD User Password Protection and Security
Kensington Security Slot™(7x 3mm)
McAfee® 30 days free trial
Padlock loop
Trusted Platform Module (Firmware TPM)"
90PF03Y2-M004L0,D500TE-580500035W,Not found Tower,Exceptional small-business value,"- High expandability with Tower 27L with Reliable Performance 
- Comprehensive I/O Port with connectivity  up to 3 monitor display
- Military Grade Certified with Business Security 3 years Onsite service (include 1Y Accidental Damage Protection)",0,90PF03Y2-M004L0,Not found Tower (i5-13400/8GB/512GB/Win 11 Home/D500TE),Intel® Core™ i5-13400 2.5GHz,Intel® UHD Graphics,Windows 11 Home,Not Included,"21.5""",FHD (1920 x 1080) 16:9,250nits,8GB DDR4 U-DIMM,512GB M.2 2280 NVMe™ PCIe® 4.0 SSD,"Front:
1x RJ45 Gigabit Ethernet
1x HDMI 1.4
1x VGA Port
1x Displayport 1.4
2x PS2
3 x Audio jacks
2x USB 2.0 Type-A
2x USB 3.2 Gen 1 Type-A

Rear:
1x Headphone
1x MIC in
2x USB 2.0 Type-A
2x USB 3.2 Gen 1 Type-A
1x 2 in 1 card reader SD / MMC
1x Smart card reader",07.70 kg,17.60 x 39.30 x 38.50 cm,"2x M.2 connector for storage
1x PCIe® 4.0 x 16
2x PCIe® 3.0 x 1
1x M.2 connector for WiFi
2x DDR4 U-DIMM slot","Wired keyboard (USB)
Wired optical mouse (USB)",No Battery,500W,"HDD User Password Protection and Security
Kensington Security Slot™(7x 3mm)
McAfee® 30 days free trial
Padlock loop
Trusted Platform Module (Firmware TPM)"
90PF03Y2-M004M0,D500TE-580500035X,Not found Tower,Exceptional small-business value,"- High expandability with Tower 27L with Reliable Performance 
- Comprehensive I/O Port with connectivity  up to 3 monitor display
- Military Grade Certified with Business Security 3 years Onsite service (include 1Y Accidental Damage Protection)",0,90PF03Y2-M004M0,Not found Tower (i5-13400/8GB/512GB/Win 11 Home/D500TE),Intel® Core™ i5-13400 2.5GHz,Intel® UHD Graphics,Windows 11 Home,Not Included,"21.5""",FHD (1920 x 1080) 16:9,250nits,8GB DDR4 U-DIMM,512GB M.2 2280 NVMe™ PCIe® 4.0 SSD,"Front:
1x RJ45 Gigabit Ethernet
1x HDMI 1.4
1x VGA Port
1x Displayport 1.4
2x PS2
3 x Audio jacks
2x USB 2.0 Type-A
2x USB 3.2 Gen 1 Type-A

Rear:
1x Headphone
1x MIC in
2x USB 2.0 Type-A
2x USB 3.2 Gen 1 Type-A
1x 2 in 1 card reader SD / MMC
1x Smart card reader",07.70 kg,17.60 x 39.30 x 38.50 cm,"2x M.2 connector for storage
1x PCIe® 4.0 x 16
2x PCIe® 3.0 x 1
1x M.2 connector for WiFi
2x DDR4 U-DIMM slot","Wired keyboard (USB)
Wired optical mouse (USB)",No Battery,500W,"HDD User Password Protection and Security
Kensington Security Slot™(7x 3mm)
McAfee® 30 days free trial
Padlock loop
Trusted Platform Module (Firmware TPM)"
90PF03Y2-M004N0,D500TE-780500035W,Not found Tower,Exceptional small-business value,"- High expandability with Tower 27L with Reliable Performance 
- Comprehensive I/O Port with connectivity  up to 3 monitor display
- Military Grade Certified with Business Security 3 years Onsite service (include 1Y Accidental Damage Protection)",0,90PF03Y2-M004N0,Not found Tower (i7-13700/8GB/512GB/Win 11 Home/D500TE),Intel® Core™ i7-13700 2.1GHz,Intel® UHD Graphics,Windows 11 Home,Not Included,"21.5""",FHD (1920 x 1080) 16:9,250nits,8GB DDR4 U-DIMM,512GB M.2 2280 NVMe™ PCIe® 4.0 SSD,"Front:
1x RJ45 Gigabit Ethernet
1x HDMI 1.4
1x VGA Port
1x Displayport 1.4
2x PS2
3 x Audio jacks
2x USB 2.0 Type-A
2x USB 3.2 Gen 1 Type-A

Rear:
1x Headphone
1x MIC in
2x USB 2.0 Type-A
2x USB 3.2 Gen 1 Type-A
1x 2 in 1 card reader SD / MMC
1x Smart card reader",07.70 kg,17.60 x 39.30 x 38.50 cm,"2x M.2 connector for storage
1x PCIe® 4.0 x 16
2x PCIe® 3.0 x 1
1x M.2 connector for WiFi
2x DDR4 U-DIMM slot","Wired keyboard (USB)
Wired optical mouse (USB)",No Battery,500W,"HDD User Password Protection and Security
Kensington Security Slot™(7x 3mm)
McAfee® 30 days free trial
Padlock loop
Trusted Platform Module (Firmware TPM)"
90PF03Y2-M02LM0,D500TE-585000032W,Not found Tower,Exceptional small-business value,"- High expandability with Tower 27L with Reliable Performance 
- Comprehensive I/O Port with connectivity  up to 3 monitor display
- Military Grade Certified with Business Security 3 years Onsite service (include 1Y Accidental Damage Protection)",0,90PF03Y2-M02LM0,Not found Tower (i5-13500/8GB/512GB/Win 11 Home/D500TE),Intel® Core™ i5-13500 2.5GHz,Intel® UHD Graphics 770,Windows 11 Home,Not Included,"21.5""",FHD (1920 x 1080) 16:9,250nits,8GB DDR4 U-DIMM,512GB M.2 2280 NVMe™ PCIe® 4.0 SSD,"Front:
1x RJ45 Gigabit Ethernet
1x HDMI 1.4
1x VGA Port
1x Displayport 1.4
2x PS2
3 x Audio jacks
2x USB 2.0 Type-A
2x USB 3.2 Gen 1 Type-A

Rear:
1x Headphone
1x MIC in
2x USB 2.0 Type-A
2x USB 3.2 Gen 1 Type-A
1x Headphone
1x Mic in
2x USB 2.0 Type-A
2x USB 3.2 Gen 1 Type-A
1x 2 in 1 card reader SD / MMC
1x Smart card reader",07.70 kg,17.60 x 39.30 x 38.50 cm,"1x PCIe® 4.0 x 16
2x PCIe® 3.0 x 1
1x M.2 connector for WiFi
2x M.2 2280 connector for storage
2x DDR4 U-DIMM slot","Wired Keyboard (USB) with Antimicrobial Guard Technology
Wired optical Mouse (USB) with Antimicrobial Guard Technology",No Battery,200W,"HDD User Password Protection and Security
Kensington Security Slot™(7x 3mm)
McAfee® 30 days free trial
Padlock loop
Trusted Platform Module (Firmware TPM)"
90PF03Y2-M02LN0,D500TE-585000032X,Not found Tower,Exceptional small-business value,"- High expandability with Tower 27L with Reliable Performance 
- Comprehensive I/O Port with connectivity  up to 3 monitor display
- Military Grade Certified with Business Security 3 years Onsite service (include 1Y Accidental Damage Protection)",0,90PF03Y2-M02LN0,Not found Tower (i5-13500/8GB/512GB/Win 11 Home/D500TE),Intel® Core™ i5-13500 2.5GHz,Intel® UHD Graphics 770,Windows 11 Home,Not Included,"21.5""",FHD (1920 x 1080) 16:9,250nits,8GB DDR4 U-DIMM,512GB M.2 2280 NVMe™ PCIe® 4.0 SSD,"Front:
1x RJ45 Gigabit Ethernet
1x HDMI 1.4
1x VGA Port
1x Displayport 1.4
2x PS2
3 x Audio jacks
2x USB 2.0 Type-A
2x USB 3.2 Gen 1 Type-A

Rear:
1x Headphone
1x MIC in
2x USB 2.0 Type-A
2x USB 3.2 Gen 1 Type-A
1x Headphone
1x Mic in
2x USB 2.0 Type-A
2x USB 3.2 Gen 1 Type-A
1x 2 in 1 card reader SD / MMC
1x Smart card reader",07.70 kg,17.60 x 39.30 x 38.50 cm,"1x PCIe® 4.0 x 16
2x PCIe® 3.0 x 1
1x M.2 connector for WiFi
2x M.2 2280 connector for storage
2x DDR4 U-DIMM slot","Wired Keyboard (USB) with Antimicrobial Guard Technology
Wired optical Mouse (USB) with Antimicrobial Guard Technology",No Battery,200W,"HDD User Password Protection and Security
Kensington Security Slot™(7x 3mm)
McAfee® 30 days free trial
Padlock loop
Trusted Platform Module (Firmware TPM)"
90PF03Y2-M02LP0,D500TE-785000035X,Not found Tower,Exceptional small-business value,"- High expandability with Tower 27L with Reliable Performance 
- Comprehensive I/O Port with connectivity  up to 3 monitor display
- Military Grade Certified with Business Security 3 years Onsite service (include 1Y Accidental Damage Protection)",0,90PF03Y2-M02LP0,Not found Tower (i7-13700/8GB/512GB/Win 11 Home/D500TE),Intel® Core™ i7-13700 2.1GHz,Intel® UHD Graphics,Windows 11 Home,Not Included,"21.5""",FHD (1920 x 1080) 16:9,250nits,8GB DDR4 U-DIMM,512GB M.2 2280 NVMe™ PCIe® 4.0 SSD,"Front:
1x RJ45 Gigabit Ethernet
1x HDMI 1.4
1x VGA Port
1x Displayport 1.4
2x PS2
3 x Audio jacks
2x USB 2.0 Type-A
2x USB 3.2 Gen 1 Type-A

Rear:
1x Headphone
1x MIC in
2x USB 2.0 Type-A
2x USB 3.2 Gen 1 Type-A
1x Headphone
1x Mic in
2x USB 2.0 Type-A
2x USB 3.2 Gen 1 Type-A
1x 2 in 1 card reader SD / MMC
1x Smart card reader",07.70 kg,17.60 x 39.30 x 38.50 cm,"1x PCIe® 4.0 x 16
2x PCIe® 3.0 x 1
1x M.2 connector for WiFi
2x M.2 2280 connector for storage
2x DDR4 U-DIMM slot","Wired Keyboard (USB) with Antimicrobial Guard Technology
Wired optical Mouse (USB) with Antimicrobial Guard Technology",No Battery,500W,"HDD User Password Protection and Security
Kensington Security Slot™(7x 3mm)
McAfee® 30 days free trial
Padlock loop
Trusted Platform Module (Firmware TPM)"
90PF03Y2-M03620,D500TE-785000035W,Not found Tower,Exceptional small-business value,"- High expandability with Tower 27L with Reliable Performance 
- Comprehensive I/O Port with connectivity  up to 3 monitor display
- Military Grade Certified with Business Security 3 years Onsite service (include 1Y Accidental Damage Protection)",0,90PF03Y2-M03620,Not found Tower (i7-13700/8GB/512GB/Win 11 Home/D500TE),Intel® Core™ i7-13700 2.1GHz,Intel® UHD Graphics,Windows 11 Home,Not Included,"21.5""",FHD (1920 x 1080) 16:9,250nits,8GB DDR4 U-DIMM,512GB M.2 2280 NVMe™ PCIe® 4.0 SSD,"Front:
1x RJ45 Gigabit Ethernet
1x HDMI 1.4
1x VGA Port
1x Displayport 1.4
2x PS2
3 x Audio jacks
2x USB 2.0 Type-A
2x USB 3.2 Gen 1 Type-A

Rear:
1x Headphone
1x MIC in
2x USB 2.0 Type-A
2x USB 3.2 Gen 1 Type-A
1x Headphone
1x Mic in
2x USB 2.0 Type-A
2x USB 3.2 Gen 1 Type-A",07.70 kg,17.60 x 39.30 x 38.50 cm,"1x PCIe® 4.0 x 16
2x PCIe® 3.0 x 1
1x M.2 connector for WiFi
2x M.2 2280 connector for storage
2x DDR4 U-DIMM slot","Wired Keyboard (USB) with Antimicrobial Guard Technology
Wired optical Mouse (USB) with Antimicrobial Guard Technology",No Battery,500W,"HDD User Password Protection and Security
Kensington Security Slot™(7x 3mm)
McAfee® 30 days free trial
Padlock loop
Trusted Platform Module (Firmware TPM)"
90PF03Y3-M008P0,S500TE-382000003W,Not found S500TE,"Home computing, the smart way","- Reliable Performance for Everyday Productivity on easy upgrade Tower form factor
- Spacious setup for future upgradability : full I/O port, connect up to 3 monitor and high capacity of storage for future upgrade
- Reliable Security and Durability with 2 years full parts warranty",0,90PF03Y3-M008P0,Not found S500TE (i3-13100/8GB/256GB/Win 11 Home/S500TE),Intel® Core™ i3-13100 3.4GHz,Intel® UHD Graphics,Windows 11 Home,Not Included,"21.5""",FHD (1920 x 1080) 16:9,250nits,8GB DDR4 U-DIMM,256GB M.2 2280 NVMe™ PCIe® 4.0 SSD,"Front:
1x RJ45 Gigabit Ethernet
1x HDMI 1.4
1x VGA Port
1x Displayport 1.4
2x PS2
3 x Audio jacks
2x USB 2.0 Type-A
2x USB 3.2 Gen 1 Type-A

Rear:
1x Headphone
1x MIC in
2x USB 2.0 Type-A
2x USB 3.2 Gen 1 Type-A",07.70 kg,17.60 x 39.30 x 38.50 cm,"2x M.2 connector for storage
1x PCIe® 4.0 x 16
2x PCIe® 3.0 x 1
1x M.2 connector for WiFi
2x DDR4 U-DIMM slot","Wired Keyboard (USB) with Antimicrobial Guard Technology
Wired optical Mouse (USB) with Antimicrobial Guard Technology",No Battery,300W,"HDD User Password Protection and Security
Kensington Security Slot™(7x 3mm)
McAfee® 30 days free trial
Padlock loop
Trusted Platform Module (Firmware TPM)"
90PF03Y3-M008S0,S500TE-585000003W,Not found S500TE,Trusted by IT Experts. Built for Worry-Free Business.,"- Reliable Performance for Everyday Productivity on easy upgrade Tower form factor
- Spacious setup for future upgradability : full I/O port, connect up to 3 monitor and high capacity of storage for future upgrade
- Reliable Security and Durability with 2 years full parts warranty",0,90PF03Y3-M008S0,#VALUE!,#VALUE!,8GB DDR4 U-DIMM,,Not Included,"21.5""",FHD (1920 x 1080) 16:9,250nits,"Intel® Core™ i5-13400 Processor 2.5GHz (20MB Cache, up to 4.6GHz, 10 cores, 16 Threads)
N/A",64GB,"Front:
High Definition 7.1 Channel Audio

Rear:
Wi-Fi 6(802.11ax) (Dual band) 2*2 + Bluetooth® 5.2 Wireless Card",Wired Keyboard,#N/A,"1x Headphone
1x MIC in
2x USB 2.0 Type-A
2x USB 3.2 Gen 1 Type-A","3.5"" x 2",No Battery,Not Found,07.70 kg (16.98 lbs)
90PF03Y3-M008U0,S500TE-785000000W,Not found S500TE,"Home computing, the smart way","- Reliable Performance for Everyday Productivity on easy upgrade Tower form factor
- Spacious setup for future upgradability : full I/O port, connect up to 3 monitor and high capacity of storage for future upgrade
- Reliable Security and Durability with 2 years full parts warranty",0,90PF03Y3-M008U0,Not found S500TE (i7-13700/8GB/512GB/Win 11 Home/S500TE),Intel® Core™ i7-13700 2.1GHz,Intel® UHD Graphics,Windows 11 Home,Not Included,"21.5""",FHD (1920 x 1080) 16:9,250nits,8GB DDR4 U-DIMM,512GB M.2 2280 NVMe™ PCIe® 4.0 SSD,"Front:
1x RJ45 Gigabit Ethernet
1x HDMI 1.4
1x VGA Port
1x Displayport 1.4
2x PS2
3 x Audio jacks
2x USB 2.0 Type-A
2x USB 3.2 Gen 1 Type-A

Rear:
1x Headphone
1x MIC in
2x USB 2.0 Type-A
2x USB 3.2 Gen 1 Type-A",07.70 kg,17.60 x 39.30 x 38.50 cm,"2x M.2 connector for storage
1x PCIe® 4.0 x 16
2x PCIe® 3.0 x 1
1x M.2 connector for WiFi
2x DDR4 U-DIMM slot","Wired Keyboard (USB) with Antimicrobial Guard Technology
Wired optical Mouse (USB) with Antimicrobial Guard Technology",No Battery,500W,"HDD User Password Protection and Security
Kensington Security Slot™(7x 3mm)
McAfee® 30 days free trial
Padlock loop
Trusted Platform Module (Firmware TPM)"
90PF03Y3-M008V0,S500TE-785030000W,Not found S500TE,Trusted by IT Experts. Built for Worry-Free Business.,"- Reliable Performance for Everyday Productivity on easy upgrade Tower form factor
- Spacious setup for future upgradability : full I/O port, connect up to 3 monitor and high capacity of storage for future upgrade
- Reliable Security and Durability with 2 years full parts warranty",0,90PF03Y3-M008V0,#VALUE!,#VALUE!,8GB DDR4 U-DIMM,,Not Included,"21.5""",FHD (1920 x 1080) 16:9,250nits,"Intel® Core™ i7-13700 Processor 2.1GHz (30MB Cache, up to 5.1GHz, 16 cores, 24 Threads)
N/A",64GB,"Front:
High Definition 7.1 Channel Audio

Rear:
Wi-Fi 6(802.11ax) (Dual band) 2*2 + Bluetooth® 5.2 Wireless Card",Wired Keyboard,#N/A,"1x Headphone
1x MIC in
2x USB 2.0 Type-A
2x USB 3.2 Gen 1 Type-A","3.5"" x 2",No Battery,Not Found,07.70 kg (16.98 lbs)
90PF03Y3-M008W0,S500TE-715030000W,Not found S500TE,"Home computing, the smart way","- Reliable Performance for Everyday Productivity on easy upgrade Tower form factor
- Spacious setup for future upgradability : full I/O port, connect up to 3 monitor and high capacity of storage for future upgrade
- Reliable Security and Durability with 2 years full parts warranty",0,90PF03Y3-M008W0,Not found S500TE (i7-13700/16GB/512GB/Win 11 Home/S500TE),Intel® Core™ i7-13700 2.1GHz,"NVIDIA® GeForce® GT1030 2GB : 1x DVI, 1x HDMI",Windows 11 Home,Not Included,"21.5""",FHD (1920 x 1080) 16:9,250nits,16GB DDR4 U-DIMM,512GB M.2 2280 NVMe™ PCIe® 4.0 SSD,"Front:
1x RJ45 Gigabit Ethernet
1x HDMI 1.4
1x VGA Port
1x Displayport 1.4
2x PS2
3 x Audio jacks
2x USB 2.0 Type-A
2x USB 3.2 Gen 1 Type-A

Rear:
1x Headphone
1x MIC in
2x USB 2.0 Type-A
2x USB 3.2 Gen 1 Type-A",07.70 kg,17.60 x 39.30 x 38.50 cm,"2x M.2 connector for storage
1x PCIe® 4.0 x 16
2x PCIe® 3.0 x 1
1x M.2 connector for WiFi
2x DDR4 U-DIMM slot","Wired Keyboard (USB) with Antimicrobial Guard Technology
Wired optical Mouse (USB) with Antimicrobial Guard Technology",No Battery,500W,"HDD User Password Protection and Security
Kensington Security Slot™(7x 3mm)
McAfee® 30 days free trial
Padlock loop
Trusted Platform Module (Firmware TPM)"
90PF03Y3-M00H60,S500TE-382000013W,Not found S500TE,"Home computing, the smart way","- Reliable Performance for Everyday Productivity on easy upgrade Tower form factor
- Spacious setup for future upgradability : full I/O port, connect up to 3 monitor and high capacity of storage for future upgrade
- Reliable Security and Durability with 2 years full parts warranty",0,90PF03Y3-M00H60,Not found S500TE (i3-13100/8GB/256GB/Win 11 Home/S500TE),Intel® Core™ i3-13100 3.4GHz,Intel® UHD Graphics,Windows 11 Home,Not Included,"21.5""",FHD (1920 x 1080) 16:9,250nits,8GB DDR4 U-DIMM,256GB M.2 2280 NVMe™ PCIe® 4.0 SSD,"Front:
1x RJ45 Gigabit Ethernet
1x HDMI 1.4
1x VGA Port
1x Displayport 1.4
2x PS2
3 x Audio jacks
2x USB 2.0 Type-A
2x USB 3.2 Gen 1 Type-A

Rear:
1x Headphone
1x MIC in
2x USB 2.0 Type-A
2x USB 3.2 Gen 1 Type-A",07.70 kg,17.60 x 39.30 x 38.50 cm,"2x M.2 connector for storage
1x PCIe® 4.0 x 16
2x PCIe® 3.0 x 1
1x M.2 connector for WiFi
2x DDR4 U-DIMM slot","Wired Keyboard (USB) with Antimicrobial Guard Technology
Wired optical Mouse (USB) with Antimicrobial Guard Technology",No Battery,300W,"HDD User Password Protection and Security
Kensington Security Slot™(7x 3mm)
McAfee® 30 days free trial
Padlock loop
Trusted Platform Module (Firmware TPM)"
90PF03Y3-M01C80,S500TE-585000050W,Not found S500TE,"Home computing, the smart way","- Reliable Performance for Everyday Productivity on easy upgrade Tower form factor
- Spacious setup for future upgradability : full I/O port, connect up to 3 monitor and high capacity of storage for future upgrade
- Reliable Security and Durability with 2 years full parts warranty",0,90PF03Y3-M01C80,Not found S500TE (i5-13500/8GB/512GB/Win 11 Home/S500TE),Intel® Core™ i5-13500 2.5GHz,Intel® UHD Graphics 770,Windows 11 Home,Not Included,"21.5""",FHD (1920 x 1080) 16:9,250nits,8GB DDR4 U-DIMM,512GB M.2 2280 NVMe™ PCIe® 4.0 SSD,"Front:
1x RJ45 Gigabit Ethernet
1x HDMI 1.4
1x VGA Port
1x Displayport 1.4
2x PS2
3 x Audio jacks
2x USB 2.0 Type-A
2x USB 3.2 Gen 1 Type-A

Rear:
1x Headphone
1x MIC in
2x USB 2.0 Type-A
2x USB 3.2 Gen 1 Type-A",07.70 kg,17.60 x 39.30 x 38.50 cm,"2x M.2 connector for storage
1x PCIe® 4.0 x 16
2x PCIe® 3.0 x 1
1x M.2 connector for WiFi
2x DDR4 U-DIMM slot","Wired Keyboard (USB) with Antimicrobial Guard Technology
Wired optical Mouse (USB) with Antimicrobial Guard Technology",No Battery,300W,"HDD User Password Protection and Security
Kensington Security Slot™(7x 3mm)
McAfee® 30 days free trial
Padlock loop
Trusted Platform Module (Firmware TPM)"
90PF03Y3-M02N30,S500TE-382000002W,Not found S500TE,"Home computing, the smart way","- Reliable Performance for Everyday Productivity on easy upgrade Tower form factor
- Spacious setup for future upgradability : full I/O port, connect up to 3 monitor and high capacity of storage for future upgrade
- Reliable Security and Durability with 2 years full parts warranty",0,90PF03Y3-M02N30,Not found S500TE (i3-13100/8GB/256GB/Win 11 Home/S500TE),Intel® Core™ i3-13100 3.4GHz,Intel® UHD Graphics,Windows 11 Home,Not Included,"21.5""",FHD (1920 x 1080) 16:9,250nits,8GB DDR4 U-DIMM,256GB M.2 2280 NVMe™ PCIe® 4.0 SSD,"Front:
1x RJ45 Gigabit Ethernet
1x HDMI 1.4
1x VGA Port
1x Displayport 1.4
2x PS2
3 x Audio jacks
2x USB 2.0 Type-A
2x USB 3.2 Gen 1 Type-A

Rear:
1x Headphone
1x MIC in
2x USB 2.0 Type-A
2x USB 3.2 Gen 1 Type-A
1x Headphone
1x Mic in
2x USB 2.0 Type-A
2x USB 3.2 Gen 1 Type-A",07.70 kg,17.60 x 39.30 x 38.50 cm,"1x PCIe® 4.0 x 16
2x PCIe® 3.0 x 1
1x M.2 connector for WiFi
2x M.2 2280 connector for storage
2x DDR4 U-DIMM slot","Wired Keyboard (USB) with Antimicrobial Guard Technology
Wired optical Mouse (USB) with Antimicrobial Guard Technology",No Battery,200W,"HDD User Password Protection and Security
Kensington Security Slot™(7x 3mm)
McAfee® 30 days free trial
Padlock loop
Trusted Platform Module (Firmware TPM)"
90PF03Y3-M02N40,S500TE-385000002W,Not found S500TE,"Home computing, the smart way","- Reliable Performance for Everyday Productivity on easy upgrade Tower form factor
- Spacious setup for future upgradability : full I/O port, connect up to 3 monitor and high capacity of storage for future upgrade
- Reliable Security and Durability with 2 years full parts warranty",0,90PF03Y3-M02N40,Not found S500TE (i3-13100/8GB/512GB/Win 11 Home/S500TE),Intel® Core™ i3-13100 3.4GHz,Intel® UHD Graphics,Windows 11 Home,Not Included,"21.5""",FHD (1920 x 1080) 16:9,250nits,8GB DDR4 U-DIMM,512GB M.2 2280 NVMe™ PCIe® 4.0 SSD,"Front:
1x RJ45 Gigabit Ethernet
1x HDMI 1.4
1x VGA Port
1x Displayport 1.4
2x PS2
3 x Audio jacks
2x USB 2.0 Type-A
2x USB 3.2 Gen 1 Type-A

Rear:
1x Headphone
1x MIC in
2x USB 2.0 Type-A
2x USB 3.2 Gen 1 Type-A
1x Headphone
1x Mic in
2x USB 2.0 Type-A
2x USB 3.2 Gen 1 Type-A",07.70 kg,17.60 x 39.30 x 38.50 cm,"1x PCIe® 4.0 x 16
2x PCIe® 3.0 x 1
1x M.2 connector for WiFi
2x M.2 2280 connector for storage
2x DDR4 U-DIMM slot","Wired Keyboard (USB) with Antimicrobial Guard Technology
Wired optical Mouse (USB) with Antimicrobial Guard Technology",No Battery,200W,"HDD User Password Protection and Security
Kensington Security Slot™(7x 3mm)
McAfee® 30 days free trial
Padlock loop
Trusted Platform Module (Firmware TPM)"
90PF03Y3-M02N50,S500TE-585000002W,Not found S500TE,"Home computing, the smart way","- Reliable Performance for Everyday Productivity on easy upgrade Tower form factor
- Spacious setup for future upgradability : full I/O port, connect up to 3 monitor and high capacity of storage for future upgrade
- Reliable Security and Durability with 2 years full parts warranty",0,90PF03Y3-M02N50,Not found S500TE (i5-13500/8GB/512GB/Win 11 Home/S500TE),Intel® Core™ i5-13500 2.5GHz,Intel® UHD Graphics 770,Windows 11 Home,Not Included,"21.5""",FHD (1920 x 1080) 16:9,250nits,8GB DDR4 U-DIMM,512GB M.2 2280 NVMe™ PCIe® 4.0 SSD,"Front:
1x RJ45 Gigabit Ethernet
1x HDMI 1.4
1x VGA Port
1x Displayport 1.4
2x PS2
3 x Audio jacks
2x USB 2.0 Type-A
2x USB 3.2 Gen 1 Type-A

Rear:
1x Headphone
1x MIC in
2x USB 2.0 Type-A
2x USB 3.2 Gen 1 Type-A
1x Headphone
1x Mic in
2x USB 2.0 Type-A
2x USB 3.2 Gen 1 Type-A",07.70 kg,17.60 x 39.30 x 38.50 cm,"1x PCIe® 4.0 x 16
2x PCIe® 3.0 x 1
1x M.2 connector for WiFi
2x M.2 2280 connector for storage
2x DDR4 U-DIMM slot","Wired Keyboard (USB) with Antimicrobial Guard Technology
Wired optical Mouse (USB) with Antimicrobial Guard Technology",No Battery,200W,"HDD User Password Protection and Security
Kensington Security Slot™(7x 3mm)
McAfee® 30 days free trial
Padlock loop
Trusted Platform Module (Firmware TPM)"
90PF03Y3-M02N60,S500TE-585030002W,Not found S500TE,"Home computing, the smart way","- Reliable Performance for Everyday Productivity on easy upgrade Tower form factor
- Spacious setup for future upgradability : full I/O port, connect up to 3 monitor and high capacity of storage for future upgrade
- Reliable Security and Durability with 2 years full parts warranty",0,90PF03Y3-M02N60,Not found S500TE (i5-13500/8GB/512GB/Win 11 Home/S500TE),Intel® Core™ i5-13500 2.5GHz,"NVIDIA® GeForce® GT1030 2GB : 1x DVI, 1x HDMI",Windows 11 Home,Not Included,"21.5""",FHD (1920 x 1080) 16:9,250nits,8GB DDR4 U-DIMM,512GB M.2 2280 NVMe™ PCIe® 4.0 SSD,"Front:
1x RJ45 Gigabit Ethernet
1x HDMI 1.4
1x VGA Port
1x Displayport 1.4
2x PS2
3 x Audio jacks
2x USB 2.0 Type-A
2x USB 3.2 Gen 1 Type-A

Rear:
1x Headphone
1x MIC in
2x USB 2.0 Type-A
2x USB 3.2 Gen 1 Type-A
1x Headphone
1x Mic in
2x USB 2.0 Type-A
2x USB 3.2 Gen 1 Type-A",07.70 kg,17.60 x 39.30 x 38.50 cm,"1x PCIe® 4.0 x 16
2x PCIe® 3.0 x 1
1x M.2 connector for WiFi
2x M.2 2280 connector for storage
2x DDR4 U-DIMM slot","Wired Keyboard (USB) with Antimicrobial Guard Technology
Wired optical Mouse (USB) with Antimicrobial Guard Technology",No Battery,200W,"HDD User Password Protection and Security
Kensington Security Slot™(7x 3mm)
McAfee® 30 days free trial
Padlock loop
Trusted Platform Module (Firmware TPM)"
90PF03Y3-M02N80,S500TE-785030002W,Not found S500TE,"Home computing, the smart way","- Reliable Performance for Everyday Productivity on easy upgrade Tower form factor
- Spacious setup for future upgradability : full I/O port, connect up to 3 monitor and high capacity of storage for future upgrade
- Reliable Security and Durability with 2 years full parts warranty",0,90PF03Y3-M02N80,Not found S500TE (i7-13700/8GB/512GB/Win 11 Home/S500TE),Intel® Core™ i7-13700 2.1GHz,"NVIDIA® GeForce® GT1030 2GB : 1x DVI, 1x HDMI",Windows 11 Home,Not Included,"21.5""",FHD (1920 x 1080) 16:9,250nits,8GB DDR4 U-DIMM,512GB M.2 2280 NVMe™ PCIe® 4.0 SSD,"Front:
1x RJ45 Gigabit Ethernet
1x HDMI 1.4
1x VGA Port
1x Displayport 1.4
2x PS2
3 x Audio jacks
2x USB 2.0 Type-A
2x USB 3.2 Gen 1 Type-A

Rear:
1x Headphone
1x MIC in
2x USB 2.0 Type-A
2x USB 3.2 Gen 1 Type-A
1x Headphone
1x Mic in
2x USB 2.0 Type-A
2x USB 3.2 Gen 1 Type-A",07.70 kg,17.60 x 39.30 x 38.50 cm,"1x PCIe® 4.0 x 16
2x PCIe® 3.0 x 1
1x M.2 connector for WiFi
2x M.2 2280 connector for storage
2x DDR4 U-DIMM slot","Wired Keyboard (USB) with Antimicrobial Guard Technology
Wired optical Mouse (USB) with Antimicrobial Guard Technology",No Battery,200W,"HDD User Password Protection and Security
Kensington Security Slot™(7x 3mm)
McAfee® 30 days free trial
Padlock loop
Trusted Platform Module (Firmware TPM)"
90PF03Y3-M02N90,S500TE-715030002W,Not found S500TE,"Home computing, the smart way","- Reliable Performance for Everyday Productivity on easy upgrade Tower form factor
- Spacious setup for future upgradability : full I/O port, connect up to 3 monitor and high capacity of storage for future upgrade
- Reliable Security and Durability with 2 years full parts warranty",0,90PF03Y3-M02N90,Not found S500TE (i7-13700/8GB/512GB/Win 11 Home/S500TE),Intel® Core™ i7-13700 2.1GHz,"NVIDIA® GeForce® GT1030 2GB : 1x DVI, 1x HDMI",Windows 11 Home,Not Included,"21.5""",FHD (1920 x 1080) 16:9,250nits,8GB DDR4 U-DIMM *2,512GB M.2 2280 NVMe™ PCIe® 4.0 SSD,"Front:
1x RJ45 Gigabit Ethernet
1x HDMI 1.4
1x VGA Port
1x Displayport 1.4
2x PS2
3 x Audio jacks
2x USB 2.0 Type-A
2x USB 3.2 Gen 1 Type-A

Rear:
1x Headphone
1x MIC in
2x USB 2.0 Type-A
2x USB 3.2 Gen 1 Type-A
1x Headphone
1x Mic in
2x USB 2.0 Type-A
2x USB 3.2 Gen 1 Type-A",07.70 kg,17.60 x 39.30 x 38.50 cm,"1x PCIe® 4.0 x 16
2x PCIe® 3.0 x 1
1x M.2 connector for WiFi
2x M.2 2280 connector for storage
2x DDR4 U-DIMM slot","Wired Keyboard (USB) with Antimicrobial Guard Technology
Wired optical Mouse (USB) with Antimicrobial Guard Technology",No Battery,200W,"HDD User Password Protection and Security
Kensington Security Slot™(7x 3mm)
McAfee® 30 days free trial
Padlock loop
Trusted Platform Module (Firmware TPM)"
90PF03Y3-M03S60,S500TE-3131000300,Not found S500TE,"Home computing, the smart way","- Reliable Performance for Everyday Productivity on easy upgrade Tower form factor
- Spacious setup for future upgradability : full I/O port, connect up to 3 monitor and high capacity of storage for future upgrade
- Reliable Security and Durability with 2 years full parts warranty",0,90PF03Y3-M03S60,Not found S500TE (i3-13100/8GB/256GB/Win 11 Home/S500TE),Intel® Core™ i3-13100 3.4GHz,Intel® UHD Graphics,Windows 11 Home,Not Included,"21.5""",FHD (1920 x 1080) 16:9,250nits,8GB DDR4 U-DIMM,256GB M.2 2280 NVMe™ PCIe® 4.0 SSD,"Front:
1x RJ45 Gigabit Ethernet
1x HDMI 1.4
1x VGA Port
1x Displayport 1.4
2x PS2
3 x Audio jacks
2x USB 2.0 Type-A
2x USB 3.2 Gen 1 Type-A

Rear:
1x Headphone
1x MIC in
2x USB 2.0 Type-A
2x USB 3.2 Gen 1 Type-A",07.70 kg,17.60 x 39.30 x 38.50 cm,"2x M.2 connector for storage
1x PCIe® 4.0 x 16
2x PCIe® 3.0 x 1
1x M.2 connector for WiFi
2x DDR4 U-DIMM slot","Wired Keyboard (USB) with Antimicrobial Guard Technology
Wired optical Mouse (USB) with Antimicrobial Guard Technology",No Battery,300W,"HDD User Password Protection and Security
Kensington Security Slot™(7x 3mm)
McAfee® 30 days free trial
Padlock loop
Trusted Platform Module (Firmware TPM)"
90PF0401-M00AY0,D500SE-380500031W,Not found SFF,Exceptional small-business value,"- Compact Small form Factor for Space saving with easy to upgrade design
- Immersive expandability and comprehensive I/O Port
- Military Grade Certified with Business Security 3 years Onsite service (include 1Y Accidental Damage Protection)",0,90PF0401-M00AY0,Not found SFF (i3-13100/8GB/512GB/Win 11 Home/D500SE),Intel® Core™ i3-13100 3.4GHz,Intel® UHD Graphics 730,Windows 11 Home,Not Included,"21.5""",FHD (1920 x 1080) 16:9,250nits,8GB DDR4 U-DIMM,512GB M.2 2280 NVMe™ PCIe® 4.0 SSD,"Front:
1x Headphone out
1x Line-in
1x MIC in
1x RJ45 Gigabit Ethernet
1x HDMI 1.4
1x VGA Port
2x PS2
4x USB 2.0 Type-A

Rear:
1x Headphone
1x 3.5mm combo audio jack
2x USB 3.2 Gen 1 Type-A
2x USB 3.2 Gen 2 Type-A
1x Headphone
1x 3.5mm combo audio jack
2x USB 3.2 Gen 1 Type-A
2x USB 3.2 Gen 2 Type-A
1x 2 in 1 card reader SD / MMC
1x Smart card reader",05.00 kg,09.46 x 29.27 x 33.96 cm,"2x M.2 connector for storage
1x PCIe® 4.0 x 16
2x PCIe® 3.0 x 1
1x M.2 connector for WiFi
2x DDR4 U-DIMM slot","Wired Keyboard (USB) with Antimicrobial Guard Technology
Wired optical Mouse (USB) with Antimicrobial Guard Technology",No Battery,180W,"HDD User Password Protection and Security
Kensington Security Slot™(7x 3mm)
Padlock loop
Trusted Platform Module (Firmware TPM)"
90PF0401-M00B00,D500SE-580500033W,Not found SFF,Exceptional small-business value,"- Compact Small form Factor for Space saving with easy to upgrade design
- Immersive expandability and comprehensive I/O Port
- Military Grade Certified with Business Security 3 years Onsite service (include 1Y Accidental Damage Protection)",0,90PF0401-M00B00,Not found SFF (i5-13400/8GB/512GB/Win 11 Home/D500SE),Intel® Core™ i5-13400 2.5GHz,Intel® UHD Graphics 730,Windows 11 Home,Not Included,"21.5""",FHD (1920 x 1080) 16:9,250nits,8GB DDR4 U-DIMM,512GB M.2 2280 NVMe™ PCIe® 4.0 SSD,"Front:
1x Headphone out
1x Line-in
1x MIC in
1x RJ45 Gigabit Ethernet
1x HDMI 1.4
1x VGA Port
2x PS2
4x USB 2.0 Type-A

Rear:
1x Headphone
1x 3.5mm combo audio jack
2x USB 3.2 Gen 1 Type-A
2x USB 3.2 Gen 2 Type-A
1x Headphone
1x 3.5mm combo audio jack
2x USB 3.2 Gen 1 Type-A
2x USB 3.2 Gen 2 Type-A
1x 2 in 1 card reader SD / MMC
1x Smart card reader",05.00 kg,09.46 x 29.27 x 33.96 cm,"2x M.2 connector for storage
1x PCIe® 4.0 x 16
2x PCIe® 3.0 x 1
1x M.2 connector for WiFi
2x DDR4 U-DIMM slot","Wired Keyboard (USB) with Antimicrobial Guard Technology
Wired optical Mouse (USB) with Antimicrobial Guard Technology",No Battery,300W,"HDD User Password Protection and Security
Kensington Security Slot™(7x 3mm)
Padlock loop
Trusted Platform Module (Firmware TPM)"
90PF0401-M00NY0,D500SE-580520033W,Not found SFF,Exceptional small-business value,"- Compact Small form Factor for Space saving with easy to upgrade design
- Immersive expandability and comprehensive I/O Port
- Military Grade Certified with Business Security 3 years Onsite service (include 1Y Accidental Damage Protection)",0,90PF0401-M00NY0,Not found SFF (i5-13400/8GB/512GB/Win 11 Home/D500SE),Intel® Core™ i5-13400 2.5GHz,"NVIDIA® GeForce® GT1030 2GB : 1x DVI, 1x HDMI",Windows 11 Home,Not Included,"21.5""",FHD (1920 x 1080) 16:9,250nits,8GB DDR4 U-DIMM,512GB M.2 2280 NVMe™ PCIe® 4.0 SSD,"Front:
1x Headphone out
1x Line-in
1x MIC in
1x RJ45 Gigabit Ethernet
1x HDMI 1.4
1x VGA Port
2x PS2
4x USB 2.0 Type-A

Rear:
1x Headphone
1x 3.5mm combo audio jack
2x USB 3.2 Gen 1 Type-A
2x USB 3.2 Gen 2 Type-A
1x Headphone
1x 3.5mm combo audio jack
2x USB 3.2 Gen 1 Type-A
2x USB 3.2 Gen 2 Type-A
1x 2 in 1 card reader SD / MMC
1x Smart card reader",05.00 kg,09.46 x 29.27 x 33.96 cm,"2x M.2 connector for storage
1x PCIe® 4.0 x 16
2x PCIe® 3.0 x 1
1x M.2 connector for WiFi
2x DDR4 U-DIMM slot","Wired Keyboard (USB) with Antimicrobial Guard Technology
Wired optical Mouse (USB) with Antimicrobial Guard Technology",No Battery,300W,"HDD User Password Protection and Security
Kensington Security Slot™(7x 3mm)
Padlock loop
Trusted Platform Module (Firmware TPM)"
90PF0401-M02EX0,D500SE-585000031X,Not found SFF,Exceptional small-business value,"- Compact Small form Factor for Space saving with easy to upgrade design
- Immersive expandability and comprehensive I/O Port
- Military Grade Certified with Business Security 3 years Onsite service (include 1Y Accidental Damage Protection)",0,90PF0401-M02EX0,Not found SFF (i5-13500/8GB/512GB/Win 11 Home/D500SE),Intel® Core™ i5-13500 2.5GHz,Intel® UHD Graphics 770,Windows 11 Home,Not Included,"21.5""",FHD (1920 x 1080) 16:9,250nits,8GB DDR4 U-DIMM,512GB M.2 2280 NVMe™ PCIe® 4.0 SSD,"Front:
1x Headphone out
1x Line-in
1x MIC in
1x RJ45 Gigabit Ethernet
1x HDMI 1.4
1x VGA Port
2x PS2
4x USB 2.0 Type-A

Rear:
1x Headphone
1x 3.5mm combo audio jack
2x USB 3.2 Gen 1 Type-A
2x USB 3.2 Gen 2 Type-A
1x Headphone
1x 3.5mm combo audio jack
2x USB 3.2 Gen 1 Type-A
2x USB 3.2 Gen 2 Type-A
1x 2 in 1 card reader SD / MMC
1x Smart card reader",05.00 kg,09.46 x 29.27 x 33.96 cm,"2x M.2 connector for storage
1x PCIe® 4.0 x 16
2x PCIe® 3.0 x 1
1x M.2 connector for WiFi
2x DDR4 U-DIMM slot","Wired Keyboard (USB) with Antimicrobial Guard Technology
Wired optical Mouse (USB) with Antimicrobial Guard Technology",No Battery,180W,"HDD User Password Protection and Security
Kensington Security Slot™(7x 3mm)
Padlock loop
Trusted Platform Module (Firmware TPM)"
90PF0401-M03B00,D500SE-382000031W,Not found SFF,Exceptional small-business value,"- Compact Small form Factor for Space saving with easy to upgrade design
- Immersive expandability and comprehensive I/O Port
- Military Grade Certified with Business Security 3 years Onsite service (include 1Y Accidental Damage Protection)",0,90PF0401-M03B00,Not found SFF (i3-13100/8GB/256GB/Win 11 Home/D500SE),Intel® Core™ i3-13100 3.4GHz,Intel® UHD Graphics 730,Windows 11 Home,Not Included,"21.5""",FHD (1920 x 1080) 16:9,250nits,8GB DDR4 U-DIMM,256GB M.2 2280 NVMe™ PCIe® 4.0 SSD,"Front:
1x Headphone out
1x Line-in
1x MIC in
1x RJ45 Gigabit Ethernet
1x HDMI 1.4
1x VGA Port
2x PS2
4x USB 2.0 Type-A

Rear:
1x Headphone
1x 3.5mm combo audio jack
2x USB 3.2 Gen 1 Type-A
2x USB 3.2 Gen 2 Type-A
1x Headphone
1x 3.5mm combo audio jack
2x USB 3.2 Gen 1 Type-A
2x USB 3.2 Gen 2 Type-A
1x 2 in 1 card reader SD / MMC
1x Smart card reader",05.00 kg,09.46 x 29.27 x 33.96 cm,"2x M.2 connector for storage
1x PCIe® 4.0 x 16
2x PCIe® 3.0 x 1
1x M.2 connector for WiFi
2x DDR4 U-DIMM slot","Wired Keyboard (USB) with Antimicrobial Guard Technology
Wired optical Mouse (USB) with Antimicrobial Guard Technology",No Battery,180W,"HDD User Password Protection and Security
Kensington Security Slot™(7x 3mm)
Padlock loop
Trusted Platform Module (Firmware TPM)"
90PF0401-M03B10,D500SE-382000031X,Not found SFF,Exceptional small-business value,"- Compact Small form Factor for Space saving with easy to upgrade design
- Immersive expandability and comprehensive I/O Port
- Military Grade Certified with Business Security 3 years Onsite service (include 1Y Accidental Damage Protection)",0,90PF0401-M03B10,Not found SFF (i3-13100/8GB/256GB/Win 11 Home/D500SE),Intel® Core™ i3-13100 3.4GHz,Intel® UHD Graphics 730,Windows 11 Home,Not Included,"21.5""",FHD (1920 x 1080) 16:9,250nits,8GB DDR4 U-DIMM,256GB M.2 2280 NVMe™ PCIe® 4.0 SSD,"Front:
1x Headphone out
1x Line-in
1x MIC in
1x RJ45 Gigabit Ethernet
1x HDMI 1.4
1x VGA Port
2x PS2
4x USB 2.0 Type-A

Rear:
1x Headphone
1x 3.5mm combo audio jack
2x USB 3.2 Gen 1 Type-A
2x USB 3.2 Gen 2 Type-A
1x Headphone
1x 3.5mm combo audio jack
2x USB 3.2 Gen 1 Type-A
2x USB 3.2 Gen 2 Type-A
1x 2 in 1 card reader SD / MMC
1x Smart card reader",05.00 kg,09.46 x 29.27 x 33.96 cm,"2x M.2 connector for storage
1x PCIe® 4.0 x 16
2x PCIe® 3.0 x 1
1x M.2 connector for WiFi
2x DDR4 U-DIMM slot","Wired Keyboard (USB) with Antimicrobial Guard Technology
Wired optical Mouse (USB) with Antimicrobial Guard Technology",No Battery,180W,"HDD User Password Protection and Security
Kensington Security Slot™(7x 3mm)
Padlock loop
Trusted Platform Module (Firmware TPM)"
90PF0401-M03CM0,D500SE-785000033X,Not found SFF,Exceptional small-business value,"- Compact Small form Factor for Space saving with easy to upgrade design
- Immersive expandability and comprehensive I/O Port
- Military Grade Certified with Business Security 3 years Onsite service (include 1Y Accidental Damage Protection)",0,90PF0401-M03CM0,Not found SFF (i7-13700/8GB/512GB/Win 11 Home/D500SE),Intel® Core™ i7-13700 2.1GHz,Intel® UHD Graphics 770,Windows 11 Home,Not Included,"21.5""",FHD (1920 x 1080) 16:9,250nits,8GB DDR4 U-DIMM,512GB M.2 2280 NVMe™ PCIe® 4.0 SSD,"Front:
1x Headphone out
1x Line-in
1x MIC in
1x RJ45 Gigabit Ethernet
1x HDMI 1.4
1x VGA Port
2x PS2
4x USB 2.0 Type-A

Rear:
1x Headphone
1x 3.5mm combo audio jack
2x USB 3.2 Gen 1 Type-A
2x USB 3.2 Gen 2 Type-A
1x Headphone
1x 3.5mm combo audio jack
2x USB 3.2 Gen 1 Type-A
2x USB 3.2 Gen 2 Type-A
1x 2 in 1 card reader SD / MMC
1x Smart card reader",05.00 kg,09.46 x 29.27 x 33.96 cm,"2x M.2 connector for storage
1x PCIe® 4.0 x 16
2x PCIe® 3.0 x 1
1x M.2 connector for WiFi
2x DDR4 U-DIMM slot","Wired Keyboard (USB) with Antimicrobial Guard Technology
Wired optical Mouse (USB) with Antimicrobial Guard Technology",No Battery,300W,"HDD User Password Protection and Security
Kensington Security Slot™(7x 3mm)
Padlock loop
Trusted Platform Module (Firmware TPM)"
90PF0401-M03W50,D500SE-385000031W,Not found SFF,Exceptional small-business value,"- Compact Small form Factor for Space saving with easy to upgrade design
- Immersive expandability and comprehensive I/O Port
- Military Grade Certified with Business Security 3 years Onsite service (include 1Y Accidental Damage Protection)",0,90PF0401-M03W50,Not found SFF (i3-13100/8GB/512GB/Win 11 Home/D500SE),Intel® Core™ i3-13100 3.4GHz,Intel® UHD Graphics 730,Windows 11 Home,Not Included,"21.5""",FHD (1920 x 1080) 16:9,250nits,8GB DDR4 U-DIMM,512GB M.2 2280 NVMe™ PCIe® 4.0 SSD,"Front:
1x Headphone out
1x Line-in
1x MIC in
1x RJ45 Gigabit Ethernet
1x HDMI 1.4
1x VGA Port
2x PS2
4x USB 2.0 Type-A

Rear:
1x Headphone
1x 3.5mm combo audio jack
2x USB 3.2 Gen 1 Type-A
2x USB 3.2 Gen 2 Type-A
1x Headphone
1x 3.5mm combo audio jack
2x USB 3.2 Gen 1 Type-A
2x USB 3.2 Gen 2 Type-A
1x 2 in 1 card reader SD / MMC
1x Smart card reader",05.00 kg,09.46 x 29.27 x 33.96 cm,"2x M.2 connector for storage
1x PCIe® 4.0 x 16
2x PCIe® 3.0 x 1
1x M.2 connector for WiFi
2x DDR4 U-DIMM slot","Wired Keyboard (USB) with Antimicrobial Guard Technology
Wired optical Mouse (USB) with Antimicrobial Guard Technology",No Battery,180W,"HDD User Password Protection and Security
Kensington Security Slot™(7x 3mm)
Padlock loop
Trusted Platform Module (Firmware TPM)"
90PF0401-M044V0,D500SE-385000031X,Not found SFF,Exceptional small-business value,"- Compact Small form Factor for Space saving with easy to upgrade design
- Immersive expandability and comprehensive I/O Port
- Military Grade Certified with Business Security 3 years Onsite service (include 1Y Accidental Damage Protection)",0,90PF0401-M044V0,Not found SFF (i3-13100/8GB/512GB/Win 11 Home/D500SE),Intel® Core™ i3-13100 3.4GHz,Intel® UHD Graphics 730,Windows 11 Home,Not Included,"21.5""",FHD (1920 x 1080) 16:9,250nits,8GB DDR4 U-DIMM,512GB M.2 2280 NVMe™ PCIe® 4.0 SSD,"Front:
1x Headphone out
1x Line-in
1x MIC in
1x RJ45 Gigabit Ethernet
1x HDMI 1.4
1x VGA Port
2x PS2
4x USB 2.0 Type-A

Rear:
1x Headphone
1x 3.5mm combo audio jack
2x USB 3.2 Gen 1 Type-A
2x USB 3.2 Gen 2 Type-A
1x Headphone
1x 3.5mm combo audio jack
2x USB 3.2 Gen 1 Type-A
2x USB 3.2 Gen 2 Type-A
1x 2 in 1 card reader SD / MMC
1x Smart card reader",05.00 kg,09.46 x 29.27 x 33.96 cm,"2x M.2 connector for storage
1x PCIe® 4.0 x 16
2x PCIe® 3.0 x 1
1x M.2 connector for WiFi
2x DDR4 U-DIMM slot","Wired Keyboard (USB) with Antimicrobial Guard Technology
Wired optical Mouse (USB) with Antimicrobial Guard Technology",No Battery,180W,"HDD User Password Protection and Security
Kensington Security Slot™(7x 3mm)
Padlock loop
Trusted Platform Module (Firmware TPM)"
90PF0401-M04F20,D500SE-585000031W,Not found SFF,Exceptional small-business value,"- Compact Small form Factor for Space saving with easy to upgrade design
- Immersive expandability and comprehensive I/O Port
- Military Grade Certified with Business Security 3 years Onsite service (include 1Y Accidental Damage Protection)",0,90PF0401-M04F20,Not found SFF (i5-13500/8GB/512GB/Win 11 Home/D500SE),Intel® Core™ i5-13500 2.5GHz,Intel® UHD Graphics 770,Windows 11 Home,Not Included,"21.5""",FHD (1920 x 1080) 16:9,250nits,8GB DDR4 U-DIMM,512GB M.2 2280 NVMe™ PCIe® 4.0 SSD,"Front:
1x Headphone out
1x Line-in
1x MIC in
1x RJ45 Gigabit Ethernet
1x HDMI 1.4
1x VGA Port
2x PS2
4x USB 2.0 Type-A

Rear:
1x Headphone
1x 3.5mm combo audio jack
2x USB 3.2 Gen 1 Type-A
2x USB 3.2 Gen 2 Type-A
1x Headphone
1x 3.5mm combo audio jack
2x USB 3.2 Gen 1 Type-A
2x USB 3.2 Gen 2 Type-A
1x 2 in 1 card reader SD / MMC
1x Smart card reader",05.00 kg,09.46 x 29.27 x 33.96 cm,"2x M.2 connector for storage
1x PCIe® 4.0 x 16
2x PCIe® 3.0 x 1
1x M.2 connector for WiFi
2x DDR4 U-DIMM slot","Wired Keyboard (USB) with Antimicrobial Guard Technology
Wired optical Mouse (USB) with Antimicrobial Guard Technology",No Battery,180W,"HDD User Password Protection and Security
Kensington Security Slot™(7x 3mm)
Padlock loop
Trusted Platform Module (Firmware TPM)"
90PF0402-M008J0,S500SE-585030000W,Not found S500SE,"More productivity, less space","- Reliable Performance for Everyday Productivity on Compact Small form factor 9L
- Small yet Upgradeable :  full I/O port with easy upgrade & immersive expandability
- Reliable Security and Durability with 2 years full parts warranty",0,90PF0402-M008J0,Not found S500SE (i5-13400/8GB/512GB/Win 11 Home/S500SE),Intel® Core™ i5-13400 2.5GHz,"NVIDIA® GeForce® GT1030 2GB : 1x DVI, 1x HDMI",Windows 11 Home,Not Included,"21.5""",FHD (1920 x 1080) 16:9,250nits,8GB DDR4 U-DIMM,512GB M.2 2280 NVMe™ PCIe® 4.0 SSD,"Front:
1x Headphone out
1x Line-in
1x MIC in
1x RJ45 Gigabit Ethernet
1x HDMI 1.4
1x VGA Port
2x PS2
4x USB 2.0 Type-A

Rear:
1x Headphone
1x 3.5mm combo audio jack
2x USB 3.2 Gen 1 Type-A
2x USB 3.2 Gen 2 Type-A",05.00 kg,09.46 x 29.27 x 33.96 cm,"2x M.2 connector for storage
1x PCIe® 4.0 x 16
2x PCIe® 3.0 x 1
1x M.2 connector for WiFi
2x DDR4 U-DIMM slot","Wired Keyboard (USB) with Antimicrobial Guard Technology
Wired optical Mouse (USB) with Antimicrobial Guard Technology",No Battery,300W,"HDD User Password Protection and Security
Kensington Security Slot™(7x 3mm)
Padlock loop
Trusted Platform Module (Firmware TPM)"
90PF0402-M008L0,S500SE-715030000W,Not found S500SE,"More productivity, less space","- Reliable Performance for Everyday Productivity on Compact Small form factor 9L
- Small yet Upgradeable :  full I/O port with easy upgrade & immersive expandability
- Reliable Security and Durability with 2 years full parts warranty",0,90PF0402-M008L0,Not found S500SE (i7-13700/16GB/512GB/Win 11 Home/S500SE),Intel® Core™ i7-13700 2.1GHz,"NVIDIA® GeForce® GT1030 2GB : 1x DVI, 1x HDMI",Windows 11 Home,Not Included,"21.5""",FHD (1920 x 1080) 16:9,250nits,16GB DDR4 U-DIMM,512GB M.2 2280 NVMe™ PCIe® 4.0 SSD,"Front:
1x Headphone out
1x Line-in
1x MIC in
1x RJ45 Gigabit Ethernet
1x HDMI 1.4
1x VGA Port
2x PS2
4x USB 2.0 Type-A

Rear:
1x Headphone
1x 3.5mm combo audio jack
2x USB 3.2 Gen 1 Type-A
2x USB 3.2 Gen 2 Type-A",05.00 kg,09.46 x 29.27 x 33.96 cm,"2x M.2 connector for storage
1x PCIe® 4.0 x 16
2x PCIe® 3.0 x 1
1x M.2 connector for WiFi
2x DDR4 U-DIMM slot","Wired Keyboard (USB) with Antimicrobial Guard Technology
Wired optical Mouse (USB) with Antimicrobial Guard Technology",No Battery,300W,"HDD User Password Protection and Security
Kensington Security Slot™(7x 3mm)
Padlock loop
Trusted Platform Module (Firmware TPM)"
90PF0402-M038S0,S500SE-385000001W,Not found S500SE,"More productivity, less space","- Reliable Performance for Everyday Productivity on Compact Small form factor 9L
- Small yet Upgradeable :  full I/O port with easy upgrade & immersive expandability
- Reliable Security and Durability with 2 years full parts warranty",0,90PF0402-M038S0,Not found S500SE (i3-13100/8GB/512GB/Win 11 Home/S500SE),Intel® Core™ i3-13100 3.4GHz,Intel® UHD Graphics 730,Windows 11 Home,Not Included,"21.5""",FHD (1920 x 1080) 16:9,250nits,8GB DDR4 U-DIMM,512GB M.2 2280 NVMe™ PCIe® 4.0 SSD,"Front:
1x Headphone out
1x Line-in
1x MIC in
1x RJ45 Gigabit Ethernet
1x HDMI 1.4
1x VGA Port
2x PS2
4x USB 2.0 Type-A

Rear:
1x Headphone
1x 3.5mm combo audio jack
2x USB 3.2 Gen 1 Type-A
2x USB 3.2 Gen 2 Type-A",05.00 kg,09.46 x 29.27 x 33.96 cm,"2x M.2 connector for storage
1x PCIe® 4.0 x 16
2x PCIe® 3.0 x 1
1x M.2 connector for WiFi
2x DDR4 U-DIMM slot","Wired Keyboard (USB) with Antimicrobial Guard Technology
Wired optical Mouse (USB) with Antimicrobial Guard Technology",No Battery,180W,"HDD User Password Protection and Security
Kensington Security Slot™(7x 3mm)
Padlock loop
Trusted Platform Module (Firmware TPM)"
90PF0461-M00C20,S501ME-382000013W,Not found S501ME,Trusted by IT Experts. Built for Worry-Free Business.,0,0,90PF0461-M00C20,#VALUE!,#VALUE!,8GB DDR4 U-DIMM,,Not Included,"21.5""",FHD (1920 x 1080) 16:9,250nits,"Intel® Core™ i3-13100 Processor 3.4GHz (12MB Cache, up to 4.5GHz, 4 cores, 8 Threads)
N/A",64GB,"Front:
High Definition 7.1 Channel Audio

Rear:
Wi-Fi 6(802.11ax) (Dual band) 2*2 + Bluetooth® 5.2 Wireless Card",Wired Keyboard,#N/A,"1x Headphone
1x MIC in
2x USB 2.0 Type-A
2x USB 3.2 Gen 1 Type-A","3.5"" x 1",No Battery,Not Found,05.90 kg (13.01 lbs)
90PF0461-M00C30,S501ME-385000013W,Not found S501ME,Trusted by IT Experts. Built for Worry-Free Business.,0,0,90PF0461-M00C30,#VALUE!,#VALUE!,8GB DDR4 U-DIMM,,Not Included,"21.5""",FHD (1920 x 1080) 16:9,250nits,"Intel® Core™ i3-13100 Processor 3.4GHz (12MB Cache, up to 4.5GHz, 4 cores, 8 Threads)
N/A",64GB,"Front:
High Definition 7.1 Channel Audio

Rear:
Wi-Fi 6(802.11ax) (Dual band) 2*2 + Bluetooth® 5.2 Wireless Card",Wired Keyboard,#N/A,"1x Headphone
1x MIC in
2x USB 2.0 Type-A
2x USB 3.2 Gen 1 Type-A","3.5"" x 1",No Battery,Not Found,05.90 kg (13.01 lbs)
90PF0461-M00C40,S501ME-585000013W,Not found S501ME,Trusted by IT Experts. Built for Worry-Free Business.,0,0,90PF0461-M00C40,#VALUE!,#VALUE!,8GB DDR4 U-DIMM,,Not Included,"21.5""",FHD (1920 x 1080) 16:9,250nits,"Intel® Core™ i5-13400 Processor 2.5GHz (20MB Cache, up to 4.6GHz, 10 cores, 16 Threads)
N/A",64GB,"Front:
High Definition 7.1 Channel Audio

Rear:
Wi-Fi 6(802.11ax) (Dual band) 2*2 + Bluetooth® 5.2 Wireless Card",Wired Keyboard,#N/A,"1x Headphone
1x MIC in
2x USB 2.0 Type-A
2x USB 3.2 Gen 1 Type-A","3.5"" x 1",No Battery,Not Found,05.90 kg (13.01 lbs)
90PF04W1-M004A0,S501MER-585000003W,Not found S501MER,Create. Produce. Play.,No Longer Supported,0,90PF04W1-M004A0,Not found S501MER (i5-14400/8GB/512GB/Win 11 Home/S501MER),Intel® Core™ i5-14400 2.5GHz,Intel® UHD Graphics 730,Windows 11 Home,Not Included,"21.5""",FHD (1920 x 1080) 16:9,250nits,8GB DDR5 U-DIMM,512GB M.2 2280 NVMe™ PCIe® 4.0 SSD,"Front:
1x RJ45 Gigabit Ethernet
1x HDMI 2.1b
1x VGA Port
1x Displayport 1.4
2x PS2
3 x Audio jacks
2x USB 2.0 Type-A
2x USB 3.2 Gen 1 Type-A

Rear:
1x 3.5mm combo audio jack
1x USB 3.2 Gen 2 Type-C
3x USB 3.2 Gen 1 Type-A",05.90 kg,16.00 x 31.89 x 36.78 cm,"1x PCIe® 4.0 x 16
2x PCIe® 3.0 x 1
1x M.2 connector for WiFi
2x DDR5 U-DIMM slot","Wired Keyboard (USB) with Antimicrobial Guard Technology
Wired optical Mouse (USB) with Antimicrobial Guard Technology",No Battery,300W,"Kensington Security Slot™(7x 3mm)
McAfee® 30 days free trial"
90PF04W1-M00920,S501MER-385000003W,Not found S501MER,Create. Produce. Play.,No Longer Supported,0,90PF04W1-M00920,Not found S501MER (i3-13100/8GB/512GB/Win 11 Home/S501MER),Intel® Core™ i3-13100 3.4GHz,Intel® UHD Graphics 770,Windows 11 Home,Not Included,"21.5""",FHD (1920 x 1080) 16:9,250nits,8GB DDR5 U-DIMM,512GB M.2 2280 NVMe™ PCIe® 4.0 SSD,"Front:
1x RJ45 Gigabit Ethernet
1x HDMI 2.1b
1x VGA Port
1x Displayport 1.4
2x PS2
3 x Audio jacks
2x USB 2.0 Type-A
2x USB 3.2 Gen 1 Type-A

Rear:
1x 3.5mm combo audio jack
1x USB 3.2 Gen 2 Type-C
3x USB 3.2 Gen 1 Type-A",05.90 kg,16.00 x 31.89 x 36.78 cm,"1x PCIe® 4.0 x 16
2x PCIe® 3.0 x 1
1x M.2 connector for WiFi
2x DDR5 U-DIMM slot","Wired Keyboard (USB) with Antimicrobial Guard Technology
Wired optical Mouse (USB) with Antimicrobial Guard Technology",No Battery,300W,"Kensington Security Slot™(7x 3mm)
McAfee® 30 days free trial"
90PF04W1-M00930,S501MER-585000003W,Not found S501MER,Create. Produce. Play.,No Longer Supported,0,90PF04W1-M00930,Not found S501MER (i5-13500/8GB/512GB/Win 11 Home/S501MER),Intel® Core™ i5-13500 2.5GHz,Intel® UHD Graphics 770,Windows 11 Home,Not Included,"21.5""",FHD (1920 x 1080) 16:9,250nits,8GB DDR5 U-DIMM,512GB M.2 2280 NVMe™ PCIe® 4.0 SSD,"Front:
1x RJ45 Gigabit Ethernet
1x HDMI 2.1b
1x VGA Port
1x Displayport 1.4
2x PS2
3 x Audio jacks
2x USB 2.0 Type-A
2x USB 3.2 Gen 1 Type-A

Rear:
1x 3.5mm combo audio jack
1x USB 3.2 Gen 2 Type-C
3x USB 3.2 Gen 1 Type-A",05.90 kg,16.00 x 31.89 x 36.78 cm,"1x PCIe® 4.0 x 16
2x PCIe® 3.0 x 1
1x M.2 connector for WiFi
2x DDR5 U-DIMM slot","Wired Keyboard (USB) with Antimicrobial Guard Technology
Wired optical Mouse (USB) with Antimicrobial Guard Technology",No Battery,300W,"Kensington Security Slot™(7x 3mm)
McAfee® 30 days free trial"
90PF04W1-M00950,S501MER-785000005W,Not found S501MER,Create. Produce. Play.,No Longer Supported,0,90PF04W1-M00950,Not found S501MER (i7-13700/8GB/512GB/Win 11 Home/S501MER),Intel® Core™ i7-13700 2.1GHz,Intel® UHD Graphics 770,Windows 11 Home,Not Included,"21.5""",FHD (1920 x 1080) 16:9,250nits,8GB DDR5 U-DIMM,512GB M.2 2280 NVMe™ PCIe® 4.0 SSD,"Front:
1x RJ45 Gigabit Ethernet
1x HDMI 2.1b
1x VGA Port
1x Displayport 1.4
2x PS2
3 x Audio jacks
2x USB 2.0 Type-A
2x USB 3.2 Gen 1 Type-A

Rear:
1x 3.5mm combo audio jack
1x USB 3.2 Gen 2 Type-C
3x USB 3.2 Gen 1 Type-A",05.90 kg,16.00 x 31.89 x 36.78 cm,"1x PCIe® 4.0 x 16
2x PCIe® 3.0 x 1
1x M.2 connector for WiFi
2x DDR5 U-DIMM slot","Wired Keyboard (USB) with Antimicrobial Guard Technology
Wired optical Mouse (USB) with Antimicrobial Guard Technology",No Battery,500W,"Kensington Security Slot™(7x 3mm)
McAfee® 30 days free trial"
90PF0551-M00020,DG500MER-385W,Not found Mini Tower,Exceptional small-business value,"- High Performance for Business workloads : up to Intel Core i7 14th gen with DDR5 delivers responsive multitasking and stable performance
- Mini Tower Form Factor with easy to upgrade design and Comprehensive I/O 
- Military Grade Certified with Business Security 3 years Onsite service (include 1Y Accidental Damage Protection)",https://drive.google.com/drive/folders/1zMnPaIkYiEU65u3le5utKMo8MDIby8Ng?usp=drive_link,90PF0551-M00020,Not found Mini Tower (i3-13100/8GB/512GB/Win 11 Home/DG500MER),Intel® Core™ i3-13100 3.4GHz,Intel® UHD Graphics 770,Windows 11 Home,Not Included,"21.5""",FHD (1920 x 1080) 16:9,250nits,8GB DDR5 U-DIMM,512GB M.2 2280 NVMe™ PCIe® 4.0 SSD,"Front:
1x Headphone out
1x Line-in
1x MIC in
1x RJ45 Gigabit Ethernet
1x HDMI 1.4
1x VGA Port
2x USB 2.0 Type-A
2x USB 3.2 Gen 1 Type-A

Rear:
1x Headphone
1x 3.5mm combo audio jack
2x USB 2.0 Type-A
2x USB 3.2 Gen 2 Type-A",06.00 kg,29.60 x 15.50 x 34.70 cm,"1x PCIe® 4.0 x 16
2x PCIe® 3.0 x 1
1x M.2 connector for WiFi
2x DDR5 U-DIMM slot","Wired Keyboard (USB) with Antimicrobial Guard Technology
Wired optical Mouse (USB) with Antimicrobial Guard Technology",No Battery,300W,"Kensington Security Slot™(7x 3mm)
Padlock loop
Trusted Platform Module (Firmware TPM)"
90PF0551-M00030,DG500MER-585W,Not found Mini Tower,Exceptional small-business value,"- High Performance for Business workloads : up to Intel Core i7 14th gen with DDR5 delivers responsive multitasking and stable performance
- Mini Tower Form Factor with easy to upgrade design and Comprehensive I/O 
- Military Grade Certified with Business Security 3 years Onsite service (include 1Y Accidental Damage Protection)",https://drive.google.com/drive/folders/1whsvzb95GRRdcRbHEsyPnlhZEWYuO-t8?usp=drive_link,90PF0551-M00030,Not found Mini Tower (i5-14400/8GB/512GB/Win 11 Home/DG500MER),Intel® Core™ i5-14400 2.5GHz,Intel® UHD Graphics 730,Windows 11 Home,Not Included,"21.5""",FHD (1920 x 1080) 16:9,250nits,8GB DDR5 U-DIMM,512GB M.2 2280 NVMe™ PCIe® 4.0 SSD,"Front:
1x Headphone out
1x Line-in
1x MIC in
1x RJ45 Gigabit Ethernet
1x HDMI 1.4
1x VGA Port
2x USB 2.0 Type-A
2x USB 3.2 Gen 1 Type-A

Rear:
1x Headphone
1x 3.5mm combo audio jack
2x USB 2.0 Type-A
2x USB 3.2 Gen 2 Type-A",06.00 kg,29.60 x 15.50 x 34.70 cm,"1x PCIe® 4.0 x 16
2x PCIe® 3.0 x 1
1x M.2 connector for WiFi
2x DDR5 U-DIMM slot","Wired Keyboard (USB) with Antimicrobial Guard Technology
Wired optical Mouse (USB) with Antimicrobial Guard Technology",No Battery,300W,"Kensington Security Slot™(7x 3mm)
Padlock loop
Trusted Platform Module (Firmware TPM)"
90PF0551-M00040,DG500MER-585X,Not found Mini Tower,Exceptional small-business value,"- High Performance for Business workloads : up to Intel Core i7 14th gen with DDR5 delivers responsive multitasking and stable performance
- Mini Tower Form Factor with easy to upgrade design and Comprehensive I/O 
- Military Grade Certified with Business Security 3 years Onsite service (include 1Y Accidental Damage Protection)",https://drive.google.com/drive/folders/15lVZbvYEKhfu20hia1DN8Vsr_uF_7RFT?usp=drive_link,90PF0551-M00040,Not found Mini Tower (i5-14400/8GB/512GB/Win 11 Home/DG500MER),Intel® Core™ i5-14400 2.5GHz,Intel® UHD Graphics 730,Windows 11 Home,Not Included,"21.5""",FHD (1920 x 1080) 16:9,250nits,8GB DDR5 U-DIMM,512GB M.2 2280 NVMe™ PCIe® 4.0 SSD,"Front:
1x Headphone out
1x Line-in
1x MIC in
1x RJ45 Gigabit Ethernet
1x HDMI 1.4
1x VGA Port
2x USB 2.0 Type-A
2x USB 3.2 Gen 1 Type-A

Rear:
1x Headphone
1x 3.5mm combo audio jack
2x USB 2.0 Type-A
2x USB 3.2 Gen 2 Type-A",06.00 kg,29.60 x 15.50 x 34.70 cm,"1x PCIe® 4.0 x 16
2x PCIe® 3.0 x 1
1x M.2 connector for WiFi
2x DDR5 U-DIMM slot","Wired Keyboard (USB) with Antimicrobial Guard Technology
Wired optical Mouse (USB) with Antimicrobial Guard Technology",No Battery,300W,"Kensington Security Slot™(7x 3mm)
Padlock loop
Trusted Platform Module (Firmware TPM)"
90PF0551-M00050,DG500MER-715W,Not found Mini Tower,Exceptional small-business value,"- High Performance for Business workloads : up to Intel Core i7 14th gen with DDR5 delivers responsive multitasking and stable performance
- Mini Tower Form Factor with easy to upgrade design and Comprehensive I/O 
- Military Grade Certified with Business Security 3 years Onsite service (include 1Y Accidental Damage Protection)",https://drive.google.com/drive/folders/1wYzFcaioVIZ6PXqM6NFrwaWVRt5Ui9nG?usp=drive_link,90PF0551-M00050,Not found Mini Tower (i7-14700/16GB/512GB/Win 11 Home/DG500MER),Intel® Core™ i7-14700 2.1GHz,Intel® UHD Graphics 770,Windows 11 Home,Not Included,"21.5""",FHD (1920 x 1080) 16:9,250nits,16GB DDR5 U-DIMM,512GB M.2 2280 NVMe™ PCIe® 4.0 SSD,"Front:
1x Headphone out
1x Line-in
1x MIC in
1x RJ45 Gigabit Ethernet
1x HDMI 1.4
1x VGA Port
2x USB 2.0 Type-A
2x USB 3.2 Gen 1 Type-A

Rear:
1x Headphone
1x 3.5mm combo audio jack
2x USB 2.0 Type-A
2x USB 3.2 Gen 2 Type-A",06.00 kg,29.60 x 15.50 x 34.70 cm,"1x PCIe® 4.0 x 16
2x PCIe® 3.0 x 1
1x M.2 connector for WiFi
2x DDR5 U-DIMM slot","Wired Keyboard (USB) with Antimicrobial Guard Technology
Wired optical Mouse (USB) with Antimicrobial Guard Technology",No Battery,300W,"Kensington Security Slot™(7x 3mm)
Padlock loop
Trusted Platform Module (Firmware TPM)"
90PF0551-M00060,DG500MER-715X,Not found Mini Tower,Exceptional small-business value,"- High Performance for Business workloads : up to Intel Core i7 14th gen with DDR5 delivers responsive multitasking and stable performance
- Mini Tower Form Factor with easy to upgrade design and Comprehensive I/O 
- Military Grade Certified with Business Security 3 years Onsite service (include 1Y Accidental Damage Protection)",0,90PF0551-M00060,Not found Mini Tower (i7-14700/16GB/512GB/Win 11 Pro/DG500MER),Intel® Core™ i7-14700 2.1GHz,N/A,Windows 11 Pro,Not Included,"21.5""",FHD (1920 x 1080) 16:9,250nits,16GB DDR5 U-DIMM,512GB M.2 2280 NVMe™ PCIe® 4.0 SSD,"Front:
1x Headphone out
1x Line-in
1x MIC in
1x RJ45 Gigabit Ethernet
1x HDMI 1.4
1x VGA Port
2x USB 2.0 Type-A
2x USB 3.2 Gen 1 Type-A

Rear:
1x Headphone
1x 3.5mm combo audio jack
2x USB 2.0 Type-A
2x USB 3.2 Gen 2 Type-A",06.00 kg,29.60 x 15.50 x 34.70 cm,"1x PCIe® 4.0 x 16
2x PCIe® 3.0 x 1
1x M.2 connector for WiFi
2x DDR5 U-DIMM slot","Wired Keyboard (USB) with Antimicrobial Guard Technology
Wired optical Mouse (USB) with Antimicrobial Guard Technology",No Battery,300W,"Kensington Security Slot™(7x 3mm)
Padlock loop
Trusted Platform Module (Firmware TPM)"
90PF05A1-M003Y0,P500SV-5850181WS,Not found Nope,Trusted by IT Experts. Built for Worry-Free Business.,"- Best Performance-to-Cost Value : Up to Intel® Core™ 7 with DDR5 for high performance at an affordable cost for business efficiency
- Compact & Space Saving  : 8.6L Small Form Factor with USB-C, tool-less access, dual SODIMM, and dual storage support
- Business-Grade Security & Reliability : McAfee® protection, 2-year full parts warranty, and Accidental Damage Protection included.
- Enhanced Productivity Experience : Powered by MyASUS and ASUS AI ExpertMeet for smarter collaboration experience",0,90PF05A1-M003Y0,#VALUE!,#VALUE!,8GB DDR5 SO-DIMM,,Not Included,"21.5""",FHD (1920 x 1080) 16:9,250nits,"Intel® Core™ i5-13420H Processor 2.1 GHz (12MB Cache, up to 4.6 GHz, 8 cores, 12 Threads)",64GB,"Front:
High Definition 7.1 Channel Audio

Rear:
Wi-Fi 6(802.11ax) (Dual band) 2*2 + Bluetooth® 5.4 Wireless Card",Wired keyboard,1x PCIe® 4.0 x 16,"1x 3.5mm combo audio jack
1x USB 3.2 Gen 1 Type-C
2x USB 3.2 Gen 1 Type-A","3.5"" x 1",No Battery,Not Found,05.06 kg (11.16 lbs)
90PF05A1-M00400,P500SV-7850181WS,Not found Nope,Trusted by IT Experts. Built for Worry-Free Business.,"- Best Performance-to-Cost Value : Up to Intel® Core™ 7 with DDR5 for high performance at an affordable cost for business efficiency
- Compact & Space Saving  : 8.6L Small Form Factor with USB-C, tool-less access, dual SODIMM, and dual storage support
- Business-Grade Security & Reliability : McAfee® protection, 2-year full parts warranty, and Accidental Damage Protection included.
- Enhanced Productivity Experience : Powered by MyASUS and ASUS AI ExpertMeet for smarter collaboration experience",0,90PF05A1-M00400,#VALUE!,#VALUE!,8GB DDR5 SO-DIMM,,Not Included,"21.5""",FHD (1920 x 1080) 16:9,250nits,"Intel® Core™ i7-13620H Processor 2.4 GHz (24MB Cache, up to 4.9 GHz, 10 cores, 16 Threads)",64GB,"Front:
High Definition 7.1 Channel Audio

Rear:
Wi-Fi 6(802.11ax) (Dual band) 2*2 + Bluetooth® 5.4 Wireless Card",Wired keyboard,1x PCIe® 4.0 x 16,"1x 3.5mm combo audio jack
1x USB 3.2 Gen 1 Type-C
2x USB 3.2 Gen 1 Type-A","3.5"" x 1",No Battery,Not Found,05.06 kg (11.16 lbs)
90PF05A1-M004S0,P500SV-3850181WS,Not found SFF,Trusted by IT Experts. Built for Worry-Free Business.,"- Best Performance-to-Cost Value : Up to Intel® Core™ 7 with DDR5 for high performance at an affordable cost for business efficiency
- Compact & Space Saving  : 8.6L Small Form Factor with USB-C, tool-less access, dual SODIMM, and dual storage support
- Business-Grade Security & Reliability : McAfee® protection, 2-year full parts warranty, and Accidental Damage Protection included.
- Enhanced Productivity Experience : Powered by MyASUS and ASUS AI ExpertMeet for smarter collaboration experience",0,90PF05A1-M004S0,#VALUE!,#VALUE!,"Memory speed is 5600 MT/s, but run at 4800~5200 MT/s.",,Not Included,"21.5""",FHD (1920 x 1080) 16:9,250nits,"Intel® Core™ i3-1315U Processor 1.2 GHz (10MB Cache, up to 4.5 GHz, 6 cores, 8 Threads)",Intel® UHD Graphics,"Front:
180W power supply (80+ Bronze, peak 228W)

Rear:
1x RJ45 Gigabit Ethernet
1x HDMI 1.4
1x Displayport 1.4
1x 7.1 channel audio (microphone, line-out, Line-in)
1x Kensington lock
4x USB 2.0 Type-A",09.30 x 29.60 x 30.90 cm,#N/A,2 x SATA 6.0Gb/s ports,"1x M.2 connector for WiFi
2x M.2 2280 connector for storage
2x DDR5 SO-DIMM slot",No Battery,Not Found,
90PF05A1-M00VP0,P500SV-5850182WS,Not found SFF,Trusted by IT Experts. Built for Worry-Free Business.,"- Best Performance-to-Cost Value : Up to Intel® Core™ 7 with DDR5 for high performance at an affordable cost for business efficiency
- Compact & Space Saving  : 8.6L Small Form Factor with USB-C, tool-less access, dual SODIMM, and dual storage support
- Business-Grade Security & Reliability : McAfee® protection, 2-year full parts warranty, and Accidental Damage Protection included.
- Enhanced Productivity Experience : Powered by MyASUS and ASUS AI ExpertMeet for smarter collaboration experience",0,90PF05A1-M00VP0,#VALUE!,#VALUE!,"Memory speed is 5600 MT/s, but run at 4800~5200 MT/s.",,Not Included,"21.5""",FHD (1920 x 1080) 16:9,250nits,"Intel® Core™ 5 Processor 210H 2.2 GHz (12MB Cache, up to 4.8 GHz, 8 Cores, 12 Threads)",Intel® Graphics,"Front:
180W power supply (80+ Bronze, peak 228W)

Rear:
1x RJ45 Gigabit Ethernet
1x HDMI 1.4
1x Displayport 1.4
1x 7.1 channel audio (microphone, line-out, Line-in)
1x Kensington lock
4x USB 2.0 Type-A",09.30 x 29.60 x 30.90 cm,#N/A,2 x SATA 6.0Gb/s ports,"1x PCIe® 4.0 x 16 (operating at PCIe® 4.0 x8)
1x M.2 connector for WiFi
2x M.2 2280 connector for storage
2x DDR5 SO-DIMM slot",No Battery,Not Found,
90PF05A1-M00ZT0,P500SV-7850182WS,Not found SFF,Trusted by IT Experts. Built for Worry-Free Business.,"- Best Performance-to-Cost Value : Up to Intel® Core™ 7 with DDR5 for high performance at an affordable cost for business efficiency
- Compact & Space Saving  : 8.6L Small Form Factor with USB-C, tool-less access, dual SODIMM, and dual storage support
- Business-Grade Security & Reliability : McAfee® protection, 2-year full parts warranty, and Accidental Damage Protection included.
- Enhanced Productivity Experience : Powered by MyASUS and ASUS AI ExpertMeet for smarter collaboration experience",0,90PF05A1-M00ZT0,#VALUE!,#VALUE!,"Memory speed is 5600 MT/s, and run at 5600 MT/s.",,Not Included,"21.5""",FHD (1920 x 1080) 16:9,250nits,"Intel® Core™ 7 Processor 240H 2.5 GHz (24MB Cache, up to 5.2 GHz, 10 Cores, 16 Threads)",Intel® Graphics,"Front:
180W power supply (80+ Bronze, peak 228W)

Rear:
1x RJ45 Gigabit Ethernet
1x HDMI 1.4
1x Displayport 1.4
1x 7.1 channel audio (microphone, line-out, Line-in)
1x Kensington lock
4x USB 2.0 Type-A",09.30 x 29.60 x 30.90 cm,#N/A,2 x SATA 6.0Gb/s ports,"1x PCIe® 4.0 x 16 (operating at PCIe® 4.0 x8)
1x M.2 connector for WiFi
2x M.2 2280 connector for storage
2x DDR5 SO-DIMM slot",No Battery,Not Found,
90PF05A1-M01340,P500SV-3850182WS,Not found SFF,Trusted by IT Experts. Built for Worry-Free Business.,"- Best Performance-to-Cost Value : Up to Intel® Core™ 7 with DDR5 for high performance at an affordable cost for business efficiency
- Compact & Space Saving  : 8.6L Small Form Factor with USB-C, tool-less access, dual SODIMM, and dual storage support
- Business-Grade Security & Reliability : McAfee® protection, 2-year full parts warranty, and Accidental Damage Protection included.
- Enhanced Productivity Experience : Powered by MyASUS and ASUS AI ExpertMeet for smarter collaboration experience",0,90PF05A1-M01340,#VALUE!,#VALUE!,"Memory speed is 5600 MT/s, but run at 4800~5200 MT/s.",,Not Included,"21.5""",FHD (1920 x 1080) 16:9,250nits,"Intel® Core™ 3 Processor 100U 1.2 GHz (10MB Cache, up to 4.7 GHz, 6 Cores, 8 Threads)",Intel® Graphics,"Front:
180W power supply (80+ Bronze, peak 228W)

Rear:
1x RJ45 Gigabit Ethernet
1x HDMI 1.4
1x Displayport 1.4
1x 7.1 channel audio (microphone, line-out, Line-in)
1x Kensington lock
4x USB 2.0 Type-A",09.30 x 29.60 x 30.90 cm,#N/A,2 x SATA 6.0Gb/s ports,"1x M.2 connector for WiFi
2x M.2 2280 connector for storage
2x DDR5 SO-DIMM slot",No Battery,Not Found,
90PF05I1-M00V20,P500MV-385018WS,Not found Mini Tower,Exceptional Value and Performance for Businesses,"- Powerful for Business : up to Intel Core i7 with DDR5 delivers responsive multitasking and stable performance
- Compact yet Upgradeable : 15L mini tower with full I/O port, easy upgrade & expandability
- Business-Grade Durability & Security : free McAfee plus 2 years full parts warranty + Accidental Damage Protection",https://drive.google.com/drive/folders/1G8mH1s1V99nEqfCOFInbvTw84KRuvyB_?usp=drive_link,90PF05I1-M00V20,Not found Mini Tower (i3-1315U/8GB/512GB/Win 11 Home/P500MV),Intel® Core™ i3-1315U 1.2 GHz,Intel® UHD Graphics,Windows 11 Home,"Microsoft Office Home 2024
Microsoft 365 Basic","21.5""",FHD (1920 x 1080) 16:9,250nits,8GB DDR5 SO-DIMM,512GB M.2 2280 NVMe™ PCIe® 4.0 SSD,"Front:
1x RJ45 Gigabit Ethernet
1x HDMI 1.4
1x Displayport 1.4
1x 7.1 channel audio (3 ports)
1x Kensington lock
4x USB 2.0 Type-A

Rear:
1x 3.5mm combo audio jack
1x USB 3.2 Gen 1 Type-C
2x USB 3.2 Gen 1 Type-A",06.00 kg,15.50 x 29.60 x 34.70 cm,"1x M.2 connector for WiFi
2x M.2 2280 connector for storage
2x DDR5 SO-DIMM slot","Wired keyboard (USB)
Wired optical mouse (USB)",No Battery,180W,"Discrete Trusted Platform Module (TPM) 2.0
HDD User Password Protection and Security
Kensington Security Slot™(7x 3mm)"
90PF05I1-M00V30,P500MV-585018WS,Not found Mini Tower,Exceptional Value and Performance for Businesses,"- Powerful for Business : up to Intel Core i7 with DDR5 delivers responsive multitasking and stable performance
- Compact yet Upgradeable : 15L mini tower with full I/O port, easy upgrade & expandability
- Business-Grade Durability & Security : free McAfee plus 2 years full parts warranty + Accidental Damage Protection",https://drive.google.com/drive/folders/1lnNMOVu-xobO7vBLy7VKBNuLCIGI33IT?usp=drive_link,90PF05I1-M00V30,Not found Mini Tower (i5-13420H/8GB/512GB/Win 11 Home/P500MV),Intel® Core™ i5-13420H 2.1 GHz,Intel® UHD Graphics,Windows 11 Home,"Microsoft Office Home 2024
Microsoft 365 Basic","21.5""",FHD (1920 x 1080) 16:9,250nits,8GB DDR5 SO-DIMM,512GB M.2 2280 NVMe™ PCIe® 4.0 SSD,"Front:
1x RJ45 Gigabit Ethernet
1x HDMI 1.4
1x Displayport 1.4
1x 7.1 channel audio (3 ports)
1x Kensington lock
4x USB 2.0 Type-A

Rear:
1x 3.5mm combo audio jack
1x USB 3.2 Gen 1 Type-C
2x USB 3.2 Gen 1 Type-A",06.00 kg,15.50 x 29.60 x 34.70 cm,"1x PCIe® 4.0 x 16 (operating at PCIe® 4.0 x8)
1x M.2 connector for WiFi
2x M.2 2280 connector for storage
2x DDR5 SO-DIMM slot","Wired keyboard (USB)
Wired optical mouse (USB)",No Battery,180W,"Discrete Trusted Platform Module (TPM) 2.0
HDD User Password Protection and Security
Kensington Security Slot™(7x 3mm)"
90PF05I1-M00V40,P500MV-785018WS,Not found Mini Tower,Exceptional Value and Performance for Businesses,"- Powerful for Business : up to Intel Core i7 with DDR5 delivers responsive multitasking and stable performance
- Compact yet Upgradeable : 15L mini tower with full I/O port, easy upgrade & expandability
- Business-Grade Durability & Security : free McAfee plus 2 years full parts warranty + Accidental Damage Protection",https://drive.google.com/drive/folders/13f1q4RXSzI1t_SUTgOMGrfDULqPF2rkQ?usp=drive_link,90PF05I1-M00V40,Not found Mini Tower (i7-13620H/8GB/512GB/Win 11 Home/P500MV),Intel® Core™ i7-13620H 2.4 GHz,Intel® UHD Graphics,Windows 11 Home,"Microsoft Office Home 2024
Microsoft 365 Basic","21.5""",FHD (1920 x 1080) 16:9,250nits,8GB DDR5 SO-DIMM,512GB M.2 2280 NVMe™ PCIe® 4.0 SSD,"Front:
1x RJ45 Gigabit Ethernet
1x HDMI 1.4
1x Displayport 1.4
1x 7.1 channel audio (3 ports)
1x Kensington lock
4x USB 2.0 Type-A

Rear:
1x 3.5mm combo audio jack
1x USB 3.2 Gen 1 Type-C
2x USB 3.2 Gen 1 Type-A",06.00 kg,15.50 x 29.60 x 34.70 cm,"1x PCIe® 4.0 x 16 (operating at PCIe® 4.0 x8)
1x M.2 connector for WiFi
2x M.2 2280 connector for storage
2x DDR5 SO-DIMM slot","Wired keyboard (USB)
Wired optical mouse (USB)",No Battery,180W,"Discrete Trusted Platform Module (TPM) 2.0
HDD User Password Protection and Security
Kensington Security Slot™(7x 3mm)"
90PF05I1-M012P0,P500MV-785033WS,Not found Mini Tower,Exceptional Value and Performance for Businesses,"- Powerful for Business : up to Intel Core i7 with DDR5 delivers responsive multitasking and stable performance
- Compact yet Upgradeable : 15L mini tower with full I/O port, easy upgrade & expandability
- Business-Grade Durability & Security : free McAfee plus 2 years full parts warranty + Accidental Damage Protection",https://drive.google.com/drive/folders/1mv5bqXNLQ4d5DEpMvxGQBKOOBJjiohI3?usp=drive_link,90PF05I1-M012P0,Not found Mini Tower (i7-13620H/8GB/512GB/Win 11 Home/P500MV),Intel® Core™ i7-13620H 2.4 GHz,Intel® UHD Graphics,Windows 11 Home,"Microsoft Office Home 2024
Microsoft 365 Basic","21.5""",FHD (1920 x 1080) 16:9,250nits,8GB DDR5 SO-DIMM,512GB M.2 2280 NVMe™ PCIe® 4.0 SSD,"Front:
1x RJ45 Gigabit Ethernet
1x HDMI 1.4
1x Displayport 1.4
1x 7.1 channel audio (3 ports)
1x Kensington lock
4x USB 2.0 Type-A

Rear:
1x 3.5mm combo audio jack
1x USB 3.2 Gen 1 Type-C
2x USB 3.2 Gen 1 Type-A",06.00 kg,15.50 x 29.60 x 34.70 cm,"1x PCIe® 4.0 x 16 (operating at PCIe® 4.0 x8)
1x M.2 connector for WiFi
2x M.2 2280 connector for storage
2x DDR5 SO-DIMM slot","Wired keyboard (USB)
Wired optical mouse (USB)",No Battery,330W,"Discrete Trusted Platform Module (TPM) 2.0
HDD User Password Protection and Security
Kensington Security Slot™(7x 3mm)"
90PF05I1-M01ET0,P500MV-585033WS,Not found Mini Tower,Exceptional Value and Performance for Businesses,"- Powerful for Business : up to Intel Core i7 with DDR5 delivers responsive multitasking and stable performance
- Compact yet Upgradeable : 15L mini tower with full I/O port, easy upgrade & expandability
- Business-Grade Durability & Security : free McAfee plus 2 years full parts warranty + Accidental Damage Protection",https://drive.google.com/drive/folders/1nW4cGLEcIBY_TwbzBHbuXKpuWgeqQh58?usp=drive_link,90PF05I1-M01ET0,Not found Mini Tower (i5-13420H/8GB/512GB/Win 11 Home/P500MV),Intel® Core™ i5-13420H 2.1 GHz,Intel® UHD Graphics,Windows 11 Home,"Microsoft Office Home 2024
Microsoft 365 Basic","21.5""",FHD (1920 x 1080) 16:9,250nits,8GB DDR5 SO-DIMM,512GB M.2 2280 NVMe™ PCIe® 4.0 SSD,"Front:
1x RJ45 Gigabit Ethernet
1x HDMI 1.4
1x Displayport 1.4
1x 7.1 channel audio (3 ports)
1x Kensington lock
4x USB 2.0 Type-A

Rear:
1x 3.5mm combo audio jack
1x USB 3.2 Gen 1 Type-C
2x USB 3.2 Gen 1 Type-A",06.00 kg,15.50 x 29.60 x 34.70 cm,"1x PCIe® 4.0 x 16 (operating at PCIe® 4.0 x8)
1x M.2 connector for WiFi
2x M.2 2280 connector for storage
2x DDR5 SO-DIMM slot","Wired keyboard (USB)
Wired optical mouse (USB)",No Battery,330W,"Discrete Trusted Platform Module (TPM) 2.0
HDD User Password Protection and Security
Kensington Security Slot™(7x 3mm)"
90PF05I1-M021M0,P500MV-3850181WS,Not found Mini Tower,Trusted by IT Experts. Built for Worry-Free Business.,"- Powerful for Business : up to Intel Core i7 with DDR5 delivers responsive multitasking and stable performance
- Compact yet Upgradeable : 15L mini tower with full I/O port, easy upgrade & expandability
- Business-Grade Durability & Security : free McAfee plus 2 years full parts warranty + Accidental Damage Protection",0,90PF05I1-M021M0,#VALUE!,#VALUE!,8GB DDR5 SO-DIMM,,Not Included,"21.5""",FHD (1920 x 1080) 16:9,250nits,"Intel® Core™ i3-1315U Processor 1.2 GHz (10MB Cache, up to 4.5 GHz, 6 cores, 8 Threads)",64GB,"Front:
High Definition 7.1 Channel Audio

Rear:
Wi-Fi 6(802.11ax) (Dual band) 2*2 + Bluetooth® 5.4 Wireless Card",Wired keyboard,#N/A,"1x 3.5mm combo audio jack
1x USB 3.2 Gen 1 Type-C
2x USB 3.2 Gen 1 Type-A","3.5"" x 1",No Battery,Not Found,06.00 kg (13.23 lbs)
90PF05I1-M021N0,P500MV-5850331WS,Not found Mini Tower,Trusted by IT Experts. Built for Worry-Free Business.,"- Powerful for Business : up to Intel Core i7 with DDR5 delivers responsive multitasking and stable performance
- Compact yet Upgradeable : 15L mini tower with full I/O port, easy upgrade & expandability
- Business-Grade Durability & Security : free McAfee plus 2 years full parts warranty + Accidental Damage Protection",0,90PF05I1-M021N0,#VALUE!,#VALUE!,8GB DDR5 SO-DIMM,,Not Included,"21.5""",FHD (1920 x 1080) 16:9,250nits,"Intel® Core™ i5-13420H Processor 2.1 GHz (12MB Cache, up to 4.6 GHz, 8 cores, 12 Threads)",64GB,"Front:
High Definition 7.1 Channel Audio

Rear:
Wi-Fi 6(802.11ax) (Dual band) 2*2 + Bluetooth® 5.4 Wireless Card",Wired keyboard,1x PCIe® 4.0 x 16,"1x 3.5mm combo audio jack
1x USB 3.2 Gen 1 Type-C
2x USB 3.2 Gen 1 Type-A","3.5"" x 1",No Battery,Not Found,06.00 kg (13.23 lbs)
90PF05I1-M021P0,P500MV-7850331WS,Not found Mini Tower,Trusted by IT Experts. Built for Worry-Free Business.,"- Best Performance-to-Cost Value : Up to Intel® Core™ 7 with DDR5 for high performance at an affordable cost for business efficiency
- Compact & Upgradeable Design : Space-saving 15L mini tower with USB-C, tool-less access, dual SODIMM, and dual storage support
- Business-Grade Security & Reliability : McAfee® protection, 2-year full parts warranty, and Accidental Damage Protection included.
- Enhanced Productivity Experience : Powered by MyASUS and ASUS AI ExpertMeet for smarter collaboration experience",0,90PF05I1-M021P0,#VALUE!,#VALUE!,8GB DDR5 SO-DIMM,,Not Included,"21.5""",FHD (1920 x 1080) 16:9,250nits,"Intel® Core™ i7-13620H Processor 2.4 GHz (24MB Cache, up to 4.9 GHz, 10 cores, 16 Threads)",64GB,"Front:
High Definition 7.1 Channel Audio

Rear:
Wi-Fi 6(802.11ax) (Dual band) 2*2 + Bluetooth® 5.4 Wireless Card",Wired keyboard,1x PCIe® 4.0 x 16,"1x 3.5mm combo audio jack
1x USB 3.2 Gen 1 Type-C
2x USB 3.2 Gen 1 Type-A","3.5"" x 1",No Battery,Not Found,06.00 kg (13.23 lbs)
90PF05I1-M03HL0,P500MV-5850332WS,Not found Mini Tower,Trusted by IT Experts. Built for Worry-Free Business.,"- Best Performance-to-Cost Value : Up to Intel® Core™ 7 with DDR5 for high performance at an affordable cost for business efficiency
- Compact & Upgradeable Design : Space-saving 15L mini tower with USB-C, tool-less access, dual SODIMM, and dual storage support
- Business-Grade Security & Reliability : McAfee® protection, 2-year full parts warranty, and Accidental Damage Protection included.
- Enhanced Productivity Experience : Powered by MyASUS and ASUS AI ExpertMeet for smarter collaboration experience",0,90PF05I1-M03HL0,#VALUE!,#VALUE!,"Memory speed is 5600 MT/s, and run at 5600 MT/s.",,Not Included,"21.5""",FHD (1920 x 1080) 16:9,250nits,"Intel® Core™ 5 Processor 210H 2.2 GHz (12MB Cache, up to 4.8 GHz, 8 Cores, 12 Threads)",Intel® UHD Graphics,"Front:
330W power supply (80+ Platinum, peak 660W)

Rear:
1x RJ45 Gigabit Ethernet
1x HDMI 1.4
1x Displayport 1.4
1x 7.1 channel audio (microphone, line-out, Line-in)
1x Kensington lock
4x USB 2.0 Type-A",15.50 x 29.60 x 34.70 cm,#N/A,2 x SATA 6.0Gb/s ports,"1x PCIe® 4.0 x 16 (operating at PCIe® 4.0 x8)
1x M.2 connector for WiFi
2x M.2 2280 connector for storage
2x DDR5 SO-DIMM slot",No Battery,Not Found,
90PF05I1-M03MX0,P500MV-5850332X,Not found Mini Tower,Trusted by IT Experts. Built for Worry-Free Business.,"- Best Performance-to-Cost Value : Up to Intel® Core™ 7 with DDR5 for high performance at an affordable cost for business efficiency
- Compact & Upgradeable Design : Space-saving 15L mini tower with USB-C, tool-less access, dual SODIMM, and dual storage support
- Business-Grade Security & Reliability : McAfee® protection, 2-year full parts warranty, and Accidental Damage Protection included.
- Enhanced Productivity Experience : Powered by MyASUS and ASUS AI ExpertMeet for smarter collaboration experience",0,90PF05I1-M03MX0,#VALUE!,#VALUE!,"Memory speed is 5600 MT/s, and run at 5600 MT/s.",,Not Included,"21.5""",FHD (1920 x 1080) 16:9,250nits,"Intel® Core™ 5 Processor 210H 2.2 GHz (12MB Cache, up to 4.8 GHz, 8 Cores, 12 Threads)",Intel® UHD Graphics,"Front:
330W power supply (80+ Platinum, peak 660W)

Rear:
1x RJ45 Gigabit Ethernet
1x HDMI 1.4
1x Displayport 1.4
1x 7.1 channel audio (microphone, line-out, Line-in)
1x Kensington lock
4x USB 2.0 Type-A",15.50 x 29.60 x 34.70 cm,#N/A,2 x SATA 6.0Gb/s ports,"1x PCIe® 4.0 x 16 (operating at PCIe® 4.0 x8)
1x M.2 connector for WiFi
2x M.2 2280 connector for storage
2x DDR5 SO-DIMM slot",No Battery,Not Found,
90PF05I1-M03X50,P500MV-7850332WS,Not found Mini Tower,Trusted by IT Experts. Built for Worry-Free Business.,"- Best Performance-to-Cost Value : Up to Intel® Core™ 7 with DDR5 for high performance at an affordable cost for business efficiency
- Compact & Upgradeable Design : Space-saving 15L mini tower with USB-C, tool-less access, dual SODIMM, and dual storage support
- Business-Grade Security & Reliability : McAfee® protection, 2-year full parts warranty, and Accidental Damage Protection included.
- Enhanced Productivity Experience : Powered by MyASUS and ASUS AI ExpertMeet for smarter collaboration experience",0,90PF05I1-M03X50,#VALUE!,#VALUE!,"Memory speed is 5600 MT/s, and run at 5600 MT/s.",,Not Included,"21.5""",FHD (1920 x 1080) 16:9,250nits,"Intel® Core™ 7 Processor 240H 2.5 GHz (24MB Cache, up to 5.2 GHz, 10 Cores, 16 Threads)",Intel® UHD Graphics,"Front:
330W power supply (80+ Platinum, peak 660W)

Rear:
1x RJ45 Gigabit Ethernet
1x HDMI 1.4
1x Displayport 1.4
1x 7.1 channel audio (microphone, line-out, Line-in)
1x Kensington lock
4x USB 2.0 Type-A",15.50 x 29.60 x 34.70 cm,#N/A,2 x SATA 6.0Gb/s ports,"1x PCIe® 4.0 x 16 (operating at PCIe® 4.0 x8)
1x M.2 connector for WiFi
2x M.2 2280 connector for storage
2x DDR5 SO-DIMM slot",No Battery,Not Found,
90PF05I1-M040W0,P500MV-7850332X,Not found Mini Tower,Trusted by IT Experts. Built for Worry-Free Business.,"- Best Performance-to-Cost Value : Up to Intel® Core™ 7 with DDR5 for high performance at an affordable cost for business efficiency
- Compact & Upgradeable Design : Space-saving 15L mini tower with USB-C, tool-less access, dual SODIMM, and dual storage support
- Business-Grade Security & Reliability : McAfee® protection, 2-year full parts warranty, and Accidental Damage Protection included.
- Enhanced Productivity Experience : Powered by MyASUS and ASUS AI ExpertMeet for smarter collaboration experience",0,90PF05I1-M040W0,#VALUE!,#VALUE!,"Memory speed is 5600 MT/s, and run at 5600 MT/s.",,Not Included,"21.5""",FHD (1920 x 1080) 16:9,250nits,"Intel® Core™ 7 Processor 240H 2.5 GHz (24MB Cache, up to 5.2 GHz, 10 Cores, 16 Threads)",Intel® UHD Graphics,"Front:
330W power supply (80+ Platinum, peak 660W)

Rear:
1x RJ45 Gigabit Ethernet
1x HDMI 1.4
1x Displayport 1.4
1x 7.1 channel audio (microphone, line-out, Line-in)
1x Kensington lock
4x USB 2.0 Type-A",15.50 x 29.60 x 34.70 cm,#N/A,2 x SATA 6.0Gb/s ports,"1x PCIe® 4.0 x 16 (operating at PCIe® 4.0 x8)
1x M.2 connector for WiFi
2x M.2 2280 connector for storage
2x DDR5 SO-DIMM slot",No Battery,Not Found,
90PF05I1-M041L0,P500MV-3850182WS,Not found Mini Tower,Trusted by IT Experts. Built for Worry-Free Business.,"- Best Performance-to-Cost Value : Up to Intel® Core™ 7 with DDR5 for high performance at an affordable cost for business efficiency
- Compact & Upgradeable Design : Space-saving 15L mini tower with USB-C, tool-less access, dual SODIMM, and dual storage support
- Business-Grade Security & Reliability : McAfee® protection, 2-year full parts warranty, and Accidental Damage Protection included.
- Enhanced Productivity Experience : Powered by MyASUS and ASUS AI ExpertMeet for smarter collaboration experience",0,90PF05I1-M041L0,#VALUE!,#VALUE!,"Memory speed is 5600 MT/s, and run at 5600 MT/s.",,Not Included,"21.5""",FHD (1920 x 1080) 16:9,250nits,"Intel® Core™ 3 Processor 100U 1.2 GHz (10MB Cache, up to 4.7 GHz, 6 Cores, 8 Threads)",Intel® UHD Graphics,"Front:
180W power supply (80+ Bronze, peak 228W)

Rear:
1x RJ45 Gigabit Ethernet
1x HDMI 1.4
1x Displayport 1.4
1x 7.1 channel audio (microphone, line-out, Line-in)
1x Kensington lock
4x USB 2.0 Type-A",15.50 x 29.60 x 34.70 cm,#N/A,2 x SATA 6.0Gb/s ports,"1x M.2 connector for WiFi
2x M.2 2280 connector for storage
2x DDR5 SO-DIMM slot",No Battery,Not Found,
90PF05I1-M041P0,P500MV-3850182X,Not found Mini Tower,Trusted by IT Experts. Built for Worry-Free Business.,"- Best Performance-to-Cost Value : Up to Intel® Core™ 7 with DDR5 for high performance at an affordable cost for business efficiency
- Compact & Upgradeable Design : Space-saving 15L mini tower with USB-C, tool-less access, dual SODIMM, and dual storage support
- Business-Grade Security & Reliability : McAfee® protection, 2-year full parts warranty, and Accidental Damage Protection included.
- Enhanced Productivity Experience : Powered by MyASUS and ASUS AI ExpertMeet for smarter collaboration experience",0,90PF05I1-M041P0,#VALUE!,#VALUE!,"Memory speed is 5600 MT/s, and run at 5600 MT/s.",,Not Included,"21.5""",FHD (1920 x 1080) 16:9,250nits,"Intel® Core™ 3 Processor 100U 1.2 GHz (10MB Cache, up to 4.7 GHz, 6 Cores, 8 Threads)",Intel® UHD Graphics,"Front:
180W power supply (80+ Bronze, peak 228W)

Rear:
1x RJ45 Gigabit Ethernet
1x HDMI 1.4
1x Displayport 1.4
1x 7.1 channel audio (microphone, line-out, Line-in)
1x Kensington lock
4x USB 2.0 Type-A",15.50 x 29.60 x 34.70 cm,#N/A,2 x SATA 6.0Gb/s ports,"1x M.2 connector for WiFi
2x M.2 2280 connector for storage
2x DDR5 SO-DIMM slot",No Battery,Not Found,
90PF05K2-M00N60,S503MER-385018WS,Not found S503MER,"Work and play, empowered","- High Performance for Modern workloads : up to Intel Core i7 with DDR5 delivers responsive multitasking and stable performance
- Compact yet Fully Upgradeable : 15L mini tower with full I/O port include Dual HDMI, easy upgrade & immersive expandability
- Reliable Security and Durability with 2 years full parts warranty",0,90PF05K2-M00N60,Not found S503MER (i3-14100/8GB/512GB/Win 11 Home/S503MER),Intel® Core™ i3-14100 3.5GHz,Intel® UHD Graphics 730,Windows 11 Home,"Microsoft Office Home 2024
Microsoft 365 Basic","21.5""",FHD (1920 x 1080) 16:9,250nits,8GB DDR5 U-DIMM,512GB M.2 2280 NVMe™ PCIe® 4.0 SSD,"Front:
1x RJ45 Gigabit Ethernet
1x HDMI 1.4
1x VGA Port
1x 7.1 channel audio (3 ports)
1x Kensington lock
1x Padlock loop
2x USB 2.0 Type-A
2x USB 3.2 Gen 1 Type-A
1x FLEX I/O port (HDMI 2.1 TMDS)

Rear:
1x Headphone
1x 3.5mm combo audio jack
2x USB 2.0 Type-A
2x USB 3.2 Gen 2 Type-A",06.00 kg,15.50 x 29.60 x 34.70 cm,"1x PCIe® 4.0 x 16
2x PCIe® 3.0 x 1
1x M.2 2280 connector for storage
1x M.2 2280/2230 connector for storage
1x M.2 connector for WiFi
2x DDR5 U-DIMM slot","Wired keyboard (USB)
Wired optical mouse (USB)",No Battery,180W,"HDD User Password Protection and Security
Kensington Security Slot™(7x 3mm)
McAfee® 30 days free trial
Padlock loop
Trusted Platform Module (Firmware TPM)"
90PF05K2-M00N70,S503MER-585018WS,Not found S503MER,"Work and play, empowered","- High Performance for Modern workloads : up to Intel Core i7 with DDR5 delivers responsive multitasking and stable performance
- Compact yet Fully Upgradeable : 15L mini tower with full I/O port include Dual HDMI, easy upgrade & immersive expandability
- Reliable Security and Durability with 2 years full parts warranty",0,90PF05K2-M00N70,Not found S503MER (i5-14500/8GB/512GB/Win 11 Home/S503MER),Intel® Core™ i5-14500 2.6GHz,Intel® UHD Graphics 770,Windows 11 Home,"Microsoft Office Home 2024
Microsoft 365 Basic","21.5""",FHD (1920 x 1080) 16:9,250nits,8GB DDR5 U-DIMM,512GB M.2 2280 NVMe™ PCIe® 4.0 SSD,"Front:
1x RJ45 Gigabit Ethernet
1x HDMI 1.4
1x VGA Port
1x 7.1 channel audio (3 ports)
1x Kensington lock
1x Padlock loop
2x USB 2.0 Type-A
2x USB 3.2 Gen 1 Type-A
1x FLEX I/O port (HDMI 2.1 TMDS)

Rear:
1x Headphone
1x 3.5mm combo audio jack
2x USB 2.0 Type-A
2x USB 3.2 Gen 2 Type-A",06.00 kg,15.50 x 29.60 x 34.70 cm,"1x PCIe® 4.0 x 16
2x PCIe® 3.0 x 1
1x M.2 2280 connector for storage
1x M.2 2280/2230 connector for storage
1x M.2 connector for WiFi
2x DDR5 U-DIMM slot","Wired keyboard (USB)
Wired optical mouse (USB)",No Battery,180W,"HDD User Password Protection and Security
Kensington Security Slot™(7x 3mm)
McAfee® 30 days free trial
Padlock loop
Trusted Platform Module (Firmware TPM)"
90PF05K2-M00V70,S503MER-785033WS,Not found S503MER,"Work and play, empowered","- High Performance for Modern workloads : up to Intel Core i7 with DDR5 delivers responsive multitasking and stable performance
- Compact yet Fully Upgradeable : 15L mini tower with full I/O port include Dual HDMI, easy upgrade & immersive expandability
- Reliable Security and Durability with 2 years full parts warranty",0,90PF05K2-M00V70,Not found S503MER (i7-14700/8GB/512GB/Win 11 Home/S503MER),Intel® Core™ i7-14700 2.1GHz,Intel® UHD Graphics 770,Windows 11 Home,"Microsoft Office Home 2024
Microsoft 365 Basic","21.5""",FHD (1920 x 1080) 16:9,250nits,8GB DDR5 U-DIMM,512GB M.2 2280 NVMe™ PCIe® 4.0 SSD,"Front:
1x RJ45 Gigabit Ethernet
1x HDMI 1.4
1x VGA Port
1x 7.1 channel audio (3 ports)
1x Kensington lock
1x Padlock loop
2x USB 2.0 Type-A
2x USB 3.2 Gen 1 Type-A
1x FLEX I/O port (HDMI 2.1 TMDS)

Rear:
1x Headphone
1x 3.5mm combo audio jack
2x USB 2.0 Type-A
2x USB 3.2 Gen 2 Type-A",06.00 kg,15.50 x 29.60 x 34.70 cm,"1x PCIe® 4.0 x 16
2x PCIe® 3.0 x 1
1x M.2 2280 connector for storage
1x M.2 2280/2230 connector for storage
1x M.2 connector for WiFi
2x DDR5 U-DIMM slot","Wired keyboard (USB)
Wired optical mouse (USB)",No Battery,330W,"HDD User Password Protection and Security
Kensington Security Slot™(7x 3mm)
McAfee® 30 days free trial
Padlock loop
Trusted Platform Module (Firmware TPM)"
90PF05K2-M01VE0,S503MER-585033WS,Not found S503MER,Trusted by IT Experts. Built for Worry-Free Business.,"- High Performance for Modern workloads : up to Intel Core i7 with DDR5 delivers responsive multitasking and stable performance
- Compact yet Fully Upgradeable : 15L mini tower with full I/O port include Dual HDMI, easy upgrade & immersive expandability
- Reliable Security and Durability with 2 years full parts warranty",0,90PF05K2-M01VE0,#VALUE!,#VALUE!,8GB DDR5 U-DIMM,,Not Included,"21.5""",FHD (1920 x 1080) 16:9,250nits,"Intel® Core™ i5-14500 Processor 2.6GHz (24MB Cache, up to 5.0GHz, 14 cores, 20 Threads)
N/A",64GB,"Front:
High Definition 7.1 Channel Audio

Rear:
Wi-Fi 6(802.11ax) (Dual band) 2*2 + Bluetooth® 5.4 Wireless Card",Wired keyboard,#N/A,"1x Headphone
1x 3.5mm combo audio jack
2x USB 2.0 Type-A
2x USB 3.2 Gen 2 Type-A","2.5"" x 1
3.5"" x 1",No Battery,Not Found,06.00 kg (13.23 lbs)
90PF05K2-M022T0,S503MER-3850331WS,Not found S503MER,Trusted by IT Experts. Built for Worry-Free Business.,"- High Performance for Modern workloads : up to Intel Core i7 with DDR5 delivers responsive multitasking and stable performance
- Compact yet Fully Upgradeable : 15L mini tower with full I/O port include Dual HDMI, easy upgrade & immersive expandability
- Reliable Security and Durability with 2 years full parts warranty",0,90PF05K2-M022T0,#VALUE!,#VALUE!,8GB DDR5 U-DIMM,,Not Included,"21.5""",FHD (1920 x 1080) 16:9,250nits,"Intel® Core™ i3-14100 Processor 3.5GHz (12MB Cache, up to 4.7GHz, 4 cores, 8 Threads)
N/A",64GB,"Front:
High Definition 7.1 Channel Audio

Rear:
Wi-Fi 6(802.11ax) (Dual band) 2*2 + Bluetooth® 5.4 Wireless Card",Wired keyboard,#N/A,"1x Headphone
1x 3.5mm combo audio jack
2x USB 2.0 Type-A
2x USB 3.2 Gen 2 Type-A","2.5"" x 1
3.5"" x 1",No Battery,Not Found,06.00 kg (13.23 lbs)
90PF05K2-M022V0,S503MER-5850331WS,Not found S503MER,Trusted by IT Experts. Built for Worry-Free Business.,"- High Performance for Modern workloads : up to Intel Core i7 with DDR5 delivers responsive multitasking and stable performance
- Compact yet Fully Upgradeable : 15L mini tower with full I/O port include Dual HDMI, easy upgrade & immersive expandability
- Reliable Security and Durability with 2 years full parts warranty",0,90PF05K2-M022V0,#VALUE!,#VALUE!,8GB DDR5 U-DIMM,,Not Included,"21.5""",FHD (1920 x 1080) 16:9,250nits,"Intel® Core™ i5-14500 Processor 2.6GHz (24MB Cache, up to 5.0GHz, 14 cores, 20 Threads)
N/A",64GB,"Front:
High Definition 7.1 Channel Audio

Rear:
Wi-Fi 6(802.11ax) (Dual band) 2*2 + Bluetooth® 5.4 Wireless Card",Wired keyboard,#N/A,"1x Headphone
1x 3.5mm combo audio jack
2x USB 2.0 Type-A
2x USB 3.2 Gen 2 Type-A","2.5"" x 1
3.5"" x 1",No Battery,Not Found,06.00 kg (13.23 lbs)
90PF05K2-M022X0,S503MER-7850501WS,Not found S503MER,Trusted by IT Experts. Built for Worry-Free Business.,"- High Performance for Modern workloads : up to Intel Core i7 with DDR5 delivers responsive multitasking and stable performance
- Compact yet Fully Upgradeable : 15L mini tower with full I/O port include Dual HDMI, easy upgrade & immersive expandability
- Reliable Security and Durability with 2 years full parts warranty",0,90PF05K2-M022X0,#VALUE!,#VALUE!,8GB DDR5 U-DIMM,,Not Included,"21.5""",FHD (1920 x 1080) 16:9,250nits,"Intel® Core™ i7-14700 Processor 2.1GHz (33MB Cache, up to 5.3GHz, 20 cores, 28 Threads)
N/A",64GB,"Front:
High Definition 7.1 Channel Audio

Rear:
Wi-Fi 6(802.11ax) (Dual band) 2*2 + Bluetooth® 5.4 Wireless Card",Wired keyboard,#N/A,"1x Headphone
1x 3.5mm combo audio jack
2x USB 2.0 Type-A
2x USB 3.2 Gen 2 Type-A","2.5"" x 1
3.5"" x 1",No Battery,Not Found,06.00 kg (13.23 lbs)
90PF05M1-M01MP0,D501SER-385000001W,Not found SFF,Exceptional small-business value,"- Compact Small form Factor for Space saving with easy to upgrade design
- Immersive expandability and comprehensive I/O Port
- Military Grade Certified with Business Security 3 years Onsite service (include 1Y Accidental Damage Protection)",0,90PF05M1-M01MP0,Not found SFF (i3-14100/8GB/512GB/Win 11 Home/D501SER),Intel® Core™ i3-14100 3.5GHz,Intel® UHD Graphics 730,Windows 11 Home,Not Included,"21.5""",FHD (1920 x 1080) 16:9,250nits,8GB DDR5 U-DIMM,512GB M.2 2280 NVMe™ PCIe® 4.0 SSD,"Front:
1x RJ45 Gigabit Ethernet
1x HDMI 1.4
1x VGA Port
1x 7.1 channel audio (3 ports)
1x Kensington lock
1x Padlock loop
2x USB 2.0 Type-A
2x USB 3.2 Gen 1 Type-A
1x FLEX I/O port (DP1.4 HBR3)

Rear:
1x Headphone
1x 3.5 mm combo audio jack (Mic in or Headphone out)
2x USB 2.0 Type-A
2x USB 3.2 Gen 2 Type-A",06.00 kg,09.30 x 29.60 x 30.90 cm,"1x PCIe® 4.0 x 16
2x PCIe® 3.0 x 1
1x M.2 2230 connector for storage
1x M.2 2280 connector for storage
1x M.2 connector for WiFi
2x DDR5 U-DIMM slot","Wired keyboard (USB)
Wired optical mouse (USB)",No Battery,180W,"HDD User Password Protection and Security
Kensington Security Slot™(7x 3mm)
McAfee® 30 days free trial
Padlock loop
Trusted Platform Module (Firmware TPM)"
90PF05M1-M01MW0,D501SER-385000001X,Not found SFF,Exceptional small-business value,"- Compact Small form Factor for Space saving with easy to upgrade design
- Immersive expandability and comprehensive I/O Port
- Military Grade Certified with Business Security 3 years Onsite service (include 1Y Accidental Damage Protection)",0,90PF05M1-M01MW0,Not found SFF (i3-14100/8GB/512GB/Win 11 Home/D501SER),Intel® Core™ i3-14100 3.5GHz,Intel® UHD Graphics 730,Windows 11 Home,Not Included,"21.5""",FHD (1920 x 1080) 16:9,250nits,8GB DDR5 U-DIMM,512GB M.2 2280 NVMe™ PCIe® 4.0 SSD,"Front:
1x RJ45 Gigabit Ethernet
1x HDMI 1.4
1x VGA Port
1x 7.1 channel audio (3 ports)
1x Kensington lock
1x Padlock loop
2x USB 2.0 Type-A
2x USB 3.2 Gen 1 Type-A
1x FLEX I/O port (DP1.4 HBR3)

Rear:
1x Headphone
1x 3.5 mm combo audio jack (Mic in or Headphone out)
2x USB 2.0 Type-A
2x USB 3.2 Gen 2 Type-A",06.00 kg,09.30 x 29.60 x 30.90 cm,"1x PCIe® 4.0 x 16
2x PCIe® 3.0 x 1
1x M.2 2230 connector for storage
1x M.2 2280 connector for storage
1x M.2 connector for WiFi
2x DDR5 U-DIMM slot","Wired keyboard (USB)
Wired optical mouse (USB)",No Battery,180W,"HDD User Password Protection and Security
Kensington Security Slot™(7x 3mm)
McAfee® 30 days free trial
Padlock loop
Trusted Platform Module (Firmware TPM)"
90PF05M1-M01MX0,D501SER-585000001W,Not found SFF,Exceptional small-business value,"- Compact Small form Factor for Space saving with easy to upgrade design
- Immersive expandability and comprehensive I/O Port
- Military Grade Certified with Business Security 3 years Onsite service (include 1Y Accidental Damage Protection)",0,90PF05M1-M01MX0,Not found SFF (i5-14500/8GB/512GB/Win 11 Home/D501SER),Intel® Core™ i5-14500 2.6GHz,Intel® UHD Graphics 770,Windows 11 Home,Not Included,"21.5""",FHD (1920 x 1080) 16:9,250nits,8GB DDR5 U-DIMM,512GB M.2 2280 NVMe™ PCIe® 4.0 SSD,"Front:
1x RJ45 Gigabit Ethernet
1x HDMI 1.4
1x VGA Port
1x 7.1 channel audio (3 ports)
1x Kensington lock
1x Padlock loop
2x USB 2.0 Type-A
2x USB 3.2 Gen 1 Type-A
1x FLEX I/O port (DP1.4 HBR3)

Rear:
1x Headphone
1x 3.5 mm combo audio jack (Mic in or Headphone out)
2x USB 2.0 Type-A
2x USB 3.2 Gen 2 Type-A",06.00 kg,09.30 x 29.60 x 30.90 cm,"1x PCIe® 4.0 x 16
2x PCIe® 3.0 x 1
1x M.2 2230 connector for storage
1x M.2 2280 connector for storage
1x M.2 connector for WiFi
2x DDR5 U-DIMM slot","Wired keyboard (USB)
Wired optical mouse (USB)",No Battery,180W,"HDD User Password Protection and Security
Kensington Security Slot™(7x 3mm)
McAfee® 30 days free trial
Padlock loop
Trusted Platform Module (Firmware TPM)"
90PF05M1-M01MY0,D501SER-585000001X,Not found SFF,Exceptional small-business value,"- Compact Small form Factor for Space saving with easy to upgrade design
- Immersive expandability and comprehensive I/O Port
- Military Grade Certified with Business Security 3 years Onsite service (include 1Y Accidental Damage Protection)",0,90PF05M1-M01MY0,Not found SFF (i5-14500/8GB/512GB/Win 11 Home/D501SER),Intel® Core™ i5-14500 2.6GHz,Intel® UHD Graphics 770,Windows 11 Home,Not Included,"21.5""",FHD (1920 x 1080) 16:9,250nits,8GB DDR5 U-DIMM,512GB M.2 2280 NVMe™ PCIe® 4.0 SSD,"Front:
1x RJ45 Gigabit Ethernet
1x HDMI 1.4
1x VGA Port
1x 7.1 channel audio (3 ports)
1x Kensington lock
1x Padlock loop
2x USB 2.0 Type-A
2x USB 3.2 Gen 1 Type-A
1x FLEX I/O port (DP1.4 HBR3)

Rear:
1x Headphone
1x 3.5 mm combo audio jack (Mic in or Headphone out)
2x USB 2.0 Type-A
2x USB 3.2 Gen 2 Type-A",06.00 kg,09.30 x 29.60 x 30.90 cm,"1x PCIe® 4.0 x 16
2x PCIe® 3.0 x 1
1x M.2 2230 connector for storage
1x M.2 2280 connector for storage
1x M.2 connector for WiFi
2x DDR5 U-DIMM slot","Wired keyboard (USB)
Wired optical mouse (USB)",No Battery,180W,"HDD User Password Protection and Security
Kensington Security Slot™(7x 3mm)
McAfee® 30 days free trial
Padlock loop
Trusted Platform Module (Firmware TPM)"
90PF05M1-M01MZ0,D501SER-785000001W,Not found SFF,Exceptional small-business value,"- Compact Small form Factor for Space saving with easy to upgrade design
- Immersive expandability and comprehensive I/O Port
- Military Grade Certified with Business Security 3 years Onsite service (include 1Y Accidental Damage Protection)",0,90PF05M1-M01MZ0,Not found SFF (i7-14700/8GB/512GB/Win 11 Home/D501SER),Intel® Core™ i7-14700 2.1GHz,Intel® UHD Graphics 770,Windows 11 Home,Not Included,"21.5""",FHD (1920 x 1080) 16:9,250nits,8GB DDR5 U-DIMM,512GB M.2 2280 NVMe™ PCIe® 4.0 SSD,"Front:
1x RJ45 Gigabit Ethernet
1x HDMI 1.4
1x VGA Port
1x 7.1 channel audio (3 ports)
1x Kensington lock
1x Padlock loop
2x USB 2.0 Type-A
2x USB 3.2 Gen 1 Type-A
1x FLEX I/O port (DP1.4 HBR3)

Rear:
1x Headphone
1x 3.5 mm combo audio jack (Mic in or Headphone out)
2x USB 2.0 Type-A
2x USB 3.2 Gen 2 Type-A",06.00 kg,09.30 x 29.60 x 30.90 cm,"1x PCIe® 4.0 x 16
2x PCIe® 3.0 x 1
1x M.2 2230 connector for storage
1x M.2 2280 connector for storage
1x M.2 connector for WiFi
2x DDR5 U-DIMM slot","Wired keyboard (USB)
Wired optical mouse (USB)",No Battery,180W,"HDD User Password Protection and Security
Kensington Security Slot™(7x 3mm)
McAfee® 30 days free trial
Padlock loop
Trusted Platform Module (Firmware TPM)"
90PF05M1-M01N00,D501SER-785000001X,Not found SFF,Exceptional small-business value,"- Compact Small form Factor for Space saving with easy to upgrade design
- Immersive expandability and comprehensive I/O Port
- Military Grade Certified with Business Security 3 years Onsite service (include 1Y Accidental Damage Protection)",0,90PF05M1-M01N00,Not found SFF (i7-14700/8GB/512GB/Win 11 Pro/D501SER),Intel® Core™ i7-14700 2.1GHz,Intel® UHD Graphics 770,Windows 11 Pro,Not Included,"21.5""",FHD (1920 x 1080) 16:9,250nits,8GB DDR5 U-DIMM,512GB M.2 2280 NVMe™ PCIe® 4.0 SSD,"Front:
1x RJ45 Gigabit Ethernet
1x HDMI 1.4
1x VGA Port
1x 7.1 channel audio (3 ports)
1x Kensington lock
1x Padlock loop
2x USB 2.0 Type-A
2x USB 3.2 Gen 1 Type-A
1x FLEX I/O port (DP1.4 HBR3)

Rear:
1x Headphone
1x 3.5 mm combo audio jack (Mic in or Headphone out)
2x USB 2.0 Type-A
2x USB 3.2 Gen 2 Type-A",06.00 kg,09.30 x 29.60 x 30.90 cm,"1x PCIe® 4.0 x 16
2x PCIe® 3.0 x 1
1x M.2 2230 connector for storage
1x M.2 2280 connector for storage
1x M.2 connector for WiFi
2x DDR5 U-DIMM slot","Wired keyboard (USB)
Wired optical mouse (USB)",No Battery,180W,"HDD User Password Protection and Security
Kensington Security Slot™(7x 3mm)
McAfee® 30 days free trial
Padlock loop
Trusted Platform Module (Firmware TPM)"
90PF05U1-M00010,PG500MV-385W,Not found Mini Tower,Trusted by IT Experts. Built for Worry-Free Business.,"- Powerful yet Efficient for all Business : up to Intel Core i7 with DDR5 delivers responsive multitasking and stable performance on efficient power
- Compact yet Upgradeable : 15L mini tower with full I/O port, easy upgrade & expandability
- Business-Grade Durability & Security : free McAfee plus 2 years full parts warranty + Accidental Damage Protection",0,90PF05U1-M00010,Not found Mini Tower (i3-1315U/8GB/512GB/Win 11 Home/PG500MV),Intel® Core™ i3-1315U 1.2 GHz,Intel® UHD Graphics,Windows 11 Home,Not Included,"21.5""",FHD (1920 x 1080) 16:9,250nits,8GB DDR5 U-DIMM,512GB M.2 2280 NVMe™ PCIe® 4.0 SSD,"Front:
1x RJ45 Gigabit Ethernet
1x HDMI 1.4
1x Displayport 1.4
1x Kensington lock
4x USB 2.0 Type-A

Rear:
1x 3.5mm combo audio jack
1x USB 3.2 Gen 1 Type-C
2x USB 3.2 Gen 1 Type-A
1x 2 in 1 card reader SD / MMC
1x Smart card reader",06.00 kg,15.50 x 29.60 x 34.70 cm,1x M.2 connector for WiFi,"Wired keyboard (USB)
Wired optical mouse (USB)",No Battery,180W,0
90PF05U1-M00050,PG500MV-715W,Not found Mini Tower,Trusted by IT Experts. Built for Worry-Free Business.,"- Powerful yet Efficient for all Business : up to Intel Core i7 with DDR5 delivers responsive multitasking and stable performance on efficient power
- Compact yet Upgradeable : 15L mini tower with full I/O port, easy upgrade & expandability
- Business-Grade Durability & Security : free McAfee plus 2 years full parts warranty + Accidental Damage Protection",0,90PF05U1-M00050,Not found Mini Tower (i7-13620H/8GB/512GB/Win 11 Home/PG500MV),Intel® Core™ i7-13620H 2.4 GHz,Intel® UHD Graphics,Windows 11 Home,Not Included,"21.5""",FHD (1920 x 1080) 16:9,250nits,8GB DDR5 U-DIMM *2,512GB M.2 2280 NVMe™ PCIe® 4.0 SSD,"Front:
1x RJ45 Gigabit Ethernet
1x HDMI 1.4
1x Displayport 1.4
1x Kensington lock
4x USB 2.0 Type-A

Rear:
1x 3.5mm combo audio jack
1x USB 3.2 Gen 1 Type-C
2x USB 3.2 Gen 1 Type-A
1x 2 in 1 card reader SD / MMC
1x Smart card reader",06.00 kg,15.50 x 29.60 x 34.70 cm,"1x PCIe® 4.0 x 16
1x M.2 connector for WiFi","Wired keyboard (USB)
Wired optical mouse (USB)",No Battery,330W,0
90PF05U1-M00060,PG500MV-7116W,Not found Mini Tower,Trusted by IT Experts. Built for Worry-Free Business.,"- Powerful yet Efficient for all Business : up to Intel Core i7 with DDR5 delivers responsive multitasking and stable performance on efficient power
- Compact yet Upgradeable : 15L mini tower with full I/O port, easy upgrade & expandability
- Business-Grade Durability & Security : free McAfee plus 2 years full parts warranty + Accidental Damage Protection",0,90PF05U1-M00060,Not found Mini Tower (i7-13620H/8GB/512GB/RTX™ 3050/Win 11 Home/PG500MV),Intel® Core™ i7-13620H 2.4 GHz,"NVIDIA® GeForce RTX™ 3050 6GB GDDR6 : 1x DP, 1x HDMI, 1x DVI-D",Windows 11 Home,Not Included,"21.5""",FHD (1920 x 1080) 16:9,250nits,8GB DDR5 U-DIMM *2,512GB + 512GB M.2 2280 NVMe™ PCIe® 4.0 SSD,"Front:
1x RJ45 Gigabit Ethernet
1x HDMI 1.4
1x Displayport 1.4
1x Kensington lock
4x USB 2.0 Type-A

Rear:
1x 3.5mm combo audio jack
1x USB 3.2 Gen 1 Type-C
2x USB 3.2 Gen 1 Type-A
1x 2 in 1 card reader SD / MMC
1x Smart card reader",06.00 kg,15.50 x 29.60 x 34.70 cm,"1x PCIe® 4.0 x 16
1x M.2 connector for WiFi","Wired keyboard (USB)
Wired optical mouse (USB)",No Battery,330W,0
90PF05U1-M000C0,PG500MV-585W,Not found Mini Tower,Trusted by IT Experts. Built for Worry-Free Business.,"- Powerful yet Efficient for all Business : up to Intel Core i7 with DDR5 delivers responsive multitasking and stable performance on efficient power
- Compact yet Upgradeable : 15L mini tower with full I/O port, easy upgrade & expandability
- Business-Grade Durability & Security : free McAfee plus 2 years full parts warranty + Accidental Damage Protection",0,90PF05U1-M000C0,Not found Mini Tower (i5-13420H/8GB/512GB/Win 11 Home/PG500MV),Intel® Core™ i5-13420H 2.1 GHz,Intel® UHD Graphics,Windows 11 Home,Not Included,"21.5""",FHD (1920 x 1080) 16:9,250nits,8GB DDR5 U-DIMM,512GB M.2 2280 NVMe™ PCIe® 4.0 SSD,"Front:
1x RJ45 Gigabit Ethernet
1x HDMI 1.4
1x Displayport 1.4
1x Kensington lock
4x USB 2.0 Type-A

Rear:
1x 3.5mm combo audio jack
1x USB 3.2 Gen 1 Type-C
2x USB 3.2 Gen 1 Type-A
1x 2 in 1 card reader SD / MMC
1x Smart card reader",06.00 kg,15.50 x 29.60 x 34.70 cm,1x M.2 connector for WiFi,"Wired keyboard (USB)
Wired optical mouse (USB)",No Battery,330W,0
90PF05U1-M000D0,PG500MV-585X,Not found Mini Tower,Trusted by IT Experts. Built for Worry-Free Business.,"- Powerful yet Efficient for all Business : up to Intel Core i7 with DDR5 delivers responsive multitasking and stable performance on efficient power
- Compact yet Upgradeable : 15L mini tower with full I/O port, easy upgrade & expandability
- Business-Grade Durability & Security : free McAfee plus 2 years full parts warranty + Accidental Damage Protection",0,90PF05U1-M000D0,Not found Mini Tower (i5-13420H/8GB/512GB/Win 11 Pro/PG500MV),Intel® Core™ i5-13420H 2.1 GHz,Intel® UHD Graphics,Windows 11 Pro,Not Included,"21.5""",FHD (1920 x 1080) 16:9,250nits,8GB DDR5 U-DIMM,512GB M.2 2280 NVMe™ PCIe® 4.0 SSD,"Front:
1x RJ45 Gigabit Ethernet
1x HDMI 1.4
1x Displayport 1.4
1x Kensington lock
4x USB 2.0 Type-A

Rear:
1x 3.5mm combo audio jack
1x USB 3.2 Gen 1 Type-C
2x USB 3.2 Gen 1 Type-A
1x 2 in 1 card reader SD / MMC
1x Smart card reader",06.00 kg,15.50 x 29.60 x 34.70 cm,1x M.2 connector for WiFi,"Wired keyboard (USB)
Wired optical mouse (USB)",No Battery,330W,0
90PF05U1-M000H0,PG500MV-385WR,Not found Mini Tower,Trusted by IT Experts. Built for Worry-Free Business.,"- Powerful yet Efficient for all Business : up to Intel Core 7 240H with DDR5 delivers responsive multitasking and stable performance on efficient power
- Compact yet Upgradeable : 15L mini tower with full I/O port, easy upgrade & expandability
- Business-Grade Durability & Security : free McAfee plus 2 years full parts warranty + Accidental Damage Protection",0,90PF05U1-M000H0,Not found Mini Tower (Core 3 100U/8GB/512GB/Win 11 Home/PG500MV),Intel® Core™ 3 100U 1.2 GHz,Intel® UHD Graphics,Windows 11 Home,Not Included,"21.5""",FHD (1920 x 1080) 16:9,250nits,8GB DDR5 U-DIMM,512GB M.2 2280 NVMe™ PCIe® 4.0 SSD,"Front:
1x RJ45 Gigabit Ethernet
1x HDMI 1.4
1x Displayport 1.4
1x 7.1 channel audio (microphone, line-out, Line-in)
1x Kensington lock
4x USB 2.0 Type-A

Rear:
1x 3.5mm combo audio jack
1x USB 3.2 Gen 2 Type-C
2x USB 3.2 Gen 2 Type-A
1x 2 in 1 card reader SD / MMC
1x Smart card reader",06.00 kg,15.50 x 29.60 x 34.70 cm,"1x M.2 connector for WiFi
2x M.2 2280 connector for storage
2x DDR5 SO-DIMM slot","Wired keyboard (USB)
Wired optical mouse (USB)",No Battery,180W,"1-month Adobe Creative Cloud Hard Bundle

*Terms and exclusions apply. Offer only available in eligible markets. Eligible markets are determined at activation, and varies by region, device, and time."
90PF05U1-M000J0,PG500MV-585WR,Not found Mini Tower,Trusted by IT Experts. Built for Worry-Free Business.,"- Powerful yet Efficient for all Business : up to Intel Core 7 240H with DDR5 delivers responsive multitasking and stable performance on efficient power
- Compact yet Upgradeable : 15L mini tower with full I/O port, easy upgrade & expandability
- Business-Grade Durability & Security : free McAfee plus 2 years full parts warranty + Accidental Damage Protection",0,90PF05U1-M000J0,Not found Mini Tower (Core 5 210H/8GB/512GB/Win 11 Home/PG500MV),Intel® Core™ 5 210H 2.2 GHz,Intel® UHD Graphics,Windows 11 Home,Not Included,"21.5""",FHD (1920 x 1080) 16:9,250nits,8GB DDR5 U-DIMM,512GB M.2 2280 NVMe™ PCIe® 4.0 SSD,"Front:
1x RJ45 Gigabit Ethernet
1x HDMI 1.4
1x Displayport 1.4
1x 7.1 channel audio (microphone, line-out, Line-in)
1x Kensington lock
4x USB 2.0 Type-A

Rear:
1x 3.5mm combo audio jack
1x USB 3.2 Gen 2 Type-C
2x USB 3.2 Gen 2 Type-A
1x 2 in 1 card reader SD / MMC
1x Smart card reader",06.00 kg,15.50 x 29.60 x 34.70 cm,"1x PCIe® 4.0 x 16 (operating at PCIe® 4.0 x8)
1x M.2 connector for WiFi
2x M.2 2280 connector for storage
2x DDR5 SO-DIMM slot","Wired keyboard (USB)
Wired optical mouse (USB)",No Battery,330W,"1-month Adobe Creative Cloud Hard Bundle

*Terms and exclusions apply. Offer only available in eligible markets. Eligible markets are determined at activation, and varies by region, device, and time."
90PF05U1-M000K0,PG500MV-585XR,Not found Mini Tower,Trusted by IT Experts. Built for Worry-Free Business.,"- Powerful yet Efficient for all Business : up to Intel Core 7 240H with DDR5 delivers responsive multitasking and stable performance on efficient power
- Compact yet Upgradeable : 15L mini tower with full I/O port, easy upgrade & expandability
- Business-Grade Durability & Security : free McAfee plus 2 years full parts warranty + Accidental Damage Protection",0,90PF05U1-M000K0,Not found Mini Tower (Core 5 210H/8GB/512GB/Win 11 Pro/PG500MV),Intel® Core™ 5 210H 2.2 GHz,Intel® UHD Graphics,Windows 11 Pro,Not Included,"21.5""",FHD (1920 x 1080) 16:9,250nits,8GB DDR5 U-DIMM,512GB M.2 2280 NVMe™ PCIe® 4.0 SSD,"Front:
1x RJ45 Gigabit Ethernet
1x HDMI 1.4
1x Displayport 1.4
1x 7.1 channel audio (microphone, line-out, Line-in)
1x Kensington lock
4x USB 2.0 Type-A

Rear:
1x 3.5mm combo audio jack
1x USB 3.2 Gen 2 Type-C
2x USB 3.2 Gen 2 Type-A
1x 2 in 1 card reader SD / MMC
1x Smart card reader",06.00 kg,15.50 x 29.60 x 34.70 cm,"1x PCIe® 4.0 x 16 (operating at PCIe® 4.0 x8)
1x M.2 connector for WiFi
2x M.2 2280 connector for storage
2x DDR5 SO-DIMM slot","Wired keyboard (USB)
Wired optical mouse (USB)",No Battery,330W,"1-month Adobe Creative Cloud Hard Bundle

*Terms and exclusions apply. Offer only available in eligible markets. Eligible markets are determined at activation, and varies by region, device, and time."
90PF05U1-M000L0,PG500MV-7116WR,Not found Mini Tower,Trusted by IT Experts. Built for Worry-Free Business.,"- Powerful yet Efficient for all Business : up to Intel Core 7 240H with DDR5 delivers responsive multitasking and stable performance on efficient power
- Compact yet Upgradeable : 15L mini tower with full I/O port, easy upgrade & expandability
- Business-Grade Durability & Security : free McAfee plus 2 years full parts warranty + Accidental Damage Protection",0,90PF05U1-M000L0,Not found Mini Tower (Core 7 240H/8GB/512GB/RTX™ 3050/Win 11 Home/PG500MV),Intel® Core™ 7 240H 2.5 GHz,"NVIDIA® GeForce RTX™ 3050 6GB GDDR6 : 1x DP, 1x HDMI, 1x DVI-D",Windows 11 Home,Not Included,"21.5""",FHD (1920 x 1080) 16:9,250nits,8GB DDR5 U-DIMM *2,512GB + 512GB M.2 2280 NVMe™ PCIe® 4.0 SSD,"Front:
1x RJ45 Gigabit Ethernet
1x HDMI 1.4
1x Displayport 1.4
1x 7.1 channel audio (microphone, line-out, Line-in)
1x Kensington lock
4x USB 2.0 Type-A

Rear:
1x 3.5mm combo audio jack
1x USB 3.2 Gen 2 Type-C
2x USB 3.2 Gen 2 Type-A
1x 2 in 1 card reader SD / MMC
1x Smart card reader",06.00 kg,15.50 x 29.60 x 34.70 cm,"1x PCIe® 4.0 x 16 (operating at PCIe® 4.0 x8)
1x M.2 connector for WiFi
2x M.2 2280 connector for storage
2x DDR5 SO-DIMM slot","Wired keyboard (USB)
Wired optical mouse (USB)",No Battery,330W,"1-month Adobe Creative Cloud Hard Bundle

*Terms and exclusions apply. Offer only available in eligible markets. Eligible markets are determined at activation, and varies by region, device, and time."
90PF05U1-M000M0,PG500MV-715WR,Not found Mini Tower,Trusted by IT Experts. Built for Worry-Free Business.,"- Powerful yet Efficient for all Business : up to Intel Core 7 240H with DDR5 delivers responsive multitasking and stable performance on efficient power
- Compact yet Upgradeable : 15L mini tower with full I/O port, easy upgrade & expandability
- Business-Grade Durability & Security : free McAfee plus 2 years full parts warranty + Accidental Damage Protection",0,90PF05U1-M000M0,Not found Mini Tower (Core 7 240H/8GB/512GB/Win 11 Home/PG500MV),Intel® Core™ 7 240H 2.5 GHz,Intel® UHD Graphics,Windows 11 Home,Not Included,"21.5""",FHD (1920 x 1080) 16:9,250nits,8GB DDR5 U-DIMM *2,512GB M.2 2280 NVMe™ PCIe® 4.0 SSD,"Front:
1x RJ45 Gigabit Ethernet
1x HDMI 1.4
1x Displayport 1.4
1x 7.1 channel audio (microphone, line-out, Line-in)
1x Kensington lock
4x USB 2.0 Type-A

Rear:
1x 3.5mm combo audio jack
1x USB 3.2 Gen 2 Type-C
2x USB 3.2 Gen 2 Type-A
1x 2 in 1 card reader SD / MMC
1x Smart card reader",06.00 kg,15.50 x 29.60 x 34.70 cm,"1x PCIe® 4.0 x 16 (operating at PCIe® 4.0 x8)
1x M.2 connector for WiFi
2x M.2 2280 connector for storage
2x DDR5 SO-DIMM slot","Wired keyboard (USB)
Wired optical mouse (USB)",No Battery,330W,"1-month Adobe Creative Cloud Hard Bundle

*Terms and exclusions apply. Offer only available in eligible markets. Eligible markets are determined at activation, and varies by region, device, and time."
90PT0391-M00KA0,E1600WKAT-BD182WF,Not found,Unwavering versatility. Always ready.,0,0,90PT0391-M00KA0,Not found (Intel® Celeron® N4500 1.1/8GB/256GB/Win 11 Home/E1600WKAT),Intel® Celeron® N4500 1.1 GHz,Intel® UHD Graphics,Windows 11 Home,1-month trial for new Microsoft 365 customers. Credit card required.,"15.6""",FHD (1920 x 1080) 16:9,250nits,DDR4 8GB,"256GB M.2 NVMe™ PCIe® 3.0 SSD
Without HDD","Side:
1x 2-in-1 card reader SD / MMC
1x 3.5mm combo audio jack
2x USB 3.2 Gen 1 Type-A

Back:
1x DC-in
1x Kensington lock
2x COM port
1x RJ45 Gigabit Ethernet
1x HDMI out 1.4
1x USB 3.2 Gen 1 Type-C
2x USB 3.2 Gen 1 Type-A",02.24 kg,36.6 x 24.7 x 3.7 ~ 15.0 cm,"1x 2.5"" 7mm SATA slot
1x M.2  2280 SSD slot
1x DDR4 SO-DIMM slot","Wireless grey keyboard
Wireless optical mouse",No Battery,"ø4.5, 65W AC Adapter","BIOS Booting User Password Protection
HDD User Password Protection and Security
Kensington Security Slot™(7x 3mm)"
90PT0391-M014A0,E1600WKAT-BMR182W,Not found,Unwavering versatility. Always ready.,"- Business ready (15.6"" Multitouch with VESA mount compatible)
- Quiet Fanless design for silent operation with energy efficiency
- Convenient connectivity with other devices",0,90PT0391-M014A0,Not found (Intel® Celeron® N4500 1.1/8GB/256GB/Win 11 Home/E1600WKAT),Intel® Celeron® N4500 1.1 GHz,Intel® UHD Graphics,Windows 11 Home,1-month trial for new Microsoft 365 customers. Credit card required.,"15.6""",FHD (1920 x 1080) 16:9,250nits,DDR4 8GB,"256GB M.2 NVMe™ PCIe® 3.0 SSD
Without HDD","Side:
1x 2-in-1 card reader SD / MMC
1x 3.5mm combo audio jack
2x USB 3.2 Gen 1 Type-A

Back:
1x DC-in
1x Kensington lock
2x COM port
1x RJ45 Gigabit Ethernet
1x HDMI out 1.4
1x USB 3.2 Gen 1 Type-C
2x USB 3.2 Gen 1 Type-A",02.24 kg,36.6 x 24.7 x 3.7 ~ 15.0 cm,"1x 2.5"" 7mm SATA slot
1x M.2  2280 SSD slot
1x DDR4 SO-DIMM slot","Wireless grey keyboard
Wireless optical mouse",No Battery,"ø4.5, 65W AC Adapter","BIOS Booting User Password Protection
HDD User Password Protection and Security
Kensington Security Slot™(7x 3mm)"
90PT03G1-M00MV0,E3402WBAK-BA5805W,ASUS ExpertCenter E3 AiO 24,Trusted by IT Experts. Built for Worry-Free Business.,"- Nano Edge Design with 88% screen body to ratio
- AI Noice-cancelling technology for Business meeting
- 3Y Onsite service with 1Year Accidental damage protection",0,90PT03G1-M00MV0,ASUS ExpertCenter E3 AiO 24 (i5-1235U/8GB/512GB/Win 11 Home/E3402WBAK),Intel® Core™ i5-1235U 1.3 GHz,Intel® UHD Graphics,Windows 11 Home,1-month trial for new Microsoft 365 customers. Credit card required.,"23.8""",FHD (1920 x 1080) 16:9,250nits,DDR4 8GB,"512GB M.2 NVMe™ PCIe® 3.0 SSD
Without HDD","Side:
1x Kensington lock
1x 2-in-1 card reader SD / MMC
1x 3.5mm combo audio jack
1x USB 2.0 Type-A

Back:
1x DC-in
1x RJ45 Gigabit Ethernet
1x HDMI in 1.4
1x HDMI out 1.4
1x USB 2.0 Type-A
1x USB 3.2 Gen 1 Type-C
3x USB 3.2 Gen 1 Type-A",05.40 kg,53.9 x 42.3 x 1.5 ~ 16.5 cm,"1x 2.5"" 7mm SATA slot
1x M.2  2280 SSD slot
2x DDR4 SO-DIMM slot","Wired grey keyboard (USB)
Wired optical mouse (USB)",No Battery,"ø4.5, 90W AC Adapter","BIOS Booting User Password Protection
HDD User Password Protection and Security
Kensington Security Slot™(7x 3mm)"
90PT03G3-M05490,E3402WBAK-BA785W,ASUS ExpertCenter E3 AiO 24,Trusted by IT Experts. Built for Worry-Free Business.,"- Nano Edge Design with 88% screen body to ratio
- AI Noice-cancelling technology for Business meeting
- 3Y Onsite service with 1Year Accidental damage protection",0,90PT03G3-M05490,ASUS ExpertCenter E3 AiO 24 (i7-1255U/8GB/512GB/Win 11 Home/E3402WBAK),Intel® Core™ i7-1255U 1.7 GHz,Intel® UHD Graphics,Windows 11 Home,1-month trial for new Microsoft 365 customers. Credit card required.,"23.8""",FHD (1920 x 1080) 16:9,250nits,DDR4 8GB,"512GB M.2 NVMe™ PCIe® 3.0 SSD
Without HDD","Side:
1x Kensington lock
1x 2-in-1 card reader SD / MMC
1x 3.5mm combo audio jack
1x USB 2.0 Type-A

Back:
1x DC-in
1x RJ45 Gigabit Ethernet
1x HDMI in 1.4
1x HDMI out 1.4
1x USB 2.0 Type-A
1x USB 3.2 Gen 1 Type-C
3x USB 3.2 Gen 1 Type-A",05.40 kg,53.9 x 42.3 x 1.5 ~ 16.5 cm,"1x 2.5"" 7mm SATA slot
1x M.2  2280 SSD slot
2x DDR4 SO-DIMM slot","Wired black keyboard (USB)
Wired optical mouse (USB)",No Battery,"ø4.5, 90W AC Adapter","BIOS Booting User Password Protection
HDD User Password Protection and Security
Kensington Security Slot™(7x 3mm)"
90PT03G4-M043X0,A3402WBAK-WA585WS,ASUS AiO A3402,Trusted by IT Experts. Built for Worry-Free Business.,"- Modern & Elegant Design with up to 100Hz Responsive Touchscreen
- Optimized for Multitasking work and outstanding I/O connectivity
- ASUS Sonic Master Audio with AI Noice Canceling for productivity, and 2-Year Full Warranty with Accidental Damage Protection",0,90PT03G4-M043X0,ASUS AiO A3402 (i5-1235U/8GB/512GB/Win 11 Home/A3402WBAK),Intel® Core™ i5-1235U 1.3 GHz,Intel® UHD Graphics,Windows 11 Home,Office Home and Student 2021 included,"23.8""",FHD (1920 x 1080) 16:9,250nits,DDR4 8GB,"512GB M.2 NVMe™ PCIe® 3.0 SSD
Without HDD","Side:
ø4.5, 90W AC Adapter, Output: 19V DC, 4.74A, 90W, Input: 100~240V AC 50/60Hz universal

Back:
1x Kensington lock
1x 3.5mm combo audio jack
1x USB 2.0 Type-A",53.9 x 42.3 x 1.5 ~ 16.5 cm,#N/A,"1x 2.5"" 7mm SATA slot
1x M.2  2280 SSD slot
2x DDR4 SO-DIMM slot","MyASUS
ASUS Business Manager",No Battery,Not Found,05.40 kg (11.90 lbs)
90PT03G4-M055N0,A3402WBAK-WA715WS,ASUS AiO A3402,Trusted by IT Experts. Built for Worry-Free Business.,"- Modern & Elegant Design with up to 100Hz Responsive Touchscreen
- Optimized for Multitasking work and outstanding I/O connectivity
- ASUS Sonic Master Audio with AI Noice Canceling for productivity, and 2-Year Full Warranty with Accidental Damage Protection",0,90PT03G4-M055N0,ASUS AiO A3402 (i7-1255U/16GB/512GB/Win 11 Home/A3402WBAK),Intel® Core™ i7-1255U 1.7 GHz,Intel Iris Xᵉ Graphics (available for Intel® Core™ i5/i7/i9 with dual channel memory),Windows 11 Home,Office Home and Student 2021 included,"23.8""",FHD (1920 x 1080) 16:9,250nits,DDR4 16GB,"512GB M.2 NVMe™ PCIe® 3.0 SSD
Without HDD","Side:
ø4.5, 90W AC Adapter, Output: 19V DC, 4.74A, 90W, Input: 100~240V AC 50/60Hz universal

Back:
1x Kensington lock
1x 3.5mm combo audio jack
1x USB 2.0 Type-A",53.9 x 42.3 x 1.5 ~ 16.5 cm,#N/A,"1x 2.5"" 7mm SATA slot
1x M.2  2280 SSD slot
2x DDR4 SO-DIMM slot","MyASUS
ASUS Business Manager",No Battery,Not Found,05.40 kg (11.90 lbs)
90PT03G4-M06A20,A3402WBAK-WPC515WS,ASUS AiO A3402,Beautiful by design. Imagination truly expanded.,"- Modern & Elegant Design with up to 100Hz Responsive Touchscreen
- Optimized for Multitasking work and outstanding I/O connectivity
- ASUS Sonic Master Audio with AI Noice Canceling for productivity, and 2-Year Full Warranty with Accidental Damage Protection",0,90PT03G4-M06A20,ASUS AiO A3402 (i5-1235U/16GB/512GB/Win 11 Home/A3402WBAK),Intel® Core™ i5-1235U 1.3 GHz,Intel Iris Xᵉ Graphics (available for Intel® Core™ i5/i7/i9 with dual channel memory),Windows 11 Home,Office Home and Student 2021 included,"23.8""",FHD (1920 x 1080) 16:9,250nits,DDR4 16GB,"512GB M.2 NVMe™ PCIe® 3.0 SSD
Without HDD","Side:
1x Kensington lock
1x 3.5mm combo audio jack
1x USB 2.0 Type-A

Back:
1x DC-in
1x RJ45 Gigabit Ethernet
1x HDMI in 1.4
1x HDMI out 1.4
1x USB 2.0 Type-A
1x USB 3.2 Gen 1 Type-C
3x USB 3.2 Gen 1 Type-A",05.40 kg,53.9 x 42.3 x 1.5 ~ 16.5 cm,"1x 2.5"" 7mm SATA slot
1x M.2  2280 SSD slot
2x DDR4 SO-DIMM slot","Wired white keyboard (USB)
Wired optical mouse (USB)",No Battery,"ø4.5, 90W AC Adapter","BIOS Booting User Password Protection
HDD User Password Protection and Security
Kensington Security Slot™(7x 3mm)"
90PT03G4-M06A30,A3402WBAT-WPD515WS,ASUS AiO A3402,Beautiful by design. Imagination truly expanded.,"- Modern & Elegant Design with up to 100Hz Responsive Touchscreen
- Optimized for Multitasking work and outstanding I/O connectivity
- ASUS Sonic Master Audio with AI Noice Canceling for productivity, and 2-Year Full Warranty with Accidental Damage Protection",0,90PT03G4-M06A30,ASUS AiO A3402 (i5-1235U/16GB/512GB/Win 11 Home/A3402WBAT),Intel® Core™ i5-1235U 1.3 GHz,Intel Iris Xᵉ Graphics (available for Intel® Core™ i5/i7/i9 with dual channel memory),Windows 11 Home,Office Home and Student 2021 included,"23.8""",FHD (1920 x 1080) 16:9,250nits,DDR4 16GB,"512GB M.2 NVMe™ PCIe® 3.0 SSD
Without HDD","Side:
1x Kensington lock
1x 3.5mm combo audio jack
1x USB 2.0 Type-A

Back:
1x DC-in
1x RJ45 Gigabit Ethernet
1x HDMI in 1.4
1x HDMI out 1.4
1x USB 2.0 Type-A
1x USB 3.2 Gen 1 Type-C
3x USB 3.2 Gen 1 Type-A",05.40 kg,53.9 x 42.3 x 1.5 ~ 16.5 cm,"1x 2.5"" 7mm SATA slot
1x M.2  2280 SSD slot
2x DDR4 SO-DIMM slot","Wired white keyboard (USB)
Wired optical mouse (USB)",No Battery,"ø4.5, 90W AC Adapter","BIOS Booting User Password Protection
HDD User Password Protection and Security
Kensington Security Slot™(7x 3mm)"
90PT03G4-M06A40,A3402WBAK-WPC715WS,ASUS AiO A3402,Beautiful by design. Imagination truly expanded.,"- Modern & Elegant Design with up to 100Hz Responsive Touchscreen
- Optimized for Multitasking work and outstanding I/O connectivity
- ASUS Sonic Master Audio with AI Noice Canceling for productivity, and 2-Year Full Warranty with Accidental Damage Protection",0,90PT03G4-M06A40,ASUS AiO A3402 (i7-1255U/16GB/512GB/Win 11 Home/A3402WBAK),Intel® Core™ i7-1255U 1.7 GHz,Intel Iris Xᵉ Graphics (available for Intel® Core™ i5/i7/i9 with dual channel memory),Windows 11 Home,Office Home and Student 2021 included,"23.8""",FHD (1920 x 1080) 16:9,250nits,DDR4 16GB,"512GB M.2 NVMe™ PCIe® 3.0 SSD
Without HDD","Side:
1x Kensington lock
1x 3.5mm combo audio jack
1x USB 2.0 Type-A

Back:
1x DC-in
1x RJ45 Gigabit Ethernet
1x HDMI in 1.4
1x HDMI out 1.4
1x USB 2.0 Type-A
1x USB 3.2 Gen 1 Type-C
3x USB 3.2 Gen 1 Type-A",05.40 kg,53.9 x 42.3 x 1.5 ~ 16.5 cm,"1x 2.5"" 7mm SATA slot
1x M.2  2280 SSD slot
2x DDR4 SO-DIMM slot","Wired white keyboard (USB)
Wired optical mouse (USB)",No Battery,"ø4.5, 90W AC Adapter","BIOS Booting User Password Protection
HDD User Password Protection and Security
Kensington Security Slot™(7x 3mm)"
90PT03G4-M06A50,A3402WBAT-WPD715WS,ASUS AiO A3402,Beautiful by design. Imagination truly expanded.,"- Modern & Elegant Design with up to 100Hz Responsive Touchscreen
- Optimized for Multitasking work and outstanding I/O connectivity
- ASUS Sonic Master Audio with AI Noice Canceling for productivity, and 2-Year Full Warranty with Accidental Damage Protection",0,90PT03G4-M06A50,ASUS AiO A3402 (i7-1255U/16GB/512GB/Win 11 Home/A3402WBAT),Intel® Core™ i7-1255U 1.7 GHz,Intel Iris Xᵉ Graphics (available for Intel® Core™ i5/i7/i9 with dual channel memory),Windows 11 Home,Office Home and Student 2021 included,"23.8""",FHD (1920 x 1080) 16:9,250nits,DDR4 16GB,"512GB M.2 NVMe™ PCIe® 3.0 SSD
Without HDD","Side:
1x Kensington lock
1x 3.5mm combo audio jack
1x USB 2.0 Type-A

Back:
1x DC-in
1x RJ45 Gigabit Ethernet
1x HDMI in 1.4
1x HDMI out 1.4
1x USB 2.0 Type-A
1x USB 3.2 Gen 1 Type-C
3x USB 3.2 Gen 1 Type-A",05.40 kg,53.9 x 42.3 x 1.5 ~ 16.5 cm,"1x 2.5"" 7mm SATA slot
1x M.2  2280 SSD slot
2x DDR4 SO-DIMM slot","Wired white keyboard (USB)
Wired optical mouse (USB)",No Battery,"ø4.5, 90W AC Adapter","BIOS Booting User Password Protection
HDD User Password Protection and Security
Kensington Security Slot™(7x 3mm)"
90PT03H1-M00790,E3202WBAK-BA3805W,ASUS AiO E3202,Trusted by IT Experts. Built for Worry-Free Business.,"- Nano Edge Design with 86% screen body to ratio
- AI Noice-cancelling technology for Business meeting
- 3Y Onsite service with 1Year Accidental damage protection",0,90PT03H1-M00790,ASUS AiO E3202 (i3-1215U/8GB/512GB/Win 11 Home/E3202WBAK),Intel® Core™ i3-1215U 1.2 GHz,Intel® UHD Graphics,Windows 11 Home,1-month trial for new Microsoft 365 customers. Credit card required.,"21.45""",FHD (1920 x 1080) 16:9,250nits,DDR4 8GB,"512GB M.2 NVMe™ PCIe® 3.0 SSD
Without HDD","Side:
1x Kensington lock
1x 2-in-1 card reader SD / MMC
1x 3.5mm combo audio jack
1x USB 2.0 Type-A

Back:
1x DC-in
1x RJ45 Gigabit Ethernet
1x HDMI out 1.4
1x USB 2.0 Type-A
1x USB 3.2 Gen 1 Type-C
3x USB 3.2 Gen 1 Type-A",04.84 kg,49.3 x 39.5 x 1.3 ~ 16.5 cm,"1x 2.5"" 7mm SATA slot
1x M.2  2280 SSD slot
2x DDR4 SO-DIMM slot","Wired grey keyboard (USB)
Wired optical mouse (USB)",No Battery,"ø4.5, 90W AC Adapter","BIOS Booting User Password Protection
HDD User Password Protection and Security
Kensington Security Slot™(7x 3mm)"
90PT03H3-M00SL0,E3202WBAK-BA385W,ASUS AiO E3202,Trusted by IT Experts. Built for Worry-Free Business.,"- Nano Edge Design with 86% screen body to ratio
- AI Noice-cancelling technology for Business meeting
- 3Y Onsite service with 1Year Accidental damage protection",0,90PT03H3-M00SL0,ASUS AiO E3202 (i3-1215U/8GB/512GB/Win 11 Home/E3202WBAK),Intel® Core™ i3-1215U 1.2 GHz,Intel® UHD Graphics,Windows 11 Home,1-month trial for new Microsoft 365 customers. Credit card required.,"21.45""",FHD (1920 x 1080) 16:9,250nits,DDR4 8GB,"512GB M.2 NVMe™ PCIe® 3.0 SSD
Without HDD","Side:
1x Kensington lock
1x 2-in-1 card reader SD / MMC
1x 3.5mm combo audio jack
1x USB 2.0 Type-A

Back:
1x DC-in
1x RJ45 Gigabit Ethernet
1x HDMI out 1.4
1x USB 2.0 Type-A
1x USB 3.2 Gen 1 Type-C
3x USB 3.2 Gen 1 Type-A",04.84 kg,49.3 x 39.5 x 1.3 ~ 16.5 cm,"1x 2.5"" 7mm SATA slot
1x M.2  2280 SSD slot
2x DDR4 SO-DIMM slot","Wired grey keyboard (USB)
Wired optical mouse (USB)",No Battery,"ø4.5, 90W AC Adapter","BIOS Booting User Password Protection
HDD User Password Protection and Security
Kensington Security Slot™(7x 3mm)"
90PT03H3-M00SM0,E3202WBAK-BA585W,ASUS AiO E3202,Trusted by IT Experts. Built for Worry-Free Business.,"- Nano Edge Design with 86% screen body to ratio
- AI Noice-cancelling technology for Business meeting
- 3Y Onsite service with 1Year Accidental damage protection",0,90PT03H3-M00SM0,ASUS AiO E3202 (i5-1235U/8GB/512GB/Win 11 Home/E3202WBAK),Intel® Core™ i5-1235U 1.3 GHz,Intel® UHD Graphics,Windows 11 Home,1-month trial for new Microsoft 365 customers. Credit card required.,"21.45""",FHD (1920 x 1080) 16:9,250nits,DDR4 8GB,"512GB M.2 NVMe™ PCIe® 3.0 SSD
Without HDD","Side:
1x Kensington lock
1x 2-in-1 card reader SD / MMC
1x 3.5mm combo audio jack
1x USB 2.0 Type-A

Back:
1x DC-in
1x RJ45 Gigabit Ethernet
1x HDMI out 1.4
1x USB 2.0 Type-A
1x USB 3.2 Gen 1 Type-C
3x USB 3.2 Gen 1 Type-A",04.84 kg,49.3 x 39.5 x 1.3 ~ 16.5 cm,"1x 2.5"" 7mm SATA slot
1x M.2  2280 SSD slot
2x DDR4 SO-DIMM slot","Wired grey keyboard (USB)
Wired optical mouse (USB)",No Battery,"ø4.5, 90W AC Adapter","BIOS Booting User Password Protection
HDD User Password Protection and Security
Kensington Security Slot™(7x 3mm)"
90PT03H3-M01N50,A3202WBAK-BPB1820W,ASUS AiO A3202,Beautiful by design. Imagination truly expanded.,"- Modern & Elegant Design with up to 100Hz Responsive Touchscreen
- Optimized for Multitasking work and outstanding I/O connectivity
- ASUS Sonic Master Audio with AI Noice Canceling for productivity, and 2-Year Full Warranty with Accidental Damage Protection",https://drive.google.com/drive/folders/1OIdppvG3AqlXP-IzhXy_-sFhzYxSo9Dl?usp=drive_link,90PT03H3-M01N50,ASUS AiO A3202 (Intel® Celeron® 7305 1.1/8GB/256GB/Win 11 Home/A3202WBAK),Intel® Celeron® 7305 1.1 GHz,Intel® UHD Graphics,Windows 11 Home,1-month trial for new Microsoft 365 customers. Credit card required.,"21.45""",FHD (1920 x 1080) 16:9,250nits,DDR4 8GB,"256GB M.2 NVMe™ PCIe® 4.0 SSD
Without HDD","Side:
1x Kensington lock
1x 3.5mm combo audio jack
1x USB 2.0 Type-A

Back:
1x DC-in
1x RJ45 Gigabit Ethernet
1x HDMI out 1.4
1x USB 2.0 Type-A
1x USB 3.2 Gen 1 Type-C
3x USB 3.2 Gen 1 Type-A",04.84 kg,49.3 x 39.5 x 1.3 ~ 16.5 cm,"1x 2.5"" 7mm SATA slot
1x M.2  2280 SSD slot
2x DDR4 SO-DIMM slot","Wired grey keyboard (USB)
Wired optical mouse (USB)",No Battery,"ø4.5, 90W AC Adapter","BIOS Booting User Password Protection
HDD User Password Protection and Security
Kensington Security Slot™(7x 3mm)"
90PT03H3-M01XE0,A3202WBAK-BPB3820W,ASUS AiO A3202,Beautiful by design. Imagination truly expanded.,"- Modern & Elegant Design with up to 100Hz Responsive Touchscreen
- Optimized for Multitasking work and outstanding I/O connectivity
- ASUS Sonic Master Audio with AI Noice Canceling for productivity, and 2-Year Full Warranty with Accidental Damage Protection",0,90PT03H3-M01XE0,ASUS AiO A3202 (i3-1215U/8GB/256GB/Win 11 Home/A3202WBAK),Intel® Core™ i3-1215U 1.2 GHz,Intel® UHD Graphics,Windows 11 Home,1-month trial for new Microsoft 365 customers. Credit card required.,"21.45""",FHD (1920 x 1080) 16:9,250nits,DDR4 8GB,"256GB M.2 NVMe™ PCIe® 3.0 SSD
Without HDD","Side:
1x Kensington lock
1x 3.5mm combo audio jack
1x USB 2.0 Type-A

Back:
1x DC-in
1x RJ45 Gigabit Ethernet
1x HDMI out 1.4
1x USB 2.0 Type-A
1x USB 3.2 Gen 1 Type-C
3x USB 3.2 Gen 1 Type-A",04.84 kg,49.3 x 39.5 x 1.3 ~ 16.5 cm,"1x 2.5"" 7mm SATA slot
1x M.2  2280 SSD slot
2x DDR4 SO-DIMM slot","Wired grey keyboard (USB)
Wired optical mouse (USB)",No Battery,"ø4.5, 90W AC Adapter","BIOS Booting User Password Protection
HDD User Password Protection and Security
Kensington Security Slot™(7x 3mm)"
90PT03H3-M01XF0,A3202WBAK-BPB3850W,ASUS AiO A3202,Beautiful by design. Imagination truly expanded.,"- Modern & Elegant Design with up to 100Hz Responsive Touchscreen
- Optimized for Multitasking work and outstanding I/O connectivity
- ASUS Sonic Master Audio with AI Noice Canceling for productivity, and 2-Year Full Warranty with Accidental Damage Protection",0,90PT03H3-M01XF0,ASUS AiO A3202 (i3-1215U/8GB/512GB/Win 11 Home/A3202WBAK),Intel® Core™ i3-1215U 1.2 GHz,Intel® UHD Graphics,Windows 11 Home,1-month trial for new Microsoft 365 customers. Credit card required.,"21.45""",FHD (1920 x 1080) 16:9,250nits,DDR4 8GB,"512GB M.2 NVMe™ PCIe® 3.0 SSD
Without HDD","Side:
1x Kensington lock
1x 3.5mm combo audio jack
1x USB 2.0 Type-A

Back:
1x DC-in
1x RJ45 Gigabit Ethernet
1x HDMI out 1.4
1x USB 2.0 Type-A
1x USB 3.2 Gen 1 Type-C
3x USB 3.2 Gen 1 Type-A",04.84 kg,49.3 x 39.5 x 1.3 ~ 16.5 cm,"1x 2.5"" 7mm SATA slot
1x M.2  2280 SSD slot
2x DDR4 SO-DIMM slot","Wired grey keyboard (USB)
Wired optical mouse (USB)",No Battery,"ø4.5, 90W AC Adapter","BIOS Booting User Password Protection
HDD User Password Protection and Security
Kensington Security Slot™(7x 3mm)"
90PT03H3-M01Z90,A3202WBAK-BPB1850W,ASUS AiO A3202,Beautiful by design. Imagination truly expanded.,"- Modern & Elegant Design with up to 100Hz Responsive Touchscreen
- Optimized for Multitasking work and outstanding I/O connectivity
- ASUS Sonic Master Audio with AI Noice Canceling for productivity, and 2-Year Full Warranty with Accidental Damage Protection",0,90PT03H3-M01Z90,ASUS AiO A3202 (Intel® Celeron® 7305 1.1/8GB/512GB/Win 11 Home/A3202WBAK),Intel® Celeron® 7305 1.1 GHz,Intel® UHD Graphics,Windows 11 Home,1-month trial for new Microsoft 365 customers. Credit card required.,"21.45""",FHD (1920 x 1080) 16:9,250nits,DDR4 8GB,"512GB M.2 NVMe™ PCIe® 4.0 SSD
Without HDD","Side:
ø4.5, 90W AC Adapter, Output: 19V DC, 4.74A, 90W, Input: 100~240V AC 50/60Hz universal

Back:
1x Kensington lock
1x 3.5mm combo audio jack
1x USB 2.0 Type-A",49.3 x 39.5 x 1.3 ~ 16.5 cm,#N/A,"1x 2.5"" 7mm SATA slot
1x M.2  2280 SSD slot
2x DDR4 SO-DIMM slot","Wired grey keyboard (USB)
Wired optical mouse (USB)",No Battery,Not Found,04.84 kg (10.67 lbs)
90PT03H4-M00X50,A3202WBAK-WA585W,ASUS AiO A3202,Trusted by IT Experts. Built for Worry-Free Business.,"- Modern & Elegant Design with up to 100Hz Responsive Touchscreen
- Optimized for Multitasking work and outstanding I/O connectivity
- ASUS Sonic Master Audio with AI Noice Canceling for productivity, and 2-Year Full Warranty with Accidental Damage Protection",0,90PT03H4-M00X50,ASUS AiO A3202 (i5-1235U/8GB/512GB/Win 11 Home/A3202WBAK),Intel® Core™ i5-1235U 1.3 GHz,Intel® UHD Graphics,Windows 11 Home,1-month trial for new Microsoft 365 customers. Credit card required.,"21.45""",FHD (1920 x 1080) 16:9,250nits,DDR4 8GB,"512GB M.2 NVMe™ PCIe® 3.0 SSD
Without HDD","Side:
ø4.5, 90W AC Adapter, Output: 19V DC, 4.74A, 90W, Input: 100~240V AC 50/60Hz universal

Back:
1x Kensington lock
1x 3.5mm combo audio jack
1x USB 2.0 Type-A",49.3 x 39.5 x 1.3 ~ 16.5 cm,#N/A,"1x 2.5"" 7mm SATA slot
1x M.2  2280 SSD slot
2x DDR4 SO-DIMM slot","MyASUS
ASUS Business Manager",No Battery,Not Found,04.84 kg (10.67 lbs)
90PT03H4-M00Y30,A3202WBAK-WA382W,ASUS AiO A3202,Trusted by IT Experts. Built for Worry-Free Business.,"- Modern & Elegant Design with up to 100Hz Responsive Touchscreen
- Optimized for Multitasking work and outstanding I/O connectivity
- ASUS Sonic Master Audio with AI Noice Canceling for productivity, and 2-Year Full Warranty with Accidental Damage Protection",0,90PT03H4-M00Y30,ASUS AiO A3202 (i3-1215U/8GB/256GB/Win 11 Home/A3202WBAK),Intel® Core™ i3-1215U 1.2 GHz,Intel® UHD Graphics,Windows 11 Home,1-month trial for new Microsoft 365 customers. Credit card required.,"21.45""",FHD (1920 x 1080) 16:9,250nits,DDR4 8GB,"256GB M.2 NVMe™ PCIe® 3.0 SSD
Without HDD","Side:
ø4.5, 90W AC Adapter, Output: 19V DC, 4.74A, 90W, Input: 100~240V AC 50/60Hz universal

Back:
1x Kensington lock
1x 3.5mm combo audio jack
1x USB 2.0 Type-A",49.3 x 39.5 x 1.3 ~ 16.5 cm,#N/A,"1x 2.5"" 7mm SATA slot
1x M.2  2280 SSD slot
2x DDR4 SO-DIMM slot","MyASUS
ASUS Business Manager",No Battery,Not Found,04.84 kg (10.67 lbs)
90PT03H4-M00Y40,A3202WBAK-WA385W,ASUS AiO A3202,Trusted by IT Experts. Built for Worry-Free Business.,"- Modern & Elegant Design with up to 100Hz Responsive Touchscreen
- Optimized for Multitasking work and outstanding I/O connectivity
- ASUS Sonic Master Audio with AI Noice Canceling for productivity, and 2-Year Full Warranty with Accidental Damage Protection",0,90PT03H4-M00Y40,ASUS AiO A3202 (i3-1215U/8GB/512GB/Win 11 Home/A3202WBAK),Intel® Core™ i3-1215U 1.2 GHz,Intel® UHD Graphics,Windows 11 Home,1-month trial for new Microsoft 365 customers. Credit card required.,"21.45""",FHD (1920 x 1080) 16:9,250nits,DDR4 8GB,"512GB M.2 NVMe™ PCIe® 3.0 SSD
Without HDD","Side:
ø4.5, 90W AC Adapter, Output: 19V DC, 4.74A, 90W, Input: 100~240V AC 50/60Hz universal

Back:
1x Kensington lock
1x 3.5mm combo audio jack
1x USB 2.0 Type-A",49.3 x 39.5 x 1.3 ~ 16.5 cm,#N/A,"1x 2.5"" 7mm SATA slot
1x M.2  2280 SSD slot
2x DDR4 SO-DIMM slot","MyASUS
ASUS Business Manager",No Battery,Not Found,04.84 kg (10.67 lbs)
90PT03H4-M01N60,A3202WBAK-WPB182W,ASUS AiO A3202,Beautiful by design. Imagination truly expanded.,"- Modern & Elegant Design with up to 100Hz Responsive Touchscreen
- Optimized for Multitasking work and outstanding I/O connectivity
- ASUS Sonic Master Audio with AI Noice Canceling for productivity, and 2-Year Full Warranty with Accidental Damage Protection",https://drive.google.com/drive/folders/1FkyZ7E_RIxjl0U7USQjZNLmVWlgirslv?usp=drive_link,90PT03H4-M01N60,ASUS AiO A3202 (Intel® Celeron® 7305 1.1/8GB/256GB/Win 11 Home/A3202WBAK),Intel® Celeron® 7305 1.1 GHz,Intel® UHD Graphics,Windows 11 Home,1-month trial for new Microsoft 365 customers. Credit card required.,"21.45""",FHD (1920 x 1080) 16:9,250nits,DDR4 8GB,"256GB M.2 NVMe™ PCIe® 4.0 SSD
Without HDD","Side:
1x Kensington lock
1x 3.5mm combo audio jack
1x USB 2.0 Type-A

Back:
1x DC-in
1x RJ45 Gigabit Ethernet
1x HDMI out 1.4
1x USB 2.0 Type-A
1x USB 3.2 Gen 1 Type-C
3x USB 3.2 Gen 1 Type-A",04.84 kg,49.3 x 39.5 x 1.3 ~ 16.5 cm,"1x 2.5"" 7mm SATA slot
1x M.2  2280 SSD slot
2x DDR4 SO-DIMM slot","Wired white keyboard (USB)
Wired optical mouse (USB)",No Battery,"ø4.5, 90W AC Adapter","BIOS Booting User Password Protection
HDD User Password Protection and Security
Kensington Security Slot™(7x 3mm)"
90PT03H4-M01P40,A3202WBAK-WPB382W,ASUS AiO A3202,Beautiful by design. Imagination truly expanded.,"- Modern & Elegant Design with up to 100Hz Responsive Touchscreen
- Optimized for Multitasking work and outstanding I/O connectivity
- ASUS Sonic Master Audio with AI Noice Canceling for productivity, and 2-Year Full Warranty with Accidental Damage Protection",0,90PT03H4-M01P40,ASUS AiO A3202 (i3-1215U/8GB/256GB/Win 11 Home/A3202WBAK),Intel® Core™ i3-1215U 1.2 GHz,Intel® UHD Graphics,Windows 11 Home,1-month trial for new Microsoft 365 customers. Credit card required.,"21.45""",FHD (1920 x 1080) 16:9,250nits,DDR4 8GB,"256GB M.2 NVMe™ PCIe® 3.0 SSD
Without HDD","Side:
1x Kensington lock
1x 3.5mm combo audio jack
1x USB 2.0 Type-A

Back:
1x DC-in
1x RJ45 Gigabit Ethernet
1x HDMI out 1.4
1x USB 2.0 Type-A
1x USB 3.2 Gen 1 Type-C
3x USB 3.2 Gen 1 Type-A",04.84 kg,49.3 x 39.5 x 1.3 ~ 16.5 cm,"1x 2.5"" 7mm SATA slot
1x M.2  2280 SSD slot
2x DDR4 SO-DIMM slot","Wired white keyboard (USB)
Wired optical mouse (USB)",No Battery,"ø4.5, 90W AC Adapter","BIOS Booting User Password Protection
HDD User Password Protection and Security
Kensington Security Slot™(7x 3mm)"
90PT03H4-M01P50,A3202WBAK-WPB385W,ASUS AiO A3202,Beautiful by design. Imagination truly expanded.,"- Modern & Elegant Design with up to 100Hz Responsive Touchscreen
- Optimized for Multitasking work and outstanding I/O connectivity
- ASUS Sonic Master Audio with AI Noice Canceling for productivity, and 2-Year Full Warranty with Accidental Damage Protection",0,90PT03H4-M01P50,ASUS AiO A3202 (i3-1215U/8GB/512GB/Win 11 Home/A3202WBAK),Intel® Core™ i3-1215U 1.2 GHz,Intel® UHD Graphics,Windows 11 Home,1-month trial for new Microsoft 365 customers. Credit card required.,"21.45""",FHD (1920 x 1080) 16:9,250nits,DDR4 8GB,"512GB M.2 NVMe™ PCIe® 3.0 SSD
Without HDD","Side:
1x Kensington lock
1x 3.5mm combo audio jack
1x USB 2.0 Type-A

Back:
1x DC-in
1x RJ45 Gigabit Ethernet
1x HDMI out 1.4
1x USB 2.0 Type-A
1x USB 3.2 Gen 1 Type-C
3x USB 3.2 Gen 1 Type-A",04.84 kg,49.3 x 39.5 x 1.3 ~ 16.5 cm,"1x 2.5"" 7mm SATA slot
1x M.2  2280 SSD slot
2x DDR4 SO-DIMM slot","Wired white keyboard (USB)
Wired optical mouse (USB)",No Battery,"ø4.5, 90W AC Adapter","BIOS Booting User Password Protection
HDD User Password Protection and Security
Kensington Security Slot™(7x 3mm)"
90PT03H4-M01P60,A3202WBAK-WPB585W,ASUS AiO A3202,Beautiful by design. Imagination truly expanded.,"- Modern & Elegant Design with up to 100Hz Responsive Touchscreen
- Optimized for Multitasking work and outstanding I/O connectivity
- ASUS Sonic Master Audio with AI Noice Canceling for productivity, and 2-Year Full Warranty with Accidental Damage Protection",0,90PT03H4-M01P60,ASUS AiO A3202 (i5-1235U/8GB/512GB/Win 11 Home/A3202WBAK),Intel® Core™ i5-1235U 1.3 GHz,Intel® UHD Graphics,Windows 11 Home,1-month trial for new Microsoft 365 customers. Credit card required.,"21.45""",FHD (1920 x 1080) 16:9,250nits,DDR4 8GB,"512GB M.2 NVMe™ PCIe® 3.0 SSD
Without HDD","Side:
1x Kensington lock
1x 3.5mm combo audio jack
1x USB 2.0 Type-A

Back:
1x DC-in
1x RJ45 Gigabit Ethernet
1x HDMI out 1.4
1x USB 2.0 Type-A
1x USB 3.2 Gen 1 Type-C
3x USB 3.2 Gen 1 Type-A",04.84 kg,49.3 x 39.5 x 1.3 ~ 16.5 cm,"1x 2.5"" 7mm SATA slot
1x M.2  2280 SSD slot
2x DDR4 SO-DIMM slot","Wired white keyboard (USB)
Wired optical mouse (USB)",No Battery,"ø4.5, 90W AC Adapter","BIOS Booting User Password Protection
HDD User Password Protection and Security
Kensington Security Slot™(7x 3mm)"
90PT03J1-M02YU0,A5402WVART-WPD711WS,ASUS AiO A5402WVA,"Superior sound, sophisticated style - all-in-one.","- Modern & Elegant Design with up to 100Hz Responsive Touchscreen
- Optimized for Multitasking work and outstanding I/O connectivity
- ASUS Sonic Master Audio with AI Noice Canceling for productivity, and 2-Year Full Warranty with Accidental Damage Protection",0,90PT03J1-M02YU0,ASUS AiO A5402WVA (Core 7 150U/16GB/1TB/Win 11 Home/A5402WVART),Intel® RPL-R Core™ 7 150U 1.8 GHz,Intel® Graphics,Windows 11 Home,"Microsoft Office Home & Student 2021
Microsoft 365 Basic","23.8""",FHD (1920 x 1080) 16:9,250nits,DDR5 16GB,1TB M.2 NVMe™ PCIe® 4.0 SSD,"Side:
1x 2-in-1 card reader SD / MMC
1x 3.5mm combo audio jack
1x USB 3.2 Gen 1 Type-A
1x USB 3.2 Gen 2 Type-C
1x Thunderbolt™ 4 supports display / power delivery

Back:
1x DC-in
1x Kensington lock
1x RJ45 Gigabit Ethernet
1x HDMI in 1.4
1x HDMI out 2.1b
2x USB 2.0 Type-A
2x USB 3.2 Gen 1 Type-A",07.20 kg,54.1 x 42.6 x 5.7 ~ 20.1 cm,"1x 2.5"" 7mm SATA slot
2x M.2  2280 SSD slot
2x DDR5 SO-DIMM slot","Wireless white keyboard
Wireless optical mouse",No Battery,"ø4.5, 120W AC Adapter","BIOS Booting User Password Protection
Kensington Security Slot™(7x 3mm)"
90PT03L1-M00KW0,M3402WFAK-WPC511WS,ASUS AiO M3402WFA,"Everyday power, beautifully embodied","- Modern & Elegant Design with up to 100Hz Responsive Touchscreen
- Optimized for Multitasking work and outstanding I/O connectivity
- ASUS Sonic Master Audio with AI Noice Canceling for productivity, and 2-Year Full Warranty with Accidental Damage Protection",0,90PT03L1-M00KW0,ASUS AiO M3402WFA (R5 Mobile/16GB/1TB/Win 11 Home/M3402WFAK),AMD Ryzen™ 5 7520U Mobile,AMD Radeon™ Graphics,Windows 11 Home,Microsoft Office Home & Student 2021,"23.8""",FHD (1920 x 1080) 16:9,250nits,LPDDR5 16GB,"1TB M.2 NVMe™ PCIe® 3.0 SSD
Without HDD","Side:
1x Kensington lock
1x 2-in-1 card reader SD / MMC
1x 3.5mm combo audio jack
1x USB 2.0 Type-A

Back:
1x DC-in
1x RJ45 Gigabit Ethernet
1x HDMI in 1.4
1x HDMI out 1.4
1x USB 2.0 Type-A
1x USB 3.2 Gen 2 Type-C
3x USB 3.2 Gen 1 Type-A",05.40 kg,52.9 x 42.3 x 1.5 ~ 16.5 cm,1x M.2  2280 SSD slot,"Wireless white keyboard
Wireless optical mouse",No Battery,"ø4.5, 90W AC Adapter","BIOS Booting User Password Protection
HDD User Password Protection and Security
Kensington Security Slot™(7x 3mm)"
90PT03L1-M00RK0,M3402WFAK-WPC385WS,ASUS AiO M3402WFA,"Everyday power, beautifully embodied","- Modern & Elegant Design with up to 100Hz Responsive Touchscreen
- Optimized for Multitasking work and outstanding I/O connectivity
- ASUS Sonic Master Audio with AI Noice Canceling for productivity, and 2-Year Full Warranty with Accidental Damage Protection",0,90PT03L1-M00RK0,ASUS AiO M3402WFA (R3 Mobile/8GB/512GB/Win 11 Home/M3402WFAK),AMD Ryzen™ 3 7320U Mobile,AMD Radeon™ Graphics,Windows 11 Home,"Microsoft Office Home & Student 2021
Microsoft 365 Basic","23.8""",FHD (1920 x 1080) 16:9,250nits,LPDDR5 8GB,"512GB M.2 NVMe™ PCIe® 3.0 SSD
Without HDD","Side:
1x Kensington lock
1x 2-in-1 card reader SD / MMC
1x 3.5mm combo audio jack
1x USB 2.0 Type-A

Back:
1x DC-in
1x RJ45 Gigabit Ethernet
1x HDMI in 1.4
1x HDMI out 1.4
1x USB 2.0 Type-A
1x USB 3.2 Gen 2 Type-C
3x USB 3.2 Gen 1 Type-A",05.40 kg,52.9 x 42.3 x 1.5 ~ 16.5 cm,1x M.2  2280 SSD slot,"Wireless white keyboard
Wireless optical mouse",No Battery,"ø4.5, 90W AC Adapter","BIOS Booting User Password Protection
HDD User Password Protection and Security
Kensington Security Slot™(7x 3mm)"
90PT03L1-M00RL0,M3402WFAK-WPC511WS,ASUS AiO M3402WFA,"Everyday power, beautifully embodied","- Modern & Elegant Design with up to 100Hz Responsive Touchscreen
- Optimized for Multitasking work and outstanding I/O connectivity
- ASUS Sonic Master Audio with AI Noice Canceling for productivity, and 2-Year Full Warranty with Accidental Damage Protection",0,90PT03L1-M00RL0,ASUS AiO M3402WFA (R5 Mobile/16GB/1TB/Win 11 Home/M3402WFAK),AMD Ryzen™ 5 7520U Mobile,AMD Radeon™ Graphics,Windows 11 Home,"Microsoft Office Home & Student 2021
Microsoft 365 Basic","23.8""",FHD (1920 x 1080) 16:9,250nits,LPDDR5 16GB,"1TB M.2 NVMe™ PCIe® 3.0 SSD
Without HDD","Side:
1x Kensington lock
1x 2-in-1 card reader SD / MMC
1x 3.5mm combo audio jack
1x USB 2.0 Type-A

Back:
1x DC-in
1x RJ45 Gigabit Ethernet
1x HDMI in 1.4
1x HDMI out 1.4
1x USB 2.0 Type-A
1x USB 3.2 Gen 2 Type-C
3x USB 3.2 Gen 1 Type-A",05.40 kg,52.9 x 42.3 x 1.5 ~ 16.5 cm,1x M.2  2280 SSD slot,"Wireless white keyboard
Wireless optical mouse",No Battery,"ø4.5, 90W AC Adapter","BIOS Booting User Password Protection
HDD User Password Protection and Security
Kensington Security Slot™(7x 3mm)"
90PT03N1-M01AA0,A5702WVART-BPF731WS,ASUS AiO A5702WVA,"Superior sound, sophisticated style - all-in-one","- Modern & Elegant Design with up to 100Hz Responsive Touchscreen
- Optimized for Multitasking work and outstanding I/O connectivity
- ASUS Sonic Master Audio with AI Noice Canceling for productivity, and 2-Year Full Warranty with Accidental Damage Protection",0,90PT03N1-M01AA0,ASUS AiO A5702WVA (Core 7 150U/32GB/1TB/Win 11 Home/A5702WVART),Intel® RPL-R Core™ 7 150U 1.8 GHz,Intel® Graphics,Windows 11 Home,"Microsoft Office Home & Student 2021
Microsoft 365 Basic","27.0""",FHD (1920 x 1080) 16:9,250nits,DDR5 32GB,1TB M.2 NVMe™ PCIe® 4.0 SSD,"Side:
1x 2-in-1 card reader SD / MMC
1x 3.5mm combo audio jack
1x USB 3.2 Gen 1 Type-A
1x USB 3.2 Gen 2 Type-C
1x Thunderbolt™ 4 supports display / power delivery

Back:
1x DC-in
1x Kensington lock
1x RJ45 Gigabit Ethernet
1x HDMI in 1.4
1x HDMI out 2.1b
2x USB 2.0 Type-A
2x USB 3.2 Gen 1 Type-A",09.80 kg,61.3 x 46.7 x 5.8 ~ 21.3 cm,"1x 2.5"" 7mm SATA slot
2x M.2  2280 SSD slot
2x DDR5 SO-DIMM slot","Wireless black keyboard
Wireless optical mouse",No Battery,"ø4.5, 120W AC Adapter","BIOS Booting User Password Protection
Kensington Security Slot™(7x 3mm)"
90PT03T1-M00BY0,A3402WVAK-WPC515WS,ASUS AiO A3402,Beautiful by design. Imagination truly expanded.,"- Modern & Elegant Design with up to 100Hz Responsive Touchscreen
- Optimized for Multitasking work and outstanding I/O connectivity
- ASUS Sonic Master Audio with AI Noice Canceling for productivity, and 2-Year Full Warranty with Accidental Damage Protection",https://drive.google.com/drive/folders/1W5GZe1YhNxv-nkKnex1skSGY6eZSwcbT?usp=drive_link,90PT03T1-M00BY0,ASUS AiO A3402 (i5-1335U/16GB/512GB/Win 11 Home/A3402WVAK),Intel® Core™ i5-1335U 1.3 GHz,Intel Iris Xᵉ Graphics (available for Intel® Core™ i5/i7/i9 with dual channel memory),Windows 11 Home,Microsoft Office Home & Student 2021,"23.8""",FHD (1920 x 1080) 16:9,250nits,DDR5 16GB,512GB M.2 NVMe™ PCIe® 4.0 SSD,"Side:
1x Kensington lock
1x 3.5mm combo audio jack
1x USB 2.0 Type-A

Back:
1x DC-in
1x RJ45 Gigabit Ethernet
1x HDMI in 1.4
1x HDMI out 1.4
1x USB 2.0 Type-A
1x USB 3.2 Gen 1 Type-C
3x USB 3.2 Gen 1 Type-A",05.40 kg,53.9 x 42.3 x 1.5 ~ 16.5 cm,"1x M.2  2280 SSD slot
2x DDR5 SO-DIMM slot","Wireless white keyboard
Wireless optical mouse",No Battery,"ø4.5, 90W AC Adapter","BIOS Booting User Password Protection
HDD User Password Protection and Security
Kensington Security Slot™(7x 3mm)"
90PT03T1-M00CR0,A3402WVAK-WPC515WS,ASUS AiO A3402,Beautiful by design. Imagination truly expanded.,"- Modern & Elegant Design with up to 100Hz Responsive Touchscreen
- Optimized for Multitasking work and outstanding I/O connectivity
- ASUS Sonic Master Audio with AI Noice Canceling for productivity, and 2-Year Full Warranty with Accidental Damage Protection",0,90PT03T1-M00CR0,ASUS AiO A3402 (Core 5 120U/16GB/512GB/Win 11 Home/A3402WVAK),Intel® RPL-R Core™ 5 120U 1.4 GHz,Intel® Graphics,Windows 11 Home,Microsoft Office Home & Student 2021,"23.8""",FHD (1920 x 1080) 16:9,250nits,DDR5 16GB,512GB M.2 NVMe™ PCIe® 4.0 SSD,"Side:
1x Kensington lock
1x 3.5mm combo audio jack
1x USB 2.0 Type-A

Back:
1x DC-in
1x RJ45 Gigabit Ethernet
1x HDMI in 1.4
1x HDMI out 1.4
1x USB 2.0 Type-A
1x USB 3.2 Gen 1 Type-C
3x USB 3.2 Gen 1 Type-A",05.40 kg,53.9 x 42.3 x 1.5 ~ 16.5 cm,"1x M.2  2280 SSD slot
2x DDR5 SO-DIMM slot","Wireless white keyboard
Wireless optical mouse",No Battery,"ø4.5, 90W AC Adapter","BIOS Booting User Password Protection
HDD User Password Protection and Security
Kensington Security Slot™(7x 3mm)"
90PT03T1-M00CT0,A3402WVAT-WPD515WS,ASUS AiO A3402,Beautiful by design. Imagination truly expanded.,"- Modern & Elegant Design with up to 100Hz Responsive Touchscreen
- Optimized for Multitasking work and outstanding I/O connectivity
- ASUS Sonic Master Audio with AI Noice Canceling for productivity, and 2-Year Full Warranty with Accidental Damage Protection",0,90PT03T1-M00CT0,ASUS AiO A3402 (i5-1335U/16GB/512GB/Win 11 Home/A3402WVAT),Intel® Core™ i5-1335U 1.3 GHz,Intel Iris Xᵉ Graphics (available for Intel® Core™ i5/i7/i9 with dual channel memory),Windows 11 Home,Microsoft Office Home & Student 2021,"23.8""",FHD (1920 x 1080) 16:9,250nits,DDR5 16GB,512GB M.2 NVMe™ PCIe® 4.0 SSD,"Side:
1x Kensington lock
1x 3.5mm combo audio jack
1x USB 2.0 Type-A

Back:
1x DC-in
1x RJ45 Gigabit Ethernet
1x HDMI in 1.4
1x HDMI out 1.4
1x USB 2.0 Type-A
1x USB 3.2 Gen 1 Type-C
3x USB 3.2 Gen 1 Type-A",05.40 kg,53.9 x 42.3 x 1.5 ~ 16.5 cm,"1x M.2  2280 SSD slot
2x DDR5 SO-DIMM slot","Wireless white keyboard
Wireless optical mouse",No Battery,"ø4.5, 90W AC Adapter","BIOS Booting User Password Protection
HDD User Password Protection and Security
Kensington Security Slot™(7x 3mm)"
90PT03T1-M00CU0,A3402WVAT-WPD715WS,ASUS AiO A3402,Beautiful by design. Imagination truly expanded.,"- Modern & Elegant Design with up to 100Hz Responsive Touchscreen
- Optimized for Multitasking work and outstanding I/O connectivity
- ASUS Sonic Master Audio with AI Noice Canceling for productivity, and 2-Year Full Warranty with Accidental Damage Protection",0,90PT03T1-M00CU0,ASUS AiO A3402 (i7-1355U/16GB/512GB/Win 11 Home/A3402WVAT),Intel® Core™ i7-1355U 1.7 GHz,Intel Iris Xᵉ Graphics (available for Intel® Core™ i5/i7/i9 with dual channel memory),Windows 11 Home,Microsoft Office Home & Student 2021,"23.8""",FHD (1920 x 1080) 16:9,250nits,DDR5 16GB,512GB M.2 NVMe™ PCIe® 4.0 SSD,"Side:
1x Kensington lock
1x 3.5mm combo audio jack
1x USB 2.0 Type-A

Back:
1x DC-in
1x RJ45 Gigabit Ethernet
1x HDMI in 1.4
1x HDMI out 1.4
1x USB 2.0 Type-A
1x USB 3.2 Gen 1 Type-C
3x USB 3.2 Gen 1 Type-A",05.40 kg,53.9 x 42.3 x 1.5 ~ 16.5 cm,"1x M.2  2280 SSD slot
2x DDR5 SO-DIMM slot","Wireless white keyboard
Wireless optical mouse",No Battery,"ø4.5, 90W AC Adapter","BIOS Booting User Password Protection
HDD User Password Protection and Security
Kensington Security Slot™(7x 3mm)"
90PT03T1-M018T0,A3402WVAK-WPC385WS,ASUS AiO A3402,Beautiful by design. Imagination truly expanded.,"- Modern & Elegant Design with up to 100Hz Responsive Touchscreen
- Optimized for Multitasking work and outstanding I/O connectivity
- ASUS Sonic Master Audio with AI Noice Canceling for productivity, and 2-Year Full Warranty with Accidental Damage Protection",0,90PT03T1-M018T0,ASUS AiO A3402 (i3-1315U/8GB/512GB/Win 11 Home/A3402WVAK),Intel® Core™ i3-1315U 1.2 GHz,Intel® Graphics,Windows 11 Home,"Microsoft Office Home & Student 2021
Microsoft 365 Basic","23.8""",FHD (1920 x 1080) 16:9,250nits,DDR5 8GB,512GB M.2 NVMe™ PCIe® 4.0 SSD,"Side:
1x Kensington lock
1x 3.5mm combo audio jack
1x USB 2.0 Type-A

Back:
1x DC-in
1x RJ45 Gigabit Ethernet
1x HDMI in 1.4
1x HDMI out 1.4
1x USB 2.0 Type-A
1x USB 3.2 Gen 1 Type-C
3x USB 3.2 Gen 1 Type-A",05.40 kg,53.9 x 42.3 x 1.5 ~ 16.5 cm,"1x M.2  2280 SSD slot
2x DDR5 SO-DIMM slot","Wireless white keyboard
Wireless optical mouse",No Battery,"ø4.5, 90W AC Adapter","BIOS Booting User Password Protection
HDD User Password Protection and Security
Kensington Security Slot™(7x 3mm)"
90PT03T1-M018U0,A3402WVAK-WPC515WS,ASUS AiO A3402,Beautiful by design. Imagination truly expanded.,"- Modern & Elegant Design with up to 100Hz Responsive Touchscreen
- Optimized for Multitasking work and outstanding I/O connectivity
- ASUS Sonic Master Audio with AI Noice Canceling for productivity, and 2-Year Full Warranty with Accidental Damage Protection",0,90PT03T1-M018U0,ASUS AiO A3402 (i5-1335U/16GB/512GB/Win 11 Home/A3402WVAK),Intel® Core™ i5-1335U 1.3 GHz,Intel Iris Xᵉ Graphics (available for Intel® Core™ i5/i7/i9 with dual channel memory),Windows 11 Home,"Microsoft Office Home & Student 2021
Microsoft 365 Basic","23.8""",FHD (1920 x 1080) 16:9,250nits,DDR5 16GB,512GB M.2 NVMe™ PCIe® 4.0 SSD,"Side:
1x Kensington lock
1x 3.5mm combo audio jack
1x USB 2.0 Type-A

Back:
1x DC-in
1x RJ45 Gigabit Ethernet
1x HDMI in 1.4
1x HDMI out 1.4
1x USB 2.0 Type-A
1x USB 3.2 Gen 1 Type-C
3x USB 3.2 Gen 1 Type-A",05.40 kg,53.9 x 42.3 x 1.5 ~ 16.5 cm,"1x M.2  2280 SSD slot
2x DDR5 SO-DIMM slot","Wireless white keyboard
Wireless optical mouse",No Battery,"ø4.5, 90W AC Adapter","BIOS Booting User Password Protection
HDD User Password Protection and Security
Kensington Security Slot™(7x 3mm)"
90PT03T1-M018W0,A3402WVAT-WPD515WS,ASUS AiO A3402,Beautiful by design. Imagination truly expanded.,"- Modern & Elegant Design with up to 100Hz Responsive Touchscreen
- Optimized for Multitasking work and outstanding I/O connectivity
- ASUS Sonic Master Audio with AI Noice Canceling for productivity, and 2-Year Full Warranty with Accidental Damage Protection",0,90PT03T1-M018W0,ASUS AiO A3402 (i5-1335U/16GB/512GB/Win 11 Home/A3402WVAT),Intel® Core™ i5-1335U 1.3 GHz,Intel Iris Xᵉ Graphics (available for Intel® Core™ i5/i7/i9 with dual channel memory),Windows 11 Home,"Microsoft Office Home & Student 2021
Microsoft 365 Basic","23.8""",FHD (1920 x 1080) 16:9,250nits,DDR5 16GB,512GB M.2 NVMe™ PCIe® 4.0 SSD,"Side:
1x Kensington lock
1x 3.5mm combo audio jack
1x USB 2.0 Type-A

Back:
1x DC-in
1x RJ45 Gigabit Ethernet
1x HDMI in 1.4
1x HDMI out 1.4
1x USB 2.0 Type-A
1x USB 3.2 Gen 1 Type-C
3x USB 3.2 Gen 1 Type-A",05.40 kg,53.9 x 42.3 x 1.5 ~ 16.5 cm,"1x M.2  2280 SSD slot
2x DDR5 SO-DIMM slot","Wireless white keyboard
Wireless optical mouse",No Battery,"ø4.5, 90W AC Adapter","BIOS Booting User Password Protection
HDD User Password Protection and Security
Kensington Security Slot™(7x 3mm)"
90PT03T1-M018Y0,A3402WVAK-WPC715WS,ASUS AiO A3402,Beautiful by design. Imagination truly expanded.,"- Modern & Elegant Design with up to 100Hz Responsive Touchscreen
- Optimized for Multitasking work and outstanding I/O connectivity
- ASUS Sonic Master Audio with AI Noice Canceling for productivity, and 2-Year Full Warranty with Accidental Damage Protection",0,90PT03T1-M018Y0,ASUS AiO A3402 (i7-1355U/16GB/512GB/Win 11 Home/A3402WVAK),Intel® Core™ i7-1355U 1.7 GHz,Intel Iris Xᵉ Graphics (available for Intel® Core™ i5/i7/i9 with dual channel memory),Windows 11 Home,"Microsoft Office Home & Student 2021
Microsoft 365 Basic","23.8""",FHD (1920 x 1080) 16:9,250nits,DDR5 16GB,512GB M.2 NVMe™ PCIe® 4.0 SSD,"Side:
1x Kensington lock
1x 3.5mm combo audio jack
1x USB 2.0 Type-A

Back:
1x DC-in
1x RJ45 Gigabit Ethernet
1x HDMI in 1.4
1x HDMI out 1.4
1x USB 2.0 Type-A
1x USB 3.2 Gen 1 Type-C
3x USB 3.2 Gen 1 Type-A",05.40 kg,53.9 x 42.3 x 1.5 ~ 16.5 cm,"1x M.2  2280 SSD slot
2x DDR5 SO-DIMM slot","Wireless white keyboard
Wireless optical mouse",No Battery,"ø4.5, 90W AC Adapter","BIOS Booting User Password Protection
HDD User Password Protection and Security
Kensington Security Slot™(7x 3mm)"
90PT03T1-M018Z0,A3402WVAT-WPD715WS,ASUS AiO A3402,Beautiful by design. Imagination truly expanded.,"- Modern & Elegant Design with up to 100Hz Responsive Touchscreen
- Optimized for Multitasking work and outstanding I/O connectivity
- ASUS Sonic Master Audio with AI Noice Canceling for productivity, and 2-Year Full Warranty with Accidental Damage Protection",0,90PT03T1-M018Z0,ASUS AiO A3402 (i7-1355U/16GB/512GB/Win 11 Home/A3402WVAT),Intel® Core™ i7-1355U 1.7 GHz,Intel Iris Xᵉ Graphics (available for Intel® Core™ i5/i7/i9 with dual channel memory),Windows 11 Home,"Microsoft Office Home & Student 2021
Microsoft 365 Basic","23.8""",FHD (1920 x 1080) 16:9,250nits,DDR5 16GB,512GB M.2 NVMe™ PCIe® 4.0 SSD,"Side:
1x Kensington lock
1x 3.5mm combo audio jack
1x USB 2.0 Type-A

Back:
1x DC-in
1x RJ45 Gigabit Ethernet
1x HDMI in 1.4
1x HDMI out 1.4
1x USB 2.0 Type-A
1x USB 3.2 Gen 1 Type-C
3x USB 3.2 Gen 1 Type-A",05.40 kg,53.9 x 42.3 x 1.5 ~ 16.5 cm,"1x M.2  2280 SSD slot
2x DDR5 SO-DIMM slot","Wireless white keyboard
Wireless optical mouse",No Battery,"ø4.5, 90W AC Adapter","BIOS Booting User Password Protection
HDD User Password Protection and Security
Kensington Security Slot™(7x 3mm)"
90PT03T1-M02TV0,A3402WVAK-WPC5151WS,ASUS AiO A3402,Beautiful by design. Imagination truly expanded.,"- Modern & Elegant Design with up to 100Hz Responsive Touchscreen
- Optimized for Multitasking work and outstanding I/O connectivity
- ASUS Sonic Master Audio with AI Noice Canceling for productivity, and 2-Year Full Warranty with Accidental Damage Protection",0,90PT03T1-M02TV0,ASUS AiO A3402 (Core 5 120U/16GB/512GB/Win 11 Home/A3402WVAK),Intel® RPL-R Core™ 5 120U 1.4 GHz,Intel® Graphics,Windows 11 Home,"Microsoft Office Home 2024
Microsoft 365 Basic","23.8""",FHD (1920 x 1080) 16:9,250nits,DDR5 16GB,512GB M.2 NVMe™ PCIe® 4.0 SSD,"Side:
1x Kensington lock
1x 2-in-1 card reader SD / MMC
1x 3.5mm combo audio jack
1x USB 2.0 Type-A

Back:
1x DC-in
1x RJ45 Gigabit Ethernet
1x HDMI in 1.4
1x HDMI out 1.4
1x USB 2.0 Type-A
1x USB 3.2 Gen 1 Type-C
3x USB 3.2 Gen 1 Type-A",05.40 kg,53.9 x 42.3 x 1.5 ~ 16.5 cm,"1x M.2  2280 SSD slot
2x DDR5 SO-DIMM slot","Wireless white keyboard
Wireless optical mouse",No Battery,"ø4.5, 90W AC Adapter","BIOS Booting User Password Protection
HDD User Password Protection and Security
Kensington Security Slot™(7x 3mm)"
90PT03T1-M02TW0,A3402WVAK-WPC7151WS,ASUS AiO A3402,Beautiful by design. Imagination truly expanded.,"- Modern & Elegant Design with up to 100Hz Responsive Touchscreen
- Optimized for Multitasking work and outstanding I/O connectivity
- ASUS Sonic Master Audio with AI Noice Canceling for productivity, and 2-Year Full Warranty with Accidental Damage Protection",0,90PT03T1-M02TW0,ASUS AiO A3402 (Core 7 150U/16GB/512GB/Win 11 Home/A3402WVAK),Intel® RPL-R Core™ 7 150U 1.8 GHz,Intel® Graphics,Windows 11 Home,"Microsoft Office Home 2024
Microsoft 365 Basic","23.8""",FHD (1920 x 1080) 16:9,250nits,DDR5 16GB,512GB M.2 NVMe™ PCIe® 4.0 SSD,"Side:
1x Kensington lock
1x 2-in-1 card reader SD / MMC
1x 3.5mm combo audio jack
1x USB 2.0 Type-A

Back:
1x DC-in
1x RJ45 Gigabit Ethernet
1x HDMI in 1.4
1x HDMI out 1.4
1x USB 2.0 Type-A
1x USB 3.2 Gen 1 Type-C
3x USB 3.2 Gen 1 Type-A",05.40 kg,53.9 x 42.3 x 1.5 ~ 16.5 cm,"1x M.2  2280 SSD slot
2x DDR5 SO-DIMM slot","Wireless white keyboard
Wireless optical mouse",No Battery,"ø4.5, 90W AC Adapter","BIOS Booting User Password Protection
HDD User Password Protection and Security
Kensington Security Slot™(7x 3mm)"
90PT03T1-M031T0,A3402WVAK-WPC5850WS,ASUS AiO A3402,Beautiful by design. Imagination truly expanded.,"- Modern & Elegant Design with up to 100Hz Responsive Touchscreen
- Optimized for Multitasking work and outstanding I/O connectivity
- ASUS Sonic Master Audio with AI Noice Canceling for productivity, and 2-Year Full Warranty with Accidental Damage Protection",0,90PT03T1-M031T0,ASUS AiO A3402 (i5-1335U/8GB/512GB/Win 11 Home/A3402WVAK),Intel® Core™ i5-1335U 1.3 GHz,Intel® Graphics,Windows 11 Home,"Microsoft Office Home 2024
Microsoft 365 Basic","23.8""",FHD (1920 x 1080) 16:9,250nits,DDR5 8GB,512GB M.2 NVMe™ PCIe® 4.0 SSD,"Side:
1x Kensington lock
1x 3.5mm combo audio jack
1x USB 2.0 Type-A

Back:
1x DC-in
1x RJ45 Gigabit Ethernet
1x HDMI in 1.4
1x HDMI out 1.4
1x USB 2.0 Type-A
1x USB 3.2 Gen 1 Type-C
3x USB 3.2 Gen 1 Type-A",05.40 kg,53.9 x 42.3 x 1.5 ~ 16.5 cm,"1x M.2  2280 SSD slot
2x DDR5 SO-DIMM slot","Wireless white keyboard
Wireless optical mouse",No Battery,"ø4.5, 90W AC Adapter","BIOS Booting User Password Protection
HDD User Password Protection and Security
Kensington Security Slot™(7x 3mm)"
90PT03T2-M00YX0,E3402WVAK-BP585WS,ASUS ExpertCenter E3 AiO 24,Trusted by IT Experts. Built for Worry-Free Business.,"- Nano Edge Design with 88% screen body to ratio
- AI Noice-cancelling technology for Business meeting
- 3Y Onsite service with 1Year Accidental damage protection",0,90PT03T2-M00YX0,ASUS ExpertCenter E3 AiO 24 (i5-1335U/8GB/512GB/Win 11 Home/E3402WVAK),Intel® Core™ i5-1335U 1.3 GHz,Intel® Graphics,Windows 11 Home,Microsoft Office Home & Student 2021,"23.8""",FHD (1920 x 1080) 16:9,250nits,DDR5 8GB,512GB M.2 NVMe™ PCIe® 4.0 SSD,"Side:
1x Kensington lock
1x 2-in-1 card reader SD / MMC
1x 3.5mm combo audio jack
1x USB 2.0 Type-A

Back:
1x DC-in
1x RJ45 Gigabit Ethernet
1x HDMI in 1.4
1x HDMI out 1.4
1x USB 2.0 Type-A
1x USB 3.2 Gen 1 Type-C
3x USB 3.2 Gen 1 Type-A",05.40 kg,53.9 x 42.3 x 1.5 ~ 16.5 cm,"1x M.2  2280 SSD slot
2x DDR5 SO-DIMM slot","Wired black keyboard (USB)
Wired optical mouse (USB)",No Battery,"ø4.5, 90W AC Adapter","BIOS Booting User Password Protection
HDD User Password Protection and Security
Kensington Security Slot™(7x 3mm)"
90PT03T2-M01A00,E3402WVAK-BPC585WS,ASUS ExpertCenter E3 AiO 24,Trusted by IT Experts. Built for Worry-Free Business.,"- Nano Edge Design with 88% screen body to ratio
- AI Noice-cancelling technology for Business meeting
- 3Y Onsite service with 1Year Accidental damage protection",0,90PT03T2-M01A00,ASUS ExpertCenter E3 AiO 24 (i5-1335U/8GB/512GB/Win 11 Home/E3402WVAK),Intel® Core™ i5-1335U 1.3 GHz,Intel® Graphics,Windows 11 Home,"Microsoft Office Home & Student 2021
Microsoft 365 Basic","23.8""",FHD (1920 x 1080) 16:9,250nits,DDR5 8GB,512GB M.2 NVMe™ PCIe® 4.0 SSD,"Side:
1x Kensington lock
1x 2-in-1 card reader SD / MMC
1x 3.5mm combo audio jack
1x USB 2.0 Type-A

Back:
1x DC-in
1x RJ45 Gigabit Ethernet
1x HDMI in 1.4
1x HDMI out 1.4
1x USB 2.0 Type-A
1x USB 3.2 Gen 1 Type-C
3x USB 3.2 Gen 1 Type-A",05.40 kg,53.9 x 42.3 x 1.5 ~ 16.5 cm,"1x M.2  2280 SSD slot
2x DDR5 SO-DIMM slot","Wired black keyboard (USB)
Wired optical mouse (USB)",No Battery,"ø4.5, 90W AC Adapter","BIOS Booting User Password Protection
HDD User Password Protection and Security
Kensington Security Slot™(7x 3mm)"
90PT03T2-M01DX0,E3402WVAK-BPC785X,ASUS ExpertCenter E3 AiO 24,Beautiful by design. Imagination truly expanded.,"- Nano Edge Design with 88% screen body to ratio
- AI Noice-cancelling technology for Business meeting
- 3Y Onsite service with 1Year Accidental damage protection",0,90PT03T2-M01DX0,ASUS ExpertCenter E3 AiO 24 (i7-1355U/8GB/512GB/Win 11 Pro/E3402WVAK),Intel® Core™ i7-1355U 1.7 GHz,Intel® Graphics,Windows 11 Pro,1-month trial for new Microsoft 365 customers. Credit card required.,"23.8""",FHD (1920 x 1080) 16:9,250nits,DDR5 8GB,512GB M.2 NVMe™ PCIe® 4.0 SSD,"Side:
1x Kensington lock
1x 2-in-1 card reader SD / MMC
1x 3.5mm combo audio jack
1x USB 2.0 Type-A

Back:
1x DC-in
1x RJ45 Gigabit Ethernet
1x HDMI in 1.4
1x HDMI out 1.4
1x USB 2.0 Type-A
1x USB 3.2 Gen 1 Type-C
3x USB 3.2 Gen 1 Type-A",05.40 kg,53.9 x 42.3 x 1.5 ~ 16.5 cm,"1x M.2  2280 SSD slot
2x DDR5 SO-DIMM slot","Wired black keyboard (USB)
Wired optical mouse (USB)",No Battery,"ø4.5, 90W AC Adapter","BIOS Booting User Password Protection
HDD User Password Protection and Security
Kensington Security Slot™(7x 3mm)"
90PT03T2-M01DY0,E3402WVAK-BPC585X,ASUS ExpertCenter E3 AiO 24,Beautiful by design. Imagination truly expanded.,"- Nano Edge Design with 88% screen body to ratio
- AI Noice-cancelling technology for Business meeting
- 3Y Onsite service with 1Year Accidental damage protection",0,90PT03T2-M01DY0,ASUS ExpertCenter E3 AiO 24 (i5-1335U/8GB/512GB/Win 11 Pro/E3402WVAK),Intel® Core™ i5-1335U 1.3 GHz,Intel® Graphics,Windows 11 Pro,1-month trial for new Microsoft 365 customers. Credit card required.,"23.8""",FHD (1920 x 1080) 16:9,250nits,DDR5 8GB,512GB M.2 NVMe™ PCIe® 4.0 SSD,"Side:
1x Kensington lock
1x 2-in-1 card reader SD / MMC
1x 3.5mm combo audio jack
1x USB 2.0 Type-A

Back:
1x DC-in
1x RJ45 Gigabit Ethernet
1x HDMI in 1.4
1x HDMI out 1.4
1x USB 2.0 Type-A
1x USB 3.2 Gen 1 Type-C
3x USB 3.2 Gen 1 Type-A",05.40 kg,53.9 x 42.3 x 1.5 ~ 16.5 cm,"1x M.2  2280 SSD slot
2x DDR5 SO-DIMM slot","Wired black keyboard (USB)
Wired optical mouse (USB)",No Battery,"ø4.5, 90W AC Adapter","BIOS Booting User Password Protection
HDD User Password Protection and Security
Kensington Security Slot™(7x 3mm)"
90PT03T2-M01RJ0,E3402WVAK-BPC785WS,ASUS ExpertCenter E3 AiO 24,Trusted by IT Experts. Built for Worry-Free Business.,"- Nano Edge Design with 88% screen body to ratio
- AI Noice-cancelling technology for Business meeting
- 3Y Onsite service with 1Year Accidental damage protection",0,90PT03T2-M01RJ0,ASUS ExpertCenter E3 AiO 24 (i7-1355U/8GB/512GB/Win 11 Home/E3402WVAK),Intel® Core™ i7-1355U 1.7 GHz,Intel® Graphics,Windows 11 Home,"Microsoft Office Home & Student 2021
Microsoft 365 Basic","23.8""",FHD (1920 x 1080) 16:9,250nits,DDR5 8GB,512GB M.2 NVMe™ PCIe® 4.0 SSD,"Side:
1x Kensington lock
1x 2-in-1 card reader SD / MMC
1x 3.5mm combo audio jack
1x USB 2.0 Type-A

Back:
1x DC-in
1x RJ45 Gigabit Ethernet
1x HDMI in 1.4
1x HDMI out 1.4
1x USB 2.0 Type-A
1x USB 3.2 Gen 1 Type-C
3x USB 3.2 Gen 1 Type-A",05.40 kg,53.9 x 42.3 x 1.5 ~ 16.5 cm,"1x M.2  2280 SSD slot
2x DDR5 SO-DIMM slot","Wired black keyboard (USB)
Wired optical mouse (USB)",No Battery,"ø4.5, 90W AC Adapter","BIOS Booting User Password Protection
HDD User Password Protection and Security
Kensington Security Slot™(7x 3mm)"
90PT03U1-M00MU0,A3202WVAK-BPB5850WS,ASUS AiO A3202,Beautiful by design. Imagination truly expanded.,"- Modern & Elegant Design with up to 100Hz Responsive Touchscreen
- Optimized for Multitasking work and outstanding I/O connectivity
- ASUS Sonic Master Audio with AI Noice Canceling for productivity, and 2-Year Full Warranty with Accidental Damage Protection",0,90PT03U1-M00MU0,ASUS AiO A3202 (i5-1335U/8GB/512GB/Win 11 Home/A3202WVAK),Intel® Core™ i5-1335U 1.3 GHz,Intel® Graphics,Windows 11 Home,"Microsoft Office Home 2024
Microsoft 365 Basic","21.45""",FHD (1920 x 1080) 16:9,250nits,DDR5 8GB,512GB M.2 NVMe™ PCIe® 4.0 SSD,"Side:
1x Kensington lock
1x 2-in-1 card reader SD / MMC
1x 3.5mm combo audio jack
1x USB 2.0 Type-A

Back:
1x DC-in
1x RJ45 Gigabit Ethernet
1x HDMI out 1.4
1x USB 2.0 Type-A
1x USB 3.2 Gen 1 Type-C
3x USB 3.2 Gen 1 Type-A",04.84 kg,49.3 x 39.5 x 1.3 ~ 16.5 cm,"1x M.2  2280 SSD slot
2x DDR5 SO-DIMM slot","Wired black keyboard (USB)
Wired optical mouse (USB)",No Battery,"ø4.5, 90W AC Adapter","BIOS Booting User Password Protection
HDD User Password Protection and Security
Kensington Security Slot™(7x 3mm)"
90PT03U2-M001N0,A3202WVAK-WPB385WS,ASUS AiO A3202,Beautiful by design. Imagination truly expanded.,"- Modern & Elegant Design with up to 100Hz Responsive Touchscreen
- Optimized for Multitasking work and outstanding I/O connectivity
- ASUS Sonic Master Audio with AI Noice Canceling for productivity, and 2-Year Full Warranty with Accidental Damage Protection",https://drive.google.com/drive/folders/1gMtIxHVEatM1XydUYmgQl6AXsoaQn8J2?usp=drive_link,90PT03U2-M001N0,ASUS AiO A3202 (Core 3 100U/8GB/512GB/Win 11 Home/A3202WVAK),Intel® RPL-R Core™ 3 100U 1.2 GHz,Intel® Graphics,Windows 11 Home,Microsoft Office Home & Student 2021,"21.45""",FHD (1920 x 1080) 16:9,250nits,DDR5 8GB,512GB M.2 NVMe™ PCIe® 4.0 SSD,"Side:
1x Kensington lock
1x 3.5mm combo audio jack
1x USB 2.0 Type-A

Back:
1x DC-in
1x RJ45 Gigabit Ethernet
1x HDMI out 1.4
1x USB 2.0 Type-A
1x USB 3.2 Gen 1 Type-C
3x USB 3.2 Gen 1 Type-A",04.84 kg,49.3 x 39.5 x 1.3 ~ 16.5 cm,"1x M.2  2280 SSD slot
2x DDR5 SO-DIMM slot","Wireless white keyboard
Wireless optical mouse",No Battery,"ø4.5, 90W AC Adapter","BIOS Booting User Password Protection
HDD User Password Protection and Security
Kensington Security Slot™(7x 3mm)"
90PT03U2-M008B0,A3202WVAK-WPB385WS,ASUS AiO A3202,Beautiful by design. Imagination truly expanded.,"- Modern & Elegant Design with up to 100Hz Responsive Touchscreen
- Optimized for Multitasking work and outstanding I/O connectivity
- ASUS Sonic Master Audio with AI Noice Canceling for productivity, and 2-Year Full Warranty with Accidental Damage Protection",0,90PT03U2-M008B0,ASUS AiO A3202 (i3-1315U/8GB/512GB/Win 11 Home/A3202WVAK),Intel® Core™ i3-1315U 1.2 GHz,Intel® Graphics,Windows 11 Home,"Microsoft Office Home & Student 2021
Microsoft 365 Basic","21.45""",FHD (1920 x 1080) 16:9,250nits,DDR5 8GB,512GB M.2 NVMe™ PCIe® 4.0 SSD,"Side:
1x Kensington lock
1x 3.5mm combo audio jack
1x USB 2.0 Type-A

Back:
1x DC-in
1x RJ45 Gigabit Ethernet
1x HDMI out 1.4
1x USB 2.0 Type-A
1x USB 3.2 Gen 1 Type-C
3x USB 3.2 Gen 1 Type-A",04.84 kg,49.3 x 39.5 x 1.3 ~ 16.5 cm,"1x M.2  2280 SSD slot
2x DDR5 SO-DIMM slot","Wireless white keyboard
Wireless optical mouse",No Battery,"ø4.5, 90W AC Adapter","BIOS Booting User Password Protection
HDD User Password Protection and Security
Kensington Security Slot™(7x 3mm)"
90PT03U2-M008C0,A3202WVAK-WPB585WS,ASUS AiO A3202,Beautiful by design. Imagination truly expanded.,"- Modern & Elegant Design with up to 100Hz Responsive Touchscreen
- Optimized for Multitasking work and outstanding I/O connectivity
- ASUS Sonic Master Audio with AI Noice Canceling for productivity, and 2-Year Full Warranty with Accidental Damage Protection",0,90PT03U2-M008C0,ASUS AiO A3202 (i5-1335U/8GB/512GB/Win 11 Home/A3202WVAK),Intel® Core™ i5-1335U 1.3 GHz,Intel® Graphics,Windows 11 Home,"Microsoft Office Home & Student 2021
Microsoft 365 Basic","21.45""",FHD (1920 x 1080) 16:9,250nits,DDR5 8GB,512GB M.2 NVMe™ PCIe® 4.0 SSD,"Side:
1x Kensington lock
1x 3.5mm combo audio jack
1x USB 2.0 Type-A

Back:
1x DC-in
1x RJ45 Gigabit Ethernet
1x HDMI out 1.4
1x USB 2.0 Type-A
1x USB 3.2 Gen 1 Type-C
3x USB 3.2 Gen 1 Type-A",04.84 kg,49.3 x 39.5 x 1.3 ~ 16.5 cm,"1x M.2  2280 SSD slot
2x DDR5 SO-DIMM slot","Wireless white keyboard
Wireless optical mouse",No Battery,"ø4.5, 90W AC Adapter","BIOS Booting User Password Protection
HDD User Password Protection and Security
Kensington Security Slot™(7x 3mm)"
90PT03U2-M00JL0,A3202WVAK-WPB382WS,ASUS AiO A3202,Trusted by IT Experts. Built for Worry-Free Business.,"- Modern & Elegant Design with up to 100Hz Responsive Touchscreen
- Optimized for Multitasking work and outstanding I/O connectivity
- ASUS Sonic Master Audio with AI Noice Canceling for productivity, and 2-Year Full Warranty with Accidental Damage Protection",0,90PT03U2-M00JL0,ASUS AiO A3202 (i3-1315U/8GB/256GB/Win 11 Home/A3202WVAK),Intel® Core™ i3-1315U 1.2 GHz,Intel® Graphics,Windows 11 Home,"Microsoft Office Home 2024
Microsoft 365 Basic","21.45""",FHD (1920 x 1080) 16:9,250nits,DDR5 8GB,256GB M.2 NVMe™ PCIe® 4.0 SSD,"Side:
ø4.5, 90W AC Adapter, Output: 19V DC, 4.74A, 90W, Input: 100~240V AC 50/60Hz universal

Back:
1x Kensington lock
1x 3.5mm combo audio jack
1x USB 2.0 Type-A",49.3 x 39.5 x 1.3 ~ 16.5 cm,#N/A,"1x M.2  2280 SSD slot
2x DDR5 SO-DIMM slot","MyASUS
ASUS Business Manager",No Battery,Not Found,04.84 kg (10.67 lbs)
90PT03W5-M00MW0,P470VAT-B7150WS,ASUS ExpertCenter P400,Trusted by IT Experts. Built for Worry-Free Business.,"- Business-Class Performance in a Sleek Design with 93% Screen-to-Body Ratio and 75Hz Responsive Touchscreen
- Optimized for Hybrid Work with AI ExpertMeet and Immersive Dolby Audio
- Enterprise-Grade Security and Reliability with TPM 2.0, Retractable Camera, and 2-Year Full Warranty with Accidental Damage Protection",https://drive.google.com/drive/folders/1PorM88ApsiThUohUUr5x2ue1BcgGKrLE?usp=drive_link,90PT03W5-M00MW0,ASUS ExpertCenter P400 (i7-13620H/16GB/512GB/Win 11 Home/P470VAT),Intel® Core™ i7-13620H 2.4 GHz,Intel® UHD Graphics,Windows 11 Home,"Microsoft Office Home 2024
Microsoft 365 Basic","27.0""",FHD (1920 x 1080) 16:9,300nits,DDR5 16GB,512GB M.2 NVMe™ PCIe® 4.0 SSD,"Side:
1x Kensington lock
1x 3.5mm combo audio jack
1x USB 2.0 Type-A

Back:
1x DC-in
1x RJ45 Gigabit Ethernet
1x HDMI in 1.4
1x HDMI out 1.4
1x USB 3.2 Gen 1 Type-C
3x USB 3.2 Gen 1 Type-A",09.00 kg,61.3 x 44.7 x 1.7 ~ 21.0 cm,2x DDR5 SO-DIMM slot,"Wired black keyboard (USB)
Wired optical mouse (USB)",No Battery,"ø4.5, 120W AC Adapter","BIOS Booting User Password Protection
HDD User Password Protection and Security
Kensington Security Slot™(7x 3mm)"
90PT03W5-M00PA0,P470VAK-B7150WS,ASUS ExpertCenter P400,Trusted by IT Experts. Built for Worry-Free Business.,"- Business-Class Performance in a Sleek Design with 93% Screen-to-Body Ratio and 100Hz Responsive Touchscreen
- Optimized for Hybrid Work with AI ExpertMeet and Immersive Dolby Audio
- Enterprise-Grade Security and Reliability with TPM 2.0, Retractable Camera, and 2-Year Full Warranty with Accidental Damage Protection",https://drive.google.com/drive/folders/1hDS1yNO_6dx9G_U3LcKZmzukDp_oJS2L?usp=drive_link,90PT03W5-M00PA0,ASUS ExpertCenter P400 (i7-13620H/16GB/512GB/Win 11 Home/P470VAK),Intel® Core™ i7-13620H 2.4 GHz,Intel® UHD Graphics,Windows 11 Home,"Microsoft Office Home 2024
Microsoft 365 Basic","27.0""",FHD (1920 x 1080) 16:9,300nits,DDR5 16GB,512GB M.2 NVMe™ PCIe® 4.0 SSD,"Side:
1x Kensington lock
1x 3.5mm combo audio jack
1x USB 2.0 Type-A

Back:
1x DC-in
1x RJ45 Gigabit Ethernet
1x HDMI in 1.4
1x HDMI out 1.4
1x USB 3.2 Gen 1 Type-C
3x USB 3.2 Gen 1 Type-A",09.00 kg,61.3 x 44.7 x 1.7 ~ 21.0 cm,2x DDR5 SO-DIMM slot,"Wired black keyboard (USB)
Wired optical mouse (USB)",No Battery,"ø4.5, 120W AC Adapter","BIOS Booting User Password Protection
HDD User Password Protection and Security
Kensington Security Slot™(7x 3mm)"
90PT03W5-M00PB0,P470VAK-B5150WS,ASUS ExpertCenter P400,Trusted by IT Experts. Built for Worry-Free Business.,"- Business-Class Performance in a Sleek Design with 93% Screen-to-Body Ratio and 100Hz Responsive Touchscreen
- Optimized for Hybrid Work with AI ExpertMeet and Immersive Dolby Audio
- Enterprise-Grade Security and Reliability with TPM 2.0, Retractable Camera, and 2-Year Full Warranty with Accidental Damage Protection",https://drive.google.com/drive/folders/1EbpfaL63pE01BsJHOsEwab8kvl8UaIr3?usp=drive_link,90PT03W5-M00PB0,ASUS ExpertCenter P400 (i5-13420H/16GB/512GB/Win 11 Home/P470VAK),Intel® Core™ i5-13420H 2.1 GHz,Intel® UHD Graphics,Windows 11 Home,"Microsoft Office Home 2024
Microsoft 365 Basic","27.0""",FHD (1920 x 1080) 16:9,300nits,DDR5 16GB,512GB M.2 NVMe™ PCIe® 4.0 SSD,"Side:
1x Kensington lock
1x 3.5mm combo audio jack
1x USB 2.0 Type-A

Back:
1x DC-in
1x RJ45 Gigabit Ethernet
1x HDMI in 1.4
1x HDMI out 1.4
1x USB 3.2 Gen 1 Type-C
3x USB 3.2 Gen 1 Type-A",09.00 kg,61.3 x 44.7 x 1.7 ~ 21.0 cm,2x DDR5 SO-DIMM slot,"Wired black keyboard (USB)
Wired optical mouse (USB)",No Battery,"ø4.5, 120W AC Adapter","BIOS Booting User Password Protection
HDD User Password Protection and Security
Kensington Security Slot™(7x 3mm)"
90PT03W5-M00Z30,P470VAK-B5850WS,ASUS ExpertCenter P400,Trusted by IT Experts. Built for Worry-Free Business.,"- Business-Class Performance in a Sleek Design with 93% Screen-to-Body Ratio and 100Hz Responsive Touchscreen
- Optimized for Hybrid Work with AI ExpertMeet and Immersive Dolby Audio
- Enterprise-Grade Security and Reliability with TPM 2.0, Retractable Camera, and 2-Year Full Warranty with Accidental Damage Protection",https://drive.google.com/drive/folders/1sWSKPjarNawmIZa8-1ID6RGgEOqkeQpe?usp=drive_link,90PT03W5-M00Z30,ASUS ExpertCenter P400 (i5-13420H/8GB/512GB/Win 11 Home/P470VAK),Intel® Core™ i5-13420H 2.1 GHz,Intel® UHD Graphics,Windows 11 Home,"Microsoft Office Home 2024
Microsoft 365 Basic","27.0""",FHD (1920 x 1080) 16:9,300nits,DDR5 8GB,512GB M.2 NVMe™ PCIe® 4.0 SSD,"Side:
1x Kensington lock
1x 3.5mm combo audio jack
1x USB 2.0 Type-A

Back:
1x DC-in
1x RJ45 Gigabit Ethernet
1x HDMI in 1.4
1x HDMI out 1.4
1x USB 3.2 Gen 1 Type-C
3x USB 3.2 Gen 1 Type-A",09.00 kg,61.3 x 44.7 x 1.7 ~ 21.0 cm,2x DDR5 SO-DIMM slot,"Wired black keyboard (USB)
Wired optical mouse (USB)",No Battery,"ø4.5, 120W AC Adapter","BIOS Booting User Password Protection
HDD User Password Protection and Security
Kensington Security Slot™(7x 3mm)"
90PT03W5-M00Z40,P470VAK-B7850WS,ASUS ExpertCenter P400,Trusted by IT Experts. Built for Worry-Free Business.,"- Business-Class Performance in a Sleek Design with 93% Screen-to-Body Ratio and 100Hz Responsive Touchscreen
- Optimized for Hybrid Work with AI ExpertMeet and Immersive Dolby Audio
- Enterprise-Grade Security and Reliability with TPM 2.0, Retractable Camera, and 2-Year Full Warranty with Accidental Damage Protection",https://drive.google.com/drive/folders/1EyU5BaSSTUUw3e4o3lY7Lcv74gKZQYwn?usp=drive_link,90PT03W5-M00Z40,ASUS ExpertCenter P400 (i7-13620H/8GB/512GB/Win 11 Home/P470VAK),Intel® Core™ i7-13620H 2.4 GHz,Intel® UHD Graphics,Windows 11 Home,"Microsoft Office Home 2024
Microsoft 365 Basic","27.0""",FHD (1920 x 1080) 16:9,300nits,DDR5 8GB,512GB M.2 NVMe™ PCIe® 4.0 SSD,"Side:
1x Kensington lock
1x 3.5mm combo audio jack
1x USB 2.0 Type-A

Back:
1x DC-in
1x RJ45 Gigabit Ethernet
1x HDMI in 1.4
1x HDMI out 1.4
1x USB 3.2 Gen 1 Type-C
3x USB 3.2 Gen 1 Type-A",09.00 kg,61.3 x 44.7 x 1.7 ~ 21.0 cm,2x DDR5 SO-DIMM slot,"Wired black keyboard (USB)
Wired optical mouse (USB)",No Battery,"ø4.5, 120W AC Adapter","BIOS Booting User Password Protection
HDD User Password Protection and Security
Kensington Security Slot™(7x 3mm)"
90PT03W5-M00Z60,P470VAT-B7110WS,ASUS ExpertCenter P400,Trusted by IT Experts. Built for Worry-Free Business.,"- Business-Class Performance in a Sleek Design with 93% Screen-to-Body Ratio and 75Hz Responsive Touchscreen
- Optimized for Hybrid Work with AI ExpertMeet and Immersive Dolby Audio
- Enterprise-Grade Security and Reliability with TPM 2.0, Retractable Camera, and 2-Year Full Warranty with Accidental Damage Protection",https://drive.google.com/drive/folders/1Hmk0-cW5RoSY-N90t6g24IagBLeQgnv1?usp=drive_link,90PT03W5-M00Z60,ASUS ExpertCenter P400 (i7-13620H/16GB/1TB/Win 11 Home/P470VAT),Intel® Core™ i7-13620H 2.4 GHz,Intel® UHD Graphics,Windows 11 Home,"Microsoft Office Home 2024
Microsoft 365 Basic","27.0""",FHD (1920 x 1080) 16:9,300nits,DDR5 16GB,1TB M.2 NVMe™ PCIe® 4.0 SSD,"Side:
1x Kensington lock
1x 3.5mm combo audio jack
1x USB 2.0 Type-A

Back:
1x DC-in
1x RJ45 Gigabit Ethernet
1x HDMI in 1.4
1x HDMI out 1.4
1x USB 3.2 Gen 1 Type-C
3x USB 3.2 Gen 1 Type-A",09.00 kg,61.3 x 44.7 x 1.7 ~ 21.0 cm,2x DDR5 SO-DIMM slot,"Wired black keyboard (USB)
Wired optical mouse (USB)",No Battery,"ø4.5, 120W AC Adapter","BIOS Booting User Password Protection
HDD User Password Protection and Security
Kensington Security Slot™(7x 3mm)"
90PT03W5-M00Z70,P470VAT-B7850WS,ASUS ExpertCenter P400,Trusted by IT Experts. Built for Worry-Free Business.,"- Business-Class Performance in a Sleek Design with 93% Screen-to-Body Ratio and 75Hz Responsive Touchscreen
- Optimized for Hybrid Work with AI ExpertMeet and Immersive Dolby Audio
- Enterprise-Grade Security and Reliability with TPM 2.0, Retractable Camera, and 2-Year Full Warranty with Accidental Damage Protection",https://drive.google.com/drive/folders/1LM69i3pbq-kshG2z8v3MJ4edk_4WbvQV?usp=drive_link,90PT03W5-M00Z70,ASUS ExpertCenter P400 (i7-13620H/8GB/512GB/Win 11 Home/P470VAT),Intel® Core™ i7-13620H 2.4 GHz,Intel® UHD Graphics,Windows 11 Home,"Microsoft Office Home 2024
Microsoft 365 Basic","27.0""",FHD (1920 x 1080) 16:9,300nits,DDR5 8GB,512GB M.2 NVMe™ PCIe® 4.0 SSD,"Side:
1x Kensington lock
1x 3.5mm combo audio jack
1x USB 2.0 Type-A

Back:
1x DC-in
1x RJ45 Gigabit Ethernet
1x HDMI in 1.4
1x HDMI out 1.4
1x USB 3.2 Gen 1 Type-C
3x USB 3.2 Gen 1 Type-A",09.00 kg,61.3 x 44.7 x 1.7 ~ 21.0 cm,2x DDR5 SO-DIMM slot,"Wired black keyboard (USB)
Wired optical mouse (USB)",No Battery,"ø4.5, 120W AC Adapter","BIOS Booting User Password Protection
HDD User Password Protection and Security
Kensington Security Slot™(7x 3mm)"
90PT03W5-M00Z80,P470VAT-B5150WS,ASUS ExpertCenter P400,Trusted by IT Experts. Built for Worry-Free Business.,"- Business-Class Performance in a Sleek Design with 93% Screen-to-Body Ratio and 75Hz Responsive Touchscreen
- Optimized for Hybrid Work with AI ExpertMeet and Immersive Dolby Audio
- Enterprise-Grade Security and Reliability with TPM 2.0, Retractable Camera, and 2-Year Full Warranty with Accidental Damage Protection",https://drive.google.com/drive/folders/1QTckypXzi6C6l83UxAj0n2Moopqjemb_?usp=drive_link,90PT03W5-M00Z80,ASUS ExpertCenter P400 (i5-13420H/16GB/512GB/Win 11 Home/P470VAT),Intel® Core™ i5-13420H 2.1 GHz,Intel® UHD Graphics,Windows 11 Home,"Microsoft Office Home 2024
Microsoft 365 Basic","27.0""",FHD (1920 x 1080) 16:9,300nits,DDR5 16GB,512GB M.2 NVMe™ PCIe® 4.0 SSD,"Side:
1x Kensington lock
1x 3.5mm combo audio jack
1x USB 2.0 Type-A

Back:
1x DC-in
1x RJ45 Gigabit Ethernet
1x HDMI in 1.4
1x HDMI out 1.4
1x USB 3.2 Gen 1 Type-C
3x USB 3.2 Gen 1 Type-A",09.00 kg,61.3 x 44.7 x 1.7 ~ 21.0 cm,2x DDR5 SO-DIMM slot,"Wired black keyboard (USB)
Wired optical mouse (USB)",No Battery,"ø4.5, 120W AC Adapter","BIOS Booting User Password Protection
HDD User Password Protection and Security
Kensington Security Slot™(7x 3mm)"
90PT03W5-M00Z90,P470VAT-B5850WS,ASUS ExpertCenter P400,Trusted by IT Experts. Built for Worry-Free Business.,"- Business-Class Performance in a Sleek Design with 93% Screen-to-Body Ratio and 75Hz Responsive Touchscreen
- Optimized for Hybrid Work with AI ExpertMeet and Immersive Dolby Audio
- Enterprise-Grade Security and Reliability with TPM 2.0, Retractable Camera, and 2-Year Full Warranty with Accidental Damage Protection",https://drive.google.com/drive/folders/1895Rb3VAH1oc-jN3awpMb-AFXeAFlUu5?usp=drive_link,90PT03W5-M00Z90,ASUS ExpertCenter P400 (i5-13420H/8GB/512GB/Win 11 Home/P470VAT),Intel® Core™ i5-13420H 2.1 GHz,Intel® UHD Graphics,Windows 11 Home,"Microsoft Office Home 2024
Microsoft 365 Basic","27.0""",FHD (1920 x 1080) 16:9,300nits,DDR5 8GB,512GB M.2 NVMe™ PCIe® 4.0 SSD,"Side:
1x Kensington lock
1x 3.5mm combo audio jack
1x USB 2.0 Type-A

Back:
1x DC-in
1x RJ45 Gigabit Ethernet
1x HDMI in 1.4
1x HDMI out 1.4
1x USB 3.2 Gen 1 Type-C
3x USB 3.2 Gen 1 Type-A",09.00 kg,61.3 x 44.7 x 1.7 ~ 21.0 cm,2x DDR5 SO-DIMM slot,"Wired black keyboard (USB)
Wired optical mouse (USB)",No Battery,"ø4.5, 120W AC Adapter","BIOS Booting User Password Protection
HDD User Password Protection and Security
Kensington Security Slot™(7x 3mm)"
90PT03W5-M00ZT0,P470VAK-B7110WS,ASUS ExpertCenter P400,Trusted by IT Experts. Built for Worry-Free Business.,"- Business-Class Performance in a Sleek Design with 93% Screen-to-Body Ratio and 100Hz Responsive Touchscreen
- Optimized for Hybrid Work with AI ExpertMeet and Immersive Dolby Audio
- Enterprise-Grade Security and Reliability with TPM 2.0, Retractable Camera, and 2-Year Full Warranty with Accidental Damage Protection",https://drive.google.com/drive/folders/1B6rQe-SquBRC6-aQFiVyN3ZWRKxth0F7?usp=drive_link,90PT03W5-M00ZT0,ASUS ExpertCenter P400 (i7-13620H/16GB/1TB/Win 11 Home/P470VAK),Intel® Core™ i7-13620H 2.4 GHz,Intel® UHD Graphics,Windows 11 Home,"Microsoft Office Home 2024
Microsoft 365 Basic","27.0""",FHD (1920 x 1080) 16:9,300nits,DDR5 16GB,1TB M.2 NVMe™ PCIe® 4.0 SSD,"Side:
1x Kensington lock
1x 3.5mm combo audio jack
1x USB 2.0 Type-A

Back:
1x DC-in
1x RJ45 Gigabit Ethernet
1x HDMI in 1.4
1x HDMI out 1.4
1x USB 3.2 Gen 1 Type-C
3x USB 3.2 Gen 1 Type-A",09.00 kg,61.3 x 44.7 x 1.7 ~ 21.0 cm,2x DDR5 SO-DIMM slot,"Wired black keyboard (USB)
Wired optical mouse (USB)",No Battery,"ø4.5, 120W AC Adapter","BIOS Booting User Password Protection
HDD User Password Protection and Security
Kensington Security Slot™(7x 3mm)"
90PT03W5-M01J30,P470VAK-B7151WS,ASUS ExpertCenter P400,Trusted by IT Experts. Built for Worry-Free Business.,"- Business-Class Performance in a Sleek Design with 93% Screen-to-Body Ratio and 100Hz Responsive Touchscreen
- Optimized for Hybrid Work with AI ExpertMeet and Immersive Dolby Audio
- Enterprise-Grade Security and Reliability with TPM 2.0, Retractable Camera, and 2-Year Full Warranty with Accidental Damage Protection",0,90PT03W5-M01J30,ASUS ExpertCenter P400 (i7-13620H/16GB/512GB/Win 11 Home/P470VAK),Intel® Core™ i7-13620H 2.4 GHz,Intel® UHD Graphics,Windows 11 Home,"Microsoft Office Home 2024
Microsoft 365 Basic","27.0""",FHD (1920 x 1080) 16:9,300nits,DDR5 16GB,512GB M.2 NVMe™ PCIe® 4.0 SSD,"Side:
1x Kensington lock
1x 3.5mm combo audio jack
1x USB 2.0 Type-A

Back:
1x DC-in
1x RJ45 Gigabit Ethernet
1x HDMI in 1.4
1x HDMI out 1.4
1x USB 3.2 Gen 1 Type-C
3x USB 3.2 Gen 1 Type-A",09.00 kg,61.3 x 44.7 x 1.7 ~ 21.0 cm,2x DDR5 SO-DIMM slot,"Wireless black keyboard
Wireless optical mouse",No Battery,"ø4.5, 120W AC Adapter","BIOS Booting User Password Protection
HDD User Password Protection and Security
Kensington Security Slot™(7x 3mm)"
90PT03W5-M01J70,P470VAK-B5151WS,ASUS ExpertCenter P400,Trusted by IT Experts. Built for Worry-Free Business.,"- Business-Class Performance in a Sleek Design with 93% Screen-to-Body Ratio and 100Hz Responsive Touchscreen
- Optimized for Hybrid Work with AI ExpertMeet and Immersive Dolby Audio
- Enterprise-Grade Security and Reliability with TPM 2.0, Retractable Camera, and 2-Year Full Warranty with Accidental Damage Protection",0,90PT03W5-M01J70,ASUS ExpertCenter P400 (i5-13420H/16GB/512GB/Win 11 Home/P470VAK),Intel® Core™ i5-13420H 2.1 GHz,Intel® UHD Graphics,Windows 11 Home,"Microsoft Office Home 2024
Microsoft 365 Basic","27.0""",FHD (1920 x 1080) 16:9,300nits,DDR5 16GB,512GB M.2 NVMe™ PCIe® 4.0 SSD,"Side:
1x Kensington lock
1x 3.5mm combo audio jack
1x USB 2.0 Type-A

Back:
1x DC-in
1x RJ45 Gigabit Ethernet
1x HDMI in 1.4
1x HDMI out 1.4
1x USB 3.2 Gen 1 Type-C
3x USB 3.2 Gen 1 Type-A",09.00 kg,61.3 x 44.7 x 1.7 ~ 21.0 cm,2x DDR5 SO-DIMM slot,"Wireless black keyboard
Wireless optical mouse",No Battery,"ø4.5, 120W AC Adapter","BIOS Booting User Password Protection
HDD User Password Protection and Security
Kensington Security Slot™(7x 3mm)"
90PT03W5-M01JB0,P470VAT-B7151WS,ASUS ExpertCenter P400,Trusted by IT Experts. Built for Worry-Free Business.,"- Business-Class Performance in a Sleek Design with 93% Screen-to-Body Ratio and 100Hz Responsive Touchscreen
- Optimized for Hybrid Work with AI ExpertMeet and Immersive Dolby Audio
- Enterprise-Grade Security and Reliability with TPM 2.0, Retractable Camera, and 2-Year Full Warranty with Accidental Damage Protection",0,90PT03W5-M01JB0,ASUS ExpertCenter P400 (i7-13620H/16GB/512GB/Win 11 Home/P470VAT),Intel® Core™ i7-13620H 2.4 GHz,Intel® UHD Graphics,Windows 11 Home,"Microsoft Office Home 2024
Microsoft 365 Basic","27.0""",FHD (1920 x 1080) 16:9,300nits,DDR5 16GB,512GB M.2 NVMe™ PCIe® 4.0 SSD,"Side:
1x Kensington lock
1x 3.5mm combo audio jack
1x USB 2.0 Type-A

Back:
1x DC-in
1x RJ45 Gigabit Ethernet
1x HDMI in 1.4
1x HDMI out 1.4
1x USB 3.2 Gen 1 Type-C
3x USB 3.2 Gen 1 Type-A",09.00 kg,61.3 x 44.7 x 1.7 ~ 21.0 cm,2x DDR5 SO-DIMM slot,"Wireless black keyboard
Wireless optical mouse",No Battery,"ø4.5, 120W AC Adapter","BIOS Booting User Password Protection
HDD User Password Protection and Security
Kensington Security Slot™(7x 3mm)"
90PT03W5-M01JF0,P470VAT-B5151WS,ASUS ExpertCenter P400,Trusted by IT Experts. Built for Worry-Free Business.,"- Business-Class Performance in a Sleek Design with 93% Screen-to-Body Ratio and 100Hz Responsive Touchscreen
- Optimized for Hybrid Work with AI ExpertMeet and Immersive Dolby Audio
- Enterprise-Grade Security and Reliability with TPM 2.0, Retractable Camera, and 2-Year Full Warranty with Accidental Damage Protection",0,90PT03W5-M01JF0,ASUS ExpertCenter P400 (i5-13420H/16GB/512GB/Win 11 Home/P470VAT),Intel® Core™ i5-13420H 2.1 GHz,Intel® UHD Graphics,Windows 11 Home,"Microsoft Office Home 2024
Microsoft 365 Basic","27.0""",FHD (1920 x 1080) 16:9,300nits,DDR5 16GB,512GB M.2 NVMe™ PCIe® 4.0 SSD,"Side:
1x Kensington lock
1x 3.5mm combo audio jack
1x USB 2.0 Type-A

Back:
1x DC-in
1x RJ45 Gigabit Ethernet
1x HDMI in 1.4
1x HDMI out 1.4
1x USB 3.2 Gen 1 Type-C
3x USB 3.2 Gen 1 Type-A",09.00 kg,61.3 x 44.7 x 1.7 ~ 21.0 cm,2x DDR5 SO-DIMM slot,"Wireless black keyboard
Wireless optical mouse",No Battery,"ø4.5, 120W AC Adapter","BIOS Booting User Password Protection
HDD User Password Protection and Security
Kensington Security Slot™(7x 3mm)"
90PT03W5-M03AZ0,P470VAK-B7152WS,ASUS ExpertCenter P400,Trusted by IT Experts. Built for Worry-Free Business.,"- Business-Class Performance in a Sleek Design with 93% Screen-to-Body Ratio and 100Hz Responsive Touchscreen
- Optimized for Hybrid Work with AI ExpertMeet and Immersive Dolby Audio
- Enterprise-Grade Security and Reliability with TPM 2.0, Retractable Camera, and 2-Year Full Warranty with Accidental Damage Protection",0,90PT03W5-M03AZ0,#VALUE!,#VALUE!,N/A,,,"27.0""",FHD (1920 x 1080) 16:9,300nits,Intel® Graphics,,"Side:
Built-in array microphone
Built-in speakers

Back:
Windows 11 Home - ASUS recommends Windows 11 Pro for business
* Windows 11 Home is available only as the Single Language edition. Learn more about Windows 11 Home Single language: https://support.microsoft.com/article/eaf060a6-3642-4612-6b75-b34e57a08abf",#N/A,#N/A,16GB DDR5 SO-DIMM,,No Battery,Not Found,"ø4.5, 120W AC Adapter, Output: 20V DC, 6.0A, 120W, Input: 100~240V AC 50/60Hz universal"
90PT03W5-M03B30,P470VAT-B7152WS,ASUS ExpertCenter P400,Trusted by IT Experts. Built for Worry-Free Business.,"- Business-Class Performance in a Sleek All-in-One : designed for business tasks with a slim profile and high screen-to-body ratio for immersive viewing.
- Designed for Hybrid Work Productivity : Optimized for Hybrid Modern WorkFlow with ASUS AI ExpertMeet and Immersive Dolby Audio for clearer communication and collaboration
- Enterprise-Grade Security and Reliability : Advanced security with TPM 2.0, retractable privacy camera, and complete peace of mind with a 2-year full warranty plus Accidental Damage Protection.",0,90PT03W5-M03B30,ASUS ExpertCenter P400 (Core 7 240H/16GB/512GB/Win 11 Home/P470VAT),Intel® Core™ 7 240H 2.5 GHz,Intel® Graphics,Windows 11 Home,"Microsoft Office Home 2024
Microsoft 365 Basic","27.0""",FHD (1920 x 1080) 16:9,300nits,DDR5 16GB,512GB M.2 NVMe™ PCIe® 4.0 SSD,"Side:
1x Kensington lock
1x 3.5mm combo audio jack
1x USB 2.0 Type-A

Back:
1x DC-in
1x RJ45 Gigabit Ethernet
1x HDMI in 1.4
1x HDMI out 1.4
1x USB 3.2 Gen 1 Type-C
3x USB 3.2 Gen 1 Type-A",09.00 kg,61.3 x 44.7 x 1.7 ~ 21.0 cm,2x DDR5 SO-DIMM slot,"Wireless black keyboard
Wireless optical mouse",No Battery,"ø4.5, 120W AC Adapter","BIOS Booting User Password Protection
HDD User Password Protection and Security
Kensington Security Slot™(7x 3mm)"
90PT03W5-M03NE0,P470VAK-B5852WS,ASUS ExpertCenter P400,Trusted by IT Experts. Built for Worry-Free Business.,"- Business-Class Performance in a Sleek All-in-One : designed for business tasks with a slim profile and high screen-to-body ratio for immersive viewing.
- Designed for Hybrid Work Productivity : Optimized for Hybrid Modern WorkFlow with ASUS AI ExpertMeet and Immersive Dolby Audio for clearer communication and collaboration
- Enterprise-Grade Security and Reliability : Advanced security with TPM 2.0, retractable privacy camera, and complete peace of mind with a 2-year full warranty plus Accidental Damage Protection.",0,90PT03W5-M03NE0,ASUS ExpertCenter P400 (Core 5 210H/8GB/512GB/Win 11 Home/P470VAK),Intel® Core™ 5 210H 2.5 GHz,Intel® Graphics,Windows 11 Home,"Microsoft Office Home 2024
Microsoft 365 Basic","27.0""",FHD (1920 x 1080) 16:9,300nits,DDR5 8GB,512GB M.2 NVMe™ PCIe® 4.0 SSD,"Side:
1x Kensington lock
1x 3.5mm combo audio jack
1x USB 2.0 Type-A

Back:
1x DC-in
1x RJ45 Gigabit Ethernet
1x HDMI in 1.4
1x HDMI out 1.4
1x USB 3.2 Gen 1 Type-C
3x USB 3.2 Gen 1 Type-A",09.00 kg,61.3 x 44.7 x 1.7 ~ 21.0 cm,2x DDR5 SO-DIMM slot,"Wireless black keyboard
Wireless optical mouse",No Battery,"ø4.5, 120W AC Adapter","BIOS Booting User Password Protection
HDD User Password Protection and Security
Kensington Security Slot™(7x 3mm)"
90PT03W5-M03NK0,P470VAT-B5852WS,ASUS ExpertCenter P400,Trusted by IT Experts. Built for Worry-Free Business.,"- Business-Class Performance in a Sleek All-in-One : designed for business tasks with a slim profile and high screen-to-body ratio for immersive viewing.
- Designed for Hybrid Work Productivity : Optimized for Hybrid Modern WorkFlow with ASUS AI ExpertMeet and Immersive Dolby Audio for clearer communication and collaboration
- Enterprise-Grade Security and Reliability : Advanced security with TPM 2.0, retractable privacy camera, and complete peace of mind with a 2-year full warranty plus Accidental Damage Protection.",0,90PT03W5-M03NK0,ASUS ExpertCenter P400 (Core 5 210H/8GB/512GB/Win 11 Home/P470VAT),Intel® Core™ 5 210H 2.5 GHz,Intel® Graphics,Windows 11 Home,"Microsoft Office Home 2024
Microsoft 365 Basic","27.0""",FHD (1920 x 1080) 16:9,300nits,DDR5 8GB,512GB M.2 NVMe™ PCIe® 4.0 SSD,"Side:
1x Kensington lock
1x 3.5mm combo audio jack
1x USB 2.0 Type-A

Back:
1x DC-in
1x RJ45 Gigabit Ethernet
1x HDMI in 1.4
1x HDMI out 1.4
1x USB 3.2 Gen 1 Type-C
3x USB 3.2 Gen 1 Type-A",09.00 kg,61.3 x 44.7 x 1.7 ~ 21.0 cm,2x DDR5 SO-DIMM slot,"Wireless black keyboard
Wireless optical mouse",No Battery,"ø4.5, 120W AC Adapter","BIOS Booting User Password Protection
HDD User Password Protection and Security
Kensington Security Slot™(7x 3mm)"
90PT03W6-M00PC0,P470VAT-B7310WSH,ASUS ExpertCenter P400,Trusted by IT Experts. Built for Worry-Free Business.,"- Business-Class Performance in a Sleek Design with 93% Screen-to-Body Ratio and 75Hz Responsive Touchscreen
- Optimized for Hybrid Work with AI ExpertMeet and Immersive Dolby Audio
- Enterprise-Grade Security and Reliability with TPM 2.0, Retractable Camera, and 2-Year Full Warranty with Accidental Damage Protection",https://drive.google.com/drive/folders/1MRbpPV8L1W2zU57o99w4K0F2UTyfgYAc?usp=drive_link,90PT03W6-M00PC0,ASUS ExpertCenter P400 (i7-13620H/32GB/1TB/Win 11 Home/P470VAT),Intel® Core™ i7-13620H 2.4 GHz,Intel® UHD Graphics,Windows 11 Home,"Microsoft Office Home 2024
Microsoft 365 Basic","27.0""",FHD (1920 x 1080) 16:9,300nits,DDR5 32GB,1TB M.2 NVMe™ PCIe® 4.0 SSD,"Side:
1x Kensington lock
1x 3.5mm combo audio jack
1x USB 2.0 Type-A

Back:
1x DC-in
1x RJ45 Gigabit Ethernet
1x HDMI in 1.4
1x HDMI out 1.4
1x USB 3.2 Gen 1 Type-C
3x USB 3.2 Gen 1 Type-A",09.00 kg,61.3 x 44.7 x 1.7 ~ 21.0 cm,2x DDR5 SO-DIMM slot,"Wired black keyboard (USB)
Wired optical mouse (USB)",No Battery,"ø4.5, 120W AC Adapter","BIOS Booting User Password Protection
HDD User Password Protection and Security
Kensington Security Slot™(7x 3mm)"
90PT03W6-M00ZA0,P470VAT-B7150WSH,ASUS ExpertCenter P400,Trusted by IT Experts. Built for Worry-Free Business.,"- Business-Class Performance in a Sleek Design with 93% Screen-to-Body Ratio and 75Hz Responsive Touchscreen
- Optimized for Hybrid Work with AI ExpertMeet and Immersive Dolby Audio
- Enterprise-Grade Security and Reliability with TPM 2.0, Retractable Camera, and 2-Year Full Warranty with Accidental Damage Protection",https://drive.google.com/drive/folders/1imE-4_a-5-nuVkYqxwA-VDskRAe5HIJy?usp=drive_link,90PT03W6-M00ZA0,ASUS ExpertCenter P400 (i7-13620H/16GB/512GB/Win 11 Home/P470VAT),Intel® Core™ i7-13620H 2.4 GHz,Intel® UHD Graphics,Windows 11 Home,"Microsoft Office Home 2024
Microsoft 365 Basic","27.0""",FHD (1920 x 1080) 16:9,300nits,DDR5 16GB,512GB M.2 NVMe™ PCIe® 4.0 SSD,"Side:
1x Kensington lock
1x 3.5mm combo audio jack
1x USB 2.0 Type-A

Back:
1x DC-in
1x RJ45 Gigabit Ethernet
1x HDMI in 1.4
1x HDMI out 1.4
1x USB 3.2 Gen 1 Type-C
3x USB 3.2 Gen 1 Type-A",09.00 kg,61.3 x 44.7 x 1.7 ~ 21.0 cm,2x DDR5 SO-DIMM slot,"Wired black keyboard (USB)
Wired optical mouse (USB)",No Battery,"ø4.5, 120W AC Adapter","BIOS Booting User Password Protection
HDD User Password Protection and Security
Kensington Security Slot™(7x 3mm)"
90PT03W6-M023M0,P470VAT-B7110WSH,ASUS ExpertCenter P400,Trusted by IT Experts. Built for Worry-Free Business.,"- Business-Class Performance in a Sleek Design with 93% Screen-to-Body Ratio and 100Hz Responsive Touchscreen
- Optimized for Hybrid Work with AI ExpertMeet and Immersive Dolby Audio
- Enterprise-Grade Security and Reliability with TPM 2.0, Retractable Camera, and 2-Year Full Warranty with Accidental Damage Protection",0,90PT03W6-M023M0,ASUS ExpertCenter P400 (i7-13620H/16GB/1TB/Win 11 Home/P470VAT),Intel® Core™ i7-13620H 2.4 GHz,Intel® UHD Graphics,Windows 11 Home,"Microsoft Office Home 2024
Microsoft 365 Basic","27.0""",FHD (1920 x 1080) 16:9,300nits,DDR5 16GB,1TB M.2 NVMe™ PCIe® 4.0 SSD,"Side:
1x Kensington lock
1x 3.5mm combo audio jack
1x USB 2.0 Type-A

Back:
1x DC-in
1x RJ45 Gigabit Ethernet
1x HDMI in 1.4
1x HDMI out 1.4
1x USB 3.2 Gen 1 Type-C
3x USB 3.2 Gen 1 Type-A",09.00 kg,61.3 x 44.7 x 1.7 ~ 21.0 cm,2x DDR5 SO-DIMM slot,"Wireless black keyboard
Wireless optical mouse",No Battery,"ø4.5, 120W AC Adapter","BIOS Booting User Password Protection
HDD User Password Protection and Security
Kensington Security Slot™(7x 3mm)"
90PT03W6-M03DM0,P470VAT-B7112WSH,ASUS ExpertCenter P400,Trusted by IT Experts. Built for Worry-Free Business.,"- Business-Class Performance in a Sleek All-in-One : designed for business tasks with a slim profile and high screen-to-body ratio for immersive viewing.
- Designed for Hybrid Work Productivity : Optimized for Hybrid Modern WorkFlow with ASUS AI ExpertMeet and Immersive Dolby Audio for clearer communication and collaboration
- Enterprise-Grade Security and Reliability : Advanced security with TPM 2.0, retractable privacy camera, and complete peace of mind with a 2-year full warranty plus Accidental Damage Protection.",0,90PT03W6-M03DM0,ASUS ExpertCenter P400 (Core 7 240H/16GB/1TB/Win 11 Home/P470VAT),Intel® Core™ 7 240H 2.5 GHz,Intel® Graphics,Windows 11 Home,"Microsoft Office Home 2024
Microsoft 365 Basic","27.0""",FHD (1920 x 1080) 16:9,300nits,DDR5 16GB,1TB M.2 NVMe™ PCIe® 4.0 SSD,"Side:
1x Kensington lock
1x 3.5mm combo audio jack
1x USB 2.0 Type-A

Back:
1x DC-in
1x RJ45 Gigabit Ethernet
1x HDMI in 1.4
1x HDMI out 1.4
1x USB 3.2 Gen 1 Type-C
3x USB 3.2 Gen 1 Type-A",09.00 kg,61.3 x 44.7 x 1.7 ~ 21.0 cm,2x DDR5 SO-DIMM slot,"Wireless black keyboard
Wireless optical mouse",No Battery,"ø4.5, 120W AC Adapter","BIOS Booting User Password Protection
HDD User Password Protection and Security
Kensington Security Slot™(7x 3mm)"
90PT03W7-M010B0,P470VAT-W5850WS,ASUS ExpertCenter P400,Trusted by IT Experts. Built for Worry-Free Business.,"- Business-Class Performance in a Sleek Design with 93% Screen-to-Body Ratio and 75Hz Responsive Touchscreen
- Optimized for Hybrid Work with AI ExpertMeet and Immersive Dolby Audio
- Enterprise-Grade Security and Reliability with TPM 2.0, Retractable Camera, and 2-Year Full Warranty with Accidental Damage Protection",https://drive.google.com/drive/folders/1V6-D1uQ7J6yUhtbYQlTBhFuadj-LTZD3?usp=drive_link,90PT03W7-M010B0,ASUS ExpertCenter P400 (i5-13420H/8GB/512GB/Win 11 Home/P470VAT),Intel® Core™ i5-13420H 2.1 GHz,Intel® UHD Graphics,Windows 11 Home,"Microsoft Office Home 2024
Microsoft 365 Basic","27.0""",FHD (1920 x 1080) 16:9,300nits,DDR5 8GB,512GB M.2 NVMe™ PCIe® 4.0 SSD,"Side:
1x Kensington lock
1x 3.5mm combo audio jack
1x USB 2.0 Type-A

Back:
1x DC-in
1x RJ45 Gigabit Ethernet
1x HDMI in 1.4
1x HDMI out 1.4
1x USB 3.2 Gen 1 Type-C
3x USB 3.2 Gen 1 Type-A",09.00 kg,61.3 x 44.7 x 1.7 ~ 21.0 cm,2x DDR5 SO-DIMM slot,"Wireless sandstone white keyboard
Wireless optical mouse",No Battery,"ø4.5, 120W AC Adapter","BIOS Booting User Password Protection
HDD User Password Protection and Security
Kensington Security Slot™(7x 3mm)"
90PT03W7-M010C0,P470VAT-W7850WS,ASUS ExpertCenter P400,Trusted by IT Experts. Built for Worry-Free Business.,"- Business-Class Performance in a Sleek Design with 93% Screen-to-Body Ratio and 75Hz Responsive Touchscreen
- Optimized for Hybrid Work with AI ExpertMeet and Immersive Dolby Audio
- Enterprise-Grade Security and Reliability with TPM 2.0, Retractable Camera, and 2-Year Full Warranty with Accidental Damage Protection",https://drive.google.com/drive/folders/1y2xq0lXf4O5bnM0tdNQ4u7tm4T4iKySg?usp=drive_link,90PT03W7-M010C0,ASUS ExpertCenter P400 (i7-13620H/8GB/512GB/Win 11 Home/P470VAT),Intel® Core™ i7-13620H 2.4 GHz,Intel® UHD Graphics,Windows 11 Home,"Microsoft Office Home 2024
Microsoft 365 Basic","27.0""",FHD (1920 x 1080) 16:9,300nits,DDR5 8GB,512GB M.2 NVMe™ PCIe® 4.0 SSD,"Side:
1x Kensington lock
1x 3.5mm combo audio jack
1x USB 2.0 Type-A

Back:
1x DC-in
1x RJ45 Gigabit Ethernet
1x HDMI in 1.4
1x HDMI out 1.4
1x USB 3.2 Gen 1 Type-C
3x USB 3.2 Gen 1 Type-A",09.00 kg,61.3 x 44.7 x 1.7 ~ 21.0 cm,2x DDR5 SO-DIMM slot,"Wireless sandstone white keyboard
Wireless optical mouse",No Battery,"ø4.5, 120W AC Adapter","BIOS Booting User Password Protection
HDD User Password Protection and Security
Kensington Security Slot™(7x 3mm)"
90PT03W7-M01JD0,P470VAT-W7151WS,ASUS ExpertCenter P400,Trusted by IT Experts. Built for Worry-Free Business.,"- Business-Class Performance in a Sleek Design with 93% Screen-to-Body Ratio and 100Hz Responsive Touchscreen
- Optimized for Hybrid Work with AI ExpertMeet and Immersive Dolby Audio
- Enterprise-Grade Security and Reliability with TPM 2.0, Retractable Camera, and 2-Year Full Warranty with Accidental Damage Protection",0,90PT03W7-M01JD0,ASUS ExpertCenter P400 (i7-13620H/16GB/512GB/Win 11 Home/P470VAT),Intel® Core™ i7-13620H 2.4 GHz,Intel® UHD Graphics,Windows 11 Home,"Microsoft Office Home 2024
Microsoft 365 Basic","27.0""",FHD (1920 x 1080) 16:9,300nits,DDR5 16GB,512GB M.2 NVMe™ PCIe® 4.0 SSD,"Side:
1x Kensington lock
1x 3.5mm combo audio jack
1x USB 2.0 Type-A

Back:
1x DC-in
1x RJ45 Gigabit Ethernet
1x HDMI in 1.4
1x HDMI out 1.4
1x USB 3.2 Gen 1 Type-C
3x USB 3.2 Gen 1 Type-A",09.00 kg,61.3 x 44.7 x 1.7 ~ 21.0 cm,2x DDR5 SO-DIMM slot,"Wireless sandstone white keyboard
Wireless optical mouse",No Battery,"ø4.5, 120W AC Adapter","BIOS Booting User Password Protection
HDD User Password Protection and Security
Kensington Security Slot™(7x 3mm)"
90PT03W7-M03B00,P470VAK-W7852WS,ASUS ExpertCenter P400,Trusted by IT Experts. Built for Worry-Free Business.,"- Business-Class Performance in a Sleek All-in-One : designed for business tasks with a slim profile and high screen-to-body ratio for immersive viewing.
- Designed for Hybrid Work Productivity : Optimized for Hybrid Modern WorkFlow with ASUS AI ExpertMeet and Immersive Dolby Audio for clearer communication and collaboration
- Enterprise-Grade Security and Reliability : Advanced security with TPM 2.0, retractable privacy camera, and complete peace of mind with a 2-year full warranty plus Accidental Damage Protection.",0,90PT03W7-M03B00,ASUS ExpertCenter P400 (Core 7 240H/8GB/512GB/Win 11 Home/P470VAK),Intel® Core™ 7 240H 2.5 GHz,Intel® Graphics,Windows 11 Home,"Microsoft Office Home 2024
Microsoft 365 Basic","27.0""",FHD (1920 x 1080) 16:9,300nits,DDR5 8GB,512GB M.2 NVMe™ PCIe® 4.0 SSD,"Side:
1x Kensington lock
1x 3.5mm combo audio jack
1x USB 2.0 Type-A

Back:
1x DC-in
1x RJ45 Gigabit Ethernet
1x HDMI in 1.4
1x HDMI out 1.4
1x USB 3.2 Gen 1 Type-C
3x USB 3.2 Gen 1 Type-A",09.00 kg,61.3 x 44.7 x 1.7 ~ 21.0 cm,2x DDR5 SO-DIMM slot,"Wireless sandstone white keyboard
Wireless optical mouse",No Battery,"ø4.5, 120W AC Adapter","BIOS Booting User Password Protection
HDD User Password Protection and Security
Kensington Security Slot™(7x 3mm)"
90PT03W7-M03B10,P470VAK-W7152WS,ASUS ExpertCenter P400,Trusted by IT Experts. Built for Worry-Free Business.,"- Business-Class Performance in a Sleek Design with 93% Screen-to-Body Ratio and 100Hz Responsive Touchscreen
- Optimized for Hybrid Work with AI ExpertMeet and Immersive Dolby Audio
- Enterprise-Grade Security and Reliability with TPM 2.0, Retractable Camera, and 2-Year Full Warranty with Accidental Damage Protection",0,90PT03W7-M03B10,#VALUE!,#VALUE!,N/A,,,"27.0""",FHD (1920 x 1080) 16:9,300nits,Intel® Graphics,,"Side:
Built-in array microphone
Built-in speakers

Back:
Windows 11 Home - ASUS recommends Windows 11 Pro for business
* Windows 11 Home is available only as the Single Language edition. Learn more about Windows 11 Home Single language: https://support.microsoft.com/article/eaf060a6-3642-4612-6b75-b34e57a08abf",#N/A,#N/A,16GB DDR5 SO-DIMM,,No Battery,Not Found,"ø4.5, 120W AC Adapter, Output: 20V DC, 6.0A, 120W, Input: 100~240V AC 50/60Hz universal"
90PT03W7-M03B50,P470VAT-W7152WS,ASUS ExpertCenter P400,Trusted by IT Experts. Built for Worry-Free Business.,"- Business-Class Performance in a Sleek All-in-One : designed for business tasks with a slim profile and high screen-to-body ratio for immersive viewing.
- Designed for Hybrid Work Productivity : Optimized for Hybrid Modern WorkFlow with ASUS AI ExpertMeet and Immersive Dolby Audio for clearer communication and collaboration
- Enterprise-Grade Security and Reliability : Advanced security with TPM 2.0, retractable privacy camera, and complete peace of mind with a 2-year full warranty plus Accidental Damage Protection.",0,90PT03W7-M03B50,ASUS ExpertCenter P400 (Core 7 240H/16GB/512GB/Win 11 Home/P470VAT),Intel® Core™ 7 240H 2.5 GHz,Intel® Graphics,Windows 11 Home,"Microsoft Office Home 2024
Microsoft 365 Basic","27.0""",FHD (1920 x 1080) 16:9,300nits,DDR5 16GB,512GB M.2 NVMe™ PCIe® 4.0 SSD,"Side:
1x Kensington lock
1x 3.5mm combo audio jack
1x USB 2.0 Type-A

Back:
1x DC-in
1x RJ45 Gigabit Ethernet
1x HDMI in 1.4
1x HDMI out 1.4
1x USB 3.2 Gen 1 Type-C
3x USB 3.2 Gen 1 Type-A",09.00 kg,61.3 x 44.7 x 1.7 ~ 21.0 cm,2x DDR5 SO-DIMM slot,"Wireless sandstone white keyboard
Wireless optical mouse",No Battery,"ø4.5, 120W AC Adapter","BIOS Booting User Password Protection
HDD User Password Protection and Security
Kensington Security Slot™(7x 3mm)"
90PT03W7-M03NH0,P470VAK-W5852WS,ASUS ExpertCenter P400,Trusted by IT Experts. Built for Worry-Free Business.,"- Business-Class Performance in a Sleek Design with 93% Screen-to-Body Ratio and 100Hz Responsive Touchscreen
- Optimized for Hybrid Work with AI ExpertMeet and Immersive Dolby Audio
- Enterprise-Grade Security and Reliability with TPM 2.0, Retractable Camera, and 2-Year Full Warranty with Accidental Damage Protection",0,90PT03W7-M03NH0,#VALUE!,#VALUE!,N/A,,,"27.0""",FHD (1920 x 1080) 16:9,300nits,Intel® Graphics,,"Side:
Built-in array microphone
Built-in speakers

Back:
Windows 11 Home - ASUS recommends Windows 11 Pro for business
* Windows 11 Home is available only as the Single Language edition. Learn more about Windows 11 Home Single language: https://support.microsoft.com/article/eaf060a6-3642-4612-6b75-b34e57a08abf",#N/A,#N/A,8GB DDR5 SO-DIMM,,No Battery,Not Found,"ø4.5, 120W AC Adapter, Output: 20V DC, 6.0A, 120W, Input: 100~240V AC 50/60Hz universal"
90PT03W8-M023N0,P470VAT-W7110WSH,ASUS ExpertCenter P400,Trusted by IT Experts. Built for Worry-Free Business.,"- Business-Class Performance in a Sleek All-in-One : designed for business tasks with a slim profile and high screen-to-body ratio for immersive viewing.
- Designed for Hybrid Work Productivity : Optimized for Hybrid Modern WorkFlow with ASUS AI ExpertMeet and Immersive Dolby Audio for clearer communication and collaboration
- Enterprise-Grade Security and Reliability : Advanced security with TPM 2.0, retractable privacy camera, and complete peace of mind with a 2-year full warranty plus Accidental Damage Protection.",0,90PT03W8-M023N0,ASUS ExpertCenter P400 (i7-13620H/16GB/1TB/Win 11 Home/P470VAT),Intel® Core™ i7-13620H 2.4 GHz,Intel® UHD Graphics,Windows 11 Home,"Microsoft Office Home 2024
Microsoft 365 Basic","27.0""",FHD (1920 x 1080) 16:9,300nits,DDR5 16GB,1TB M.2 NVMe™ PCIe® 4.0 SSD,"Side:
1x Kensington lock
1x 3.5mm combo audio jack
1x USB 2.0 Type-A

Back:
1x DC-in
1x RJ45 Gigabit Ethernet
1x HDMI in 1.4
1x HDMI out 1.4
1x USB 3.2 Gen 1 Type-C
3x USB 3.2 Gen 1 Type-A",09.00 kg,61.3 x 44.7 x 1.7 ~ 21.0 cm,2x DDR5 SO-DIMM slot,"Wireless sandstone white keyboard
Wireless optical mouse",No Battery,"ø4.5, 120W AC Adapter","BIOS Booting User Password Protection
HDD User Password Protection and Security
Kensington Security Slot™(7x 3mm)"
90PT03W8-M03DN0,P470VAT-W7112WSH,ASUS ExpertCenter P400,Trusted by IT Experts. Built for Worry-Free Business.,"- Business-Class Performance in a Sleek All-in-One : designed for business tasks with a slim profile and high screen-to-body ratio for immersive viewing.
- Designed for Hybrid Work Productivity : Optimized for Hybrid Modern WorkFlow with ASUS AI ExpertMeet and Immersive Dolby Audio for clearer communication and collaboration
- Enterprise-Grade Security and Reliability : Advanced security with TPM 2.0, retractable privacy camera, and complete peace of mind with a 2-year full warranty plus Accidental Damage Protection.",0,90PT03W8-M03DN0,ASUS ExpertCenter P400 (Core 7 240H/16GB/1TB/Win 11 Home/P470VAT),Intel® Core™ 7 240H 2.5 GHz,Intel® Graphics,Windows 11 Home,"Microsoft Office Home 2024
Microsoft 365 Basic","27.0""",FHD (1920 x 1080) 16:9,300nits,DDR5 16GB,1TB M.2 NVMe™ PCIe® 4.0 SSD,"Side:
1x Kensington lock
1x 3.5mm combo audio jack
1x USB 2.0 Type-A

Back:
1x DC-in
1x RJ45 Gigabit Ethernet
1x HDMI in 1.4
1x HDMI out 1.4
1x USB 3.2 Gen 1 Type-C
3x USB 3.2 Gen 1 Type-A",09.00 kg,61.3 x 44.7 x 1.7 ~ 21.0 cm,2x DDR5 SO-DIMM slot,"Wireless sandstone white keyboard
Wireless optical mouse",No Battery,"ø4.5, 120W AC Adapter","BIOS Booting User Password Protection
HDD User Password Protection and Security
Kensington Security Slot™(7x 3mm)"
90PT03X5-M00PT0,P440VAK-B3820W,ASUS ExpertCenter P400,Trusted by IT Experts. Built for Worry-Free Business.,"- Business-Class Performance in a Sleek Design with 93% Screen-to-Body Ratio and 100Hz Responsive Touchscreen
- Optimized for Hybrid Work with AI ExpertMeet and Immersive Dolby Audio
- Enterprise-Grade Security and Reliability with TPM 2.0, Retractable Camera, and 2-Year Full Warranty with Accidental Damage Protection",https://drive.google.com/drive/folders/10xdgtOv0R7bSoWtrRvzKjkLQLG3yJp-u?usp=drive_link,90PT03X5-M00PT0,ASUS ExpertCenter P400 (i3-1315U/8GB/256GB/Win 11 Home/P440VAK),Intel® Core™ i3-1315U 1.2 GHz,Intel® Graphics,Windows 11 Home,1-month trial for new Microsoft 365 customers. Credit card required.,"23.8""",FHD (1920 x 1080) 16:9,250nits,DDR5 8GB,256GB M.2 NVMe™ PCIe® 4.0 SSD,"Side:
1x Kensington lock
1x 3.5mm combo audio jack
1x USB 2.0 Type-A

Back:
1x DC-in
1x RJ45 Gigabit Ethernet
1x HDMI out 1.4
1x USB 3.2 Gen 1 Type-C
3x USB 3.2 Gen 1 Type-A",06.90 kg,54.1 x 41.6 x 1.7 ~ 21.0 cm,2x DDR5 SO-DIMM slot,"Wired black keyboard (USB)
Wired optical mouse (USB)",No Battery,"ø4.5, 90W AC Adapter","BIOS Booting User Password Protection
HDD User Password Protection and Security
Kensington Security Slot™(7x 3mm)"
90PT03X5-M01380,P440VAK-B3850W,ASUS ExpertCenter P400,Trusted by IT Experts. Built for Worry-Free Business.,"- Business-Class Performance in a Sleek Design with 93% Screen-to-Body Ratio and 100Hz Responsive Touchscreen
- Optimized for Hybrid Work with AI ExpertMeet and Immersive Dolby Audio
- Enterprise-Grade Security and Reliability with TPM 2.0, Retractable Camera, and 2-Year Full Warranty with Accidental Damage Protection",https://drive.google.com/drive/folders/1BYBp7cwSevZJbrAM9yVaCn0-RP8wxtt5?usp=drive_link,90PT03X5-M01380,ASUS ExpertCenter P400 (i3-1315U/8GB/512GB/Win 11 Home/P440VAK),Intel® Core™ i3-1315U 1.2 GHz,Intel® Graphics,Windows 11 Home,1-month trial for new Microsoft 365 customers. Credit card required.,"23.8""",FHD (1920 x 1080) 16:9,250nits,DDR5 8GB,512GB M.2 NVMe™ PCIe® 4.0 SSD,"Side:
1x Kensington lock
1x 3.5mm combo audio jack
1x USB 2.0 Type-A

Back:
1x DC-in
1x RJ45 Gigabit Ethernet
1x HDMI out 1.4
1x USB 3.2 Gen 1 Type-C
3x USB 3.2 Gen 1 Type-A",06.90 kg,54.1 x 41.6 x 1.7 ~ 21.0 cm,2x DDR5 SO-DIMM slot,"Wired black keyboard (USB)
Wired optical mouse (USB)",No Battery,"ø4.5, 90W AC Adapter","BIOS Booting User Password Protection
HDD User Password Protection and Security
Kensington Security Slot™(7x 3mm)"
90PT03X5-M01390,P440VAK-B3850WS,ASUS ExpertCenter P400,Trusted by IT Experts. Built for Worry-Free Business.,"- Business-Class Performance in a Sleek Design with 93% Screen-to-Body Ratio and 100Hz Responsive Touchscreen
- Optimized for Hybrid Work with AI ExpertMeet and Immersive Dolby Audio
- Enterprise-Grade Security and Reliability with TPM 2.0, Retractable Camera, and 2-Year Full Warranty with Accidental Damage Protection",https://drive.google.com/drive/folders/1UWtVSqNA3WLpBdSbrf0UatcpdnjHKzpG?usp=drive_link,90PT03X5-M01390,ASUS ExpertCenter P400 (i3-1315U/8GB/512GB/Win 11 Home/P440VAK),Intel® Core™ i3-1315U 1.2 GHz,Intel® Graphics,Windows 11 Home,"Microsoft Office Home 2024
Microsoft 365 Basic","23.8""",FHD (1920 x 1080) 16:9,250nits,DDR5 8GB,512GB M.2 NVMe™ PCIe® 4.0 SSD,"Side:
1x Kensington lock
1x 3.5mm combo audio jack
1x USB 2.0 Type-A

Back:
1x DC-in
1x RJ45 Gigabit Ethernet
1x HDMI out 1.4
1x USB 3.2 Gen 1 Type-C
3x USB 3.2 Gen 1 Type-A",06.90 kg,54.1 x 41.6 x 1.7 ~ 21.0 cm,2x DDR5 SO-DIMM slot,"Wired black keyboard (USB)
Wired optical mouse (USB)",No Battery,"ø4.5, 90W AC Adapter","BIOS Booting User Password Protection
HDD User Password Protection and Security
Kensington Security Slot™(7x 3mm)"
90PT03X5-M013A0,P440VAK-B5850WS,ASUS ExpertCenter P400,Trusted by IT Experts. Built for Worry-Free Business.,"- Business-Class Performance in a Sleek Design with 93% Screen-to-Body Ratio and 100Hz Responsive Touchscreen
- Optimized for Hybrid Work with AI ExpertMeet and Immersive Dolby Audio
- Enterprise-Grade Security and Reliability with TPM 2.0, Retractable Camera, and 2-Year Full Warranty with Accidental Damage Protection",https://drive.google.com/drive/folders/1IT3gH_MF_MbDcIGGZQd-i9xeXwR9-2cj?usp=drive_link,90PT03X5-M013A0,ASUS ExpertCenter P400 (i5-13420H/8GB/512GB/Win 11 Home/P440VAK),Intel® Core™ i5-13420H 2.1 GHz,Intel® UHD Graphics,Windows 11 Home,"Microsoft Office Home 2024
Microsoft 365 Basic","23.8""",FHD (1920 x 1080) 16:9,250nits,DDR5 8GB,512GB M.2 NVMe™ PCIe® 4.0 SSD,"Side:
1x Kensington lock
1x 3.5mm combo audio jack
1x USB 2.0 Type-A

Back:
1x DC-in
1x RJ45 Gigabit Ethernet
1x HDMI in 1.4
1x HDMI out 1.4
1x USB 3.2 Gen 1 Type-C
3x USB 3.2 Gen 1 Type-A",06.90 kg,54.1 x 41.6 x 1.7 ~ 21.0 cm,2x DDR5 SO-DIMM slot,"Wired black keyboard (USB)
Wired optical mouse (USB)",No Battery,"ø4.5, 120W AC Adapter","BIOS Booting User Password Protection
HDD User Password Protection and Security
Kensington Security Slot™(7x 3mm)"
90PT03X5-M013B0,P440VAK-B5150WS,ASUS ExpertCenter P400,Trusted by IT Experts. Built for Worry-Free Business.,"- Business-Class Performance in a Sleek Design with 93% Screen-to-Body Ratio and 100Hz Responsive Touchscreen
- Optimized for Hybrid Work with AI ExpertMeet and Immersive Dolby Audio
- Enterprise-Grade Security and Reliability with TPM 2.0, Retractable Camera, and 2-Year Full Warranty with Accidental Damage Protection",https://drive.google.com/drive/folders/1zCAw9ldJMBVNot4g29o7hNP8Ep3Nc46X?usp=drive_link,90PT03X5-M013B0,ASUS ExpertCenter P400 (i5-13420H/16GB/512GB/Win 11 Home/P440VAK),Intel® Core™ i5-13420H 2.1 GHz,Intel® UHD Graphics,Windows 11 Home,"Microsoft Office Home 2024
Microsoft 365 Basic","23.8""",FHD (1920 x 1080) 16:9,250nits,DDR5 16GB,512GB M.2 NVMe™ PCIe® 4.0 SSD,"Side:
1x Kensington lock
1x 3.5mm combo audio jack
1x USB 2.0 Type-A

Back:
1x DC-in
1x RJ45 Gigabit Ethernet
1x HDMI in 1.4
1x HDMI out 1.4
1x USB 3.2 Gen 1 Type-C
3x USB 3.2 Gen 1 Type-A",06.90 kg,54.1 x 41.6 x 1.7 ~ 21.0 cm,2x DDR5 SO-DIMM slot,"Wired black keyboard (USB)
Wired optical mouse (USB)",No Battery,"ø4.5, 120W AC Adapter","BIOS Booting User Password Protection
HDD User Password Protection and Security
Kensington Security Slot™(7x 3mm)"
90PT03X5-M013C0,P440VAK-B7150WS,ASUS ExpertCenter P400,Trusted by IT Experts. Built for Worry-Free Business.,"- Business-Class Performance in a Sleek Design with 93% Screen-to-Body Ratio and 100Hz Responsive Touchscreen
- Optimized for Hybrid Work with AI ExpertMeet and Immersive Dolby Audio
- Enterprise-Grade Security and Reliability with TPM 2.0, Retractable Camera, and 2-Year Full Warranty with Accidental Damage Protection",https://drive.google.com/drive/folders/1wLZMc99DVhbR2wG6o9aY38qrxo2KXSXB?usp=drive_link,90PT03X5-M013C0,ASUS ExpertCenter P400 (i7-13620H/16GB/512GB/Win 11 Home/P440VAK),Intel® Core™ i7-13620H 2.4 GHz,Intel® UHD Graphics,Windows 11 Home,"Microsoft Office Home 2024
Microsoft 365 Basic","23.8""",FHD (1920 x 1080) 16:9,250nits,DDR5 16GB,512GB M.2 NVMe™ PCIe® 4.0 SSD,"Side:
1x Kensington lock
1x 3.5mm combo audio jack
1x USB 2.0 Type-A

Back:
1x DC-in
1x RJ45 Gigabit Ethernet
1x HDMI in 1.4
1x HDMI out 1.4
1x USB 3.2 Gen 1 Type-C
3x USB 3.2 Gen 1 Type-A",06.90 kg,54.1 x 41.6 x 1.7 ~ 21.0 cm,2x DDR5 SO-DIMM slot,"Wired black keyboard (USB)
Wired optical mouse (USB)",No Battery,"ø4.5, 120W AC Adapter","BIOS Booting User Password Protection
HDD User Password Protection and Security
Kensington Security Slot™(7x 3mm)"
90PT03X5-M013D0,P440VAK-B7850WS,ASUS ExpertCenter P400,Trusted by IT Experts. Built for Worry-Free Business.,"- Business-Class Performance in a Sleek Design with 93% Screen-to-Body Ratio and 100Hz Responsive Touchscreen
- Optimized for Hybrid Work with AI ExpertMeet and Immersive Dolby Audio
- Enterprise-Grade Security and Reliability with TPM 2.0, Retractable Camera, and 2-Year Full Warranty with Accidental Damage Protection",https://drive.google.com/drive/folders/1T6Cq2vTLprQ8W8i_XmZQmKH8XinuYBKy?usp=drive_link,90PT03X5-M013D0,ASUS ExpertCenter P400 (i7-13620H/8GB/512GB/Win 11 Home/P440VAK),Intel® Core™ i7-13620H 2.4 GHz,Intel® UHD Graphics,Windows 11 Home,"Microsoft Office Home 2024
Microsoft 365 Basic","23.8""",FHD (1920 x 1080) 16:9,250nits,DDR5 8GB,512GB M.2 NVMe™ PCIe® 4.0 SSD,"Side:
1x Kensington lock
1x 3.5mm combo audio jack
1x USB 2.0 Type-A

Back:
1x DC-in
1x RJ45 Gigabit Ethernet
1x HDMI in 1.4
1x HDMI out 1.4
1x USB 3.2 Gen 1 Type-C
3x USB 3.2 Gen 1 Type-A",06.90 kg,54.1 x 41.6 x 1.7 ~ 21.0 cm,2x DDR5 SO-DIMM slot,"Wired black keyboard (USB)
Wired optical mouse (USB)",No Battery,"ø4.5, 120W AC Adapter","BIOS Booting User Password Protection
HDD User Password Protection and Security
Kensington Security Slot™(7x 3mm)"
90PT03X5-M013E0,P440VAT-B5850WS,ASUS ExpertCenter P400,Trusted by IT Experts. Built for Worry-Free Business.,"- Business-Class Performance in a Sleek Design with 93% Screen-to-Body Ratio and 75Hz Responsive Touchscreen
- Optimized for Hybrid Work with AI ExpertMeet and Immersive Dolby Audio
- Enterprise-Grade Security and Reliability with TPM 2.0, Retractable Camera, and 2-Year Full Warranty with Accidental Damage Protection",https://drive.google.com/drive/folders/1WaGn6m1XbL_RP5TK8YljlP0o7gCXDrTK?usp=drive_link,90PT03X5-M013E0,ASUS ExpertCenter P400 (i5-13420H/8GB/512GB/Win 11 Home/P440VAT),Intel® Core™ i5-13420H 2.1 GHz,Intel® UHD Graphics,Windows 11 Home,"Microsoft Office Home 2024
Microsoft 365 Basic","23.8""",FHD (1920 x 1080) 16:9,250nits,DDR5 8GB,512GB M.2 NVMe™ PCIe® 4.0 SSD,"Side:
1x Kensington lock
1x 3.5mm combo audio jack
1x USB 2.0 Type-A

Back:
1x DC-in
1x RJ45 Gigabit Ethernet
1x HDMI in 1.4
1x HDMI out 1.4
1x USB 3.2 Gen 1 Type-C
3x USB 3.2 Gen 1 Type-A",06.90 kg,54.1 x 41.6 x 1.7 ~ 21.0 cm,2x DDR5 SO-DIMM slot,"Wired black keyboard (USB)
Wired optical mouse (USB)",No Battery,"ø4.5, 120W AC Adapter","BIOS Booting User Password Protection
HDD User Password Protection and Security
Kensington Security Slot™(7x 3mm)"
90PT03X5-M013F0,P440VAT-B7150WS,ASUS ExpertCenter P400,Trusted by IT Experts. Built for Worry-Free Business.,"- Business-Class Performance in a Sleek Design with 93% Screen-to-Body Ratio and 75Hz Responsive Touchscreen
- Optimized for Hybrid Work with AI ExpertMeet and Immersive Dolby Audio
- Enterprise-Grade Security and Reliability with TPM 2.0, Retractable Camera, and 2-Year Full Warranty with Accidental Damage Protection",https://drive.google.com/drive/folders/1tx_iFxLJmKP77gtsv4tCHPzySPRpiygS?usp=drive_link,90PT03X5-M013F0,ASUS ExpertCenter P400 (i7-13620H/16GB/512GB/Win 11 Home/P440VAT),Intel® Core™ i7-13620H 2.4 GHz,Intel® UHD Graphics,Windows 11 Home,"Microsoft Office Home 2024
Microsoft 365 Basic","23.8""",FHD (1920 x 1080) 16:9,250nits,DDR5 16GB,512GB M.2 NVMe™ PCIe® 4.0 SSD,"Side:
1x Kensington lock
1x 3.5mm combo audio jack
1x USB 2.0 Type-A

Back:
1x DC-in
1x RJ45 Gigabit Ethernet
1x HDMI in 1.4
1x HDMI out 1.4
1x USB 3.2 Gen 1 Type-C
3x USB 3.2 Gen 1 Type-A",06.90 kg,54.1 x 41.6 x 1.7 ~ 21.0 cm,2x DDR5 SO-DIMM slot,"Wired black keyboard (USB)
Wired optical mouse (USB)",No Battery,"ø4.5, 120W AC Adapter","BIOS Booting User Password Protection
HDD User Password Protection and Security
Kensington Security Slot™(7x 3mm)"
90PT03X5-M015N0,P440VAT-B5150WS,ASUS ExpertCenter P400,Trusted by IT Experts. Built for Worry-Free Business.,"- Business-Class Performance in a Sleek Design with 93% Screen-to-Body Ratio and 75Hz Responsive Touchscreen
- Optimized for Hybrid Work with AI ExpertMeet and Immersive Dolby Audio
- Enterprise-Grade Security and Reliability with TPM 2.0, Retractable Camera, and 2-Year Full Warranty with Accidental Damage Protection",https://drive.google.com/drive/folders/1MgBxNhWrVR0wBTY9L6D0wyIo0JuTiTnS?usp=drive_link,90PT03X5-M015N0,ASUS ExpertCenter P400 (i5-13420H/16GB/512GB/Win 11 Home/P440VAT),Intel® Core™ i5-13420H 2.1 GHz,Intel® UHD Graphics,Windows 11 Home,"Microsoft Office Home 2024
Microsoft 365 Basic","23.8""",FHD (1920 x 1080) 16:9,250nits,DDR5 16GB,512GB M.2 NVMe™ PCIe® 4.0 SSD,"Side:
1x Kensington lock
1x 3.5mm combo audio jack
1x USB 2.0 Type-A

Back:
1x DC-in
1x RJ45 Gigabit Ethernet
1x HDMI in 1.4
1x HDMI out 1.4
1x USB 3.2 Gen 1 Type-C
3x USB 3.2 Gen 1 Type-A",06.90 kg,54.1 x 41.6 x 1.7 ~ 21.0 cm,2x DDR5 SO-DIMM slot,"Wired black keyboard (USB)
Wired optical mouse (USB)",No Battery,"ø4.5, 120W AC Adapter","BIOS Booting User Password Protection
HDD User Password Protection and Security
Kensington Security Slot™(7x 3mm)"
90PT03X5-M01L20,P440VAT-B7850WS,ASUS ExpertCenter P400,Trusted by IT Experts. Built for Worry-Free Business.,"- Business-Class Performance in a Sleek Design with 93% Screen-to-Body Ratio and 75Hz Responsive Touchscreen
- Optimized for Hybrid Work with AI ExpertMeet and Immersive Dolby Audio
- Enterprise-Grade Security and Reliability with TPM 2.0, Retractable Camera, and 2-Year Full Warranty with Accidental Damage Protection",https://drive.google.com/drive/folders/1fsQ9eVDGY7nfo0TOnZNT5KQXadoLTvzP?usp=drive_link,90PT03X5-M01L20,ASUS ExpertCenter P400 (i7-13620H/8GB/512GB/Win 11 Home/P440VAT),Intel® Core™ i7-13620H 2.4 GHz,Intel® UHD Graphics,Windows 11 Home,"Microsoft Office Home 2024
Microsoft 365 Basic","23.8""",FHD (1920 x 1080) 16:9,250nits,DDR5 8GB,512GB M.2 NVMe™ PCIe® 4.0 SSD,"Side:
1x Kensington lock
1x 3.5mm combo audio jack
1x USB 2.0 Type-A

Back:
1x DC-in
1x RJ45 Gigabit Ethernet
1x HDMI in 1.4
1x HDMI out 1.4
1x USB 3.2 Gen 1 Type-C
3x USB 3.2 Gen 1 Type-A",06.90 kg,54.1 x 41.6 x 1.7 ~ 21.0 cm,2x DDR5 SO-DIMM slot,"Wired black keyboard (USB)
Wired optical mouse (USB)",No Battery,"ø4.5, 120W AC Adapter","BIOS Booting User Password Protection
HDD User Password Protection and Security
Kensington Security Slot™(7x 3mm)"
90PT03X5-M025P0,P440VAT-B7110WS,ASUS ExpertCenter P400,Trusted by IT Experts. Built for Worry-Free Business.,"- Business-Class Performance in a Sleek Design with 93% Screen-to-Body Ratio and 75Hz Responsive Touchscreen
- Optimized for Hybrid Work with AI ExpertMeet and Immersive Dolby Audio
- Enterprise-Grade Security and Reliability with TPM 2.0, Retractable Camera, and 2-Year Full Warranty with Accidental Damage Protection",https://drive.google.com/drive/folders/10Ij8Usf7C8nbGKex3dsfwZ5mJSX0Zi13?usp=drive_link,90PT03X5-M025P0,ASUS ExpertCenter P400 (i7-13620H/16GB/1TB/Win 11 Home/P440VAT),Intel® Core™ i7-13620H 2.4 GHz,Intel® UHD Graphics,Windows 11 Home,"Microsoft Office Home 2024
Microsoft 365 Basic","23.8""",FHD (1920 x 1080) 16:9,250nits,DDR5 16GB,1TB M.2 NVMe™ PCIe® 4.0 SSD,"Side:
1x Kensington lock
1x 3.5mm combo audio jack
1x USB 2.0 Type-A

Back:
1x DC-in
1x RJ45 Gigabit Ethernet
1x HDMI in 1.4
1x HDMI out 1.4
1x USB 3.2 Gen 1 Type-C
3x USB 3.2 Gen 1 Type-A",06.90 kg,54.1 x 41.6 x 1.7 ~ 21.0 cm,2x DDR5 SO-DIMM slot,"Wired black keyboard (USB)
Wired optical mouse (USB)",No Battery,"ø4.5, 120W AC Adapter","BIOS Booting User Password Protection
HDD User Password Protection and Security
Kensington Security Slot™(7x 3mm)"
90PT03X5-M025S0,P440VAK-B7110WS,ASUS ExpertCenter P400,Trusted by IT Experts. Built for Worry-Free Business.,"- Business-Class Performance in a Sleek Design with 93% Screen-to-Body Ratio and 100Hz Responsive Touchscreen
- Optimized for Hybrid Work with AI ExpertMeet and Immersive Dolby Audio
- Enterprise-Grade Security and Reliability with TPM 2.0, Retractable Camera, and 2-Year Full Warranty with Accidental Damage Protection",https://drive.google.com/drive/folders/1vc4gZ-gCKWlPwPImykQE9YVgHOMAhoPc?usp=drive_link,90PT03X5-M025S0,ASUS ExpertCenter P400 (i7-13620H/16GB/1TB/Win 11 Home/P440VAK),Intel® Core™ i7-13620H 2.4 GHz,Intel® UHD Graphics,Windows 11 Home,"Microsoft Office Home 2024
Microsoft 365 Basic","23.8""",FHD (1920 x 1080) 16:9,250nits,DDR5 16GB,1TB M.2 NVMe™ PCIe® 4.0 SSD,"Side:
1x Kensington lock
1x 3.5mm combo audio jack
1x USB 2.0 Type-A

Back:
1x DC-in
1x RJ45 Gigabit Ethernet
1x HDMI in 1.4
1x HDMI out 1.4
1x USB 3.2 Gen 1 Type-C
3x USB 3.2 Gen 1 Type-A",06.90 kg,54.1 x 41.6 x 1.7 ~ 21.0 cm,2x DDR5 SO-DIMM slot,"Wired black keyboard (USB)
Wired optical mouse (USB)",No Battery,"ø4.5, 120W AC Adapter","BIOS Booting User Password Protection
HDD User Password Protection and Security
Kensington Security Slot™(7x 3mm)"
90PT03X5-M03BF0,P440VAK-B3821W,ASUS ExpertCenter P400,Trusted by IT Experts. Built for Worry-Free Business.,"- Business-Class Performance in a Sleek All-in-One : designed for business tasks with a slim profile and high screen-to-body ratio for immersive viewing.
- Designed for Hybrid Work Productivity : Optimized for Hybrid Modern WorkFlow with ASUS AI ExpertMeet and Immersive Dolby Audio for clearer communication and collaboration
- Enterprise-Grade Security and Reliability : Advanced security with TPM 2.0, retractable privacy camera, and complete peace of mind with a 2-year full warranty plus Accidental Damage Protection.",0,90PT03X5-M03BF0,ASUS ExpertCenter P400 (i3-1315U/8GB/256GB/Win 11 Home/P440VAK),Intel® Core™ i3-1315U 1.2 GHz,Intel® Graphics,Windows 11 Home,1-month trial for new Microsoft 365 customers. Credit card required.,"23.8""",FHD (1920 x 1080) 16:9,250nits,DDR5 8GB,256GB M.2 NVMe™ PCIe® 4.0 SSD,"Side:
1x Kensington lock
1x 3.5mm combo audio jack
1x USB 2.0 Type-A

Back:
1x DC-in
1x RJ45 Gigabit Ethernet
1x HDMI out 1.4
1x USB 3.2 Gen 1 Type-C
3x USB 3.2 Gen 1 Type-A",06.90 kg,54.1 x 41.6 x 1.7 ~ 21.0 cm,2x DDR5 SO-DIMM slot,"Wireless black keyboard
Wireless optical mouse",No Battery,"ø4.5, 90W AC Adapter","BIOS Booting User Password Protection
HDD User Password Protection and Security
Kensington Security Slot™(7x 3mm)"
90PT03X5-M03KE0,P440VAK-B5851WS,ASUS ExpertCenter P400,Trusted by IT Experts. Built for Worry-Free Business.,"- Business-Class Performance in a Sleek Design with 93% Screen-to-Body Ratio and 100Hz Responsive Touchscreen
- Optimized for Hybrid Work with AI ExpertMeet and Immersive Dolby Audio
- Enterprise-Grade Security and Reliability with TPM 2.0, Retractable Camera, and 2-Year Full Warranty with Accidental Damage Protection",0,90PT03X5-M03KE0,ASUS ExpertCenter P400 (i5-13420H/8GB/512GB/Win 11 Home/P440VAK),Intel® Core™ i5-13420H 2.1 GHz,Intel® UHD Graphics,Windows 11 Home,"Microsoft Office Home 2024
Microsoft 365 Basic","23.8""",FHD (1920 x 1080) 16:9,250nits,DDR5 8GB,512GB M.2 NVMe™ PCIe® 4.0 SSD,"Side:
1x Kensington lock
1x 3.5mm combo audio jack
1x USB 2.0 Type-A

Back:
1x DC-in
1x RJ45 Gigabit Ethernet
1x HDMI in 1.4
1x HDMI out 1.4
1x USB 3.2 Gen 1 Type-C
3x USB 3.2 Gen 1 Type-A",06.90 kg,54.1 x 41.6 x 1.7 ~ 21.0 cm,2x DDR5 SO-DIMM slot,"Wireless black keyboard
Wireless optical mouse",No Battery,"ø4.5, 120W AC Adapter","BIOS Booting User Password Protection
HDD User Password Protection and Security
Kensington Security Slot™(7x 3mm)"
90PT03X5-M03KF0,P440VAK-B5151WS,ASUS ExpertCenter P400,Trusted by IT Experts. Built for Worry-Free Business.,"- Business-Class Performance in a Sleek Design with 93% Screen-to-Body Ratio and 100Hz Responsive Touchscreen
- Optimized for Hybrid Work with AI ExpertMeet and Immersive Dolby Audio
- Enterprise-Grade Security and Reliability with TPM 2.0, Retractable Camera, and 2-Year Full Warranty with Accidental Damage Protection",0,90PT03X5-M03KF0,ASUS ExpertCenter P400 (i5-13420H/16GB/512GB/Win 11 Home/P440VAK),Intel® Core™ i5-13420H 2.1 GHz,Intel® UHD Graphics,Windows 11 Home,"Microsoft Office Home 2024
Microsoft 365 Basic","23.8""",FHD (1920 x 1080) 16:9,250nits,DDR5 16GB,512GB M.2 NVMe™ PCIe® 4.0 SSD,"Side:
1x Kensington lock
1x 3.5mm combo audio jack
1x USB 2.0 Type-A

Back:
1x DC-in
1x RJ45 Gigabit Ethernet
1x HDMI in 1.4
1x HDMI out 1.4
1x USB 3.2 Gen 1 Type-C
3x USB 3.2 Gen 1 Type-A",06.90 kg,54.1 x 41.6 x 1.7 ~ 21.0 cm,2x DDR5 SO-DIMM slot,"Wireless black keyboard
Wireless optical mouse",No Battery,"ø4.5, 120W AC Adapter","BIOS Booting User Password Protection
HDD User Password Protection and Security
Kensington Security Slot™(7x 3mm)"
90PT03X5-M03KK0,P440VAK-B7851WS,ASUS ExpertCenter P400,Trusted by IT Experts. Built for Worry-Free Business.,"- Business-Class Performance in a Sleek Design with 93% Screen-to-Body Ratio and 100Hz Responsive Touchscreen
- Optimized for Hybrid Work with AI ExpertMeet and Immersive Dolby Audio
- Enterprise-Grade Security and Reliability with TPM 2.0, Retractable Camera, and 2-Year Full Warranty with Accidental Damage Protection",0,90PT03X5-M03KK0,ASUS ExpertCenter P400 (i7-13620H/8GB/512GB/Win 11 Home/P440VAK),Intel® Core™ i7-13620H 2.4 GHz,Intel® UHD Graphics,Windows 11 Home,"Microsoft Office Home 2024
Microsoft 365 Basic","23.8""",FHD (1920 x 1080) 16:9,250nits,DDR5 8GB,512GB M.2 NVMe™ PCIe® 4.0 SSD,"Side:
1x Kensington lock
1x 3.5mm combo audio jack
1x USB 2.0 Type-A

Back:
1x DC-in
1x RJ45 Gigabit Ethernet
1x HDMI in 1.4
1x HDMI out 1.4
1x USB 3.2 Gen 1 Type-C
3x USB 3.2 Gen 1 Type-A",06.90 kg,54.1 x 41.6 x 1.7 ~ 21.0 cm,2x DDR5 SO-DIMM slot,"Wireless black keyboard
Wireless optical mouse",No Battery,"ø4.5, 120W AC Adapter","BIOS Booting User Password Protection
HDD User Password Protection and Security
Kensington Security Slot™(7x 3mm)"
90PT03X5-M03KV0,P440VAT-B5151WS,ASUS ExpertCenter P400,Trusted by IT Experts. Built for Worry-Free Business.,"- Business-Class Performance in a Sleek Design with 93% Screen-to-Body Ratio and 100Hz Responsive Touchscreen
- Optimized for Hybrid Work with AI ExpertMeet and Immersive Dolby Audio
- Enterprise-Grade Security and Reliability with TPM 2.0, Retractable Camera, and 2-Year Full Warranty with Accidental Damage Protection",0,90PT03X5-M03KV0,ASUS ExpertCenter P400 (i5-13420H/16GB/512GB/Win 11 Home/P440VAT),Intel® Core™ i5-13420H 2.1 GHz,Intel® UHD Graphics,Windows 11 Home,"Microsoft Office Home 2024
Microsoft 365 Basic","23.8""",FHD (1920 x 1080) 16:9,250nits,DDR5 16GB,512GB M.2 NVMe™ PCIe® 4.0 SSD,"Side:
1x Kensington lock
1x 3.5mm combo audio jack
1x USB 2.0 Type-A

Back:
1x DC-in
1x RJ45 Gigabit Ethernet
1x HDMI in 1.4
1x HDMI out 1.4
1x USB 3.2 Gen 1 Type-C
3x USB 3.2 Gen 1 Type-A",06.90 kg,54.1 x 41.6 x 1.7 ~ 21.0 cm,2x DDR5 SO-DIMM slot,"Wireless black keyboard
Wireless optical mouse",No Battery,"ø4.5, 120W AC Adapter","BIOS Booting User Password Protection
HDD User Password Protection and Security
Kensington Security Slot™(7x 3mm)"
90PT03X5-M03L10,P440VAT-B7151WS,ASUS ExpertCenter P400,Trusted by IT Experts. Built for Worry-Free Business.,"- Business-Class Performance in a Sleek Design with 93% Screen-to-Body Ratio and 100Hz Responsive Touchscreen
- Optimized for Hybrid Work with AI ExpertMeet and Immersive Dolby Audio
- Enterprise-Grade Security and Reliability with TPM 2.0, Retractable Camera, and 2-Year Full Warranty with Accidental Damage Protection",0,90PT03X5-M03L10,ASUS ExpertCenter P400 (i7-13620H/16GB/512GB/Win 11 Home/P440VAT),Intel® Core™ i7-13620H 2.4 GHz,Intel® UHD Graphics,Windows 11 Home,"Microsoft Office Home 2024
Microsoft 365 Basic","23.8""",FHD (1920 x 1080) 16:9,250nits,DDR5 16GB,512GB M.2 NVMe™ PCIe® 4.0 SSD,"Side:
1x Kensington lock
1x 3.5mm combo audio jack
1x USB 2.0 Type-A

Back:
1x DC-in
1x RJ45 Gigabit Ethernet
1x HDMI in 1.4
1x HDMI out 1.4
1x USB 3.2 Gen 1 Type-C
3x USB 3.2 Gen 1 Type-A",06.90 kg,54.1 x 41.6 x 1.7 ~ 21.0 cm,2x DDR5 SO-DIMM slot,"Wireless black keyboard
Wireless optical mouse",No Battery,"ø4.5, 120W AC Adapter","BIOS Booting User Password Protection
HDD User Password Protection and Security
Kensington Security Slot™(7x 3mm)"
90PT03X5-M03LM0,P440VAK-B3851W,ASUS ExpertCenter P400,Trusted by IT Experts. Built for Worry-Free Business.,"- Business-Class Performance in a Sleek All-in-One : designed for business tasks with a slim profile and high screen-to-body ratio for immersive viewing.
- Designed for Hybrid Work Productivity : Optimized for Hybrid Modern WorkFlow with ASUS AI ExpertMeet and Immersive Dolby Audio for clearer communication and collaboration
- Enterprise-Grade Security and Reliability : Advanced security with TPM 2.0, retractable privacy camera, and complete peace of mind with a 2-year full warranty plus Accidental Damage Protection.",0,90PT03X5-M03LM0,ASUS ExpertCenter P400 (i3-1315U/8GB/512GB/Win 11 Home/P440VAK),Intel® Core™ i3-1315U 1.2 GHz,Intel® Graphics,Windows 11 Home,1-month trial for new Microsoft 365 customers. Credit card required.,"23.8""",FHD (1920 x 1080) 16:9,250nits,DDR5 8GB,512GB M.2 NVMe™ PCIe® 4.0 SSD,"Side:
1x Kensington lock
1x 3.5mm combo audio jack
1x USB 2.0 Type-A

Back:
1x DC-in
1x RJ45 Gigabit Ethernet
1x HDMI out 1.4
1x USB 3.2 Gen 1 Type-C
3x USB 3.2 Gen 1 Type-A",06.90 kg,54.1 x 41.6 x 1.7 ~ 21.0 cm,2x DDR5 SO-DIMM slot,"Wireless black keyboard
Wireless optical mouse",No Battery,"ø4.5, 90W AC Adapter","BIOS Booting User Password Protection
HDD User Password Protection and Security
Kensington Security Slot™(7x 3mm)"
90PT03X5-M03LN0,P440VAK-B3851WS,ASUS ExpertCenter P400,Trusted by IT Experts. Built for Worry-Free Business.,0,0,90PT03X5-M03LN0,ASUS ExpertCenter P400 (i3-1315U/8GB/512GB/Win 11 Home/P440VAK),Intel® Core™ i3-1315U 1.2 GHz,Intel® Graphics,Windows 11 Home,"Microsoft Office Home 2024
Microsoft 365 Basic","23.8""",FHD (1920 x 1080) 16:9,250nits,DDR5 8GB,512GB M.2 NVMe™ PCIe® 4.0 SSD,"Side:
1x Kensington lock
1x 3.5mm combo audio jack
1x USB 2.0 Type-A

Back:
1x DC-in
1x RJ45 Gigabit Ethernet
1x HDMI out 1.4
1x USB 3.2 Gen 1 Type-C
3x USB 3.2 Gen 1 Type-A",06.90 kg,54.1 x 41.6 x 1.7 ~ 21.0 cm,2x DDR5 SO-DIMM slot,"Wireless black keyboard
Wireless optical mouse",No Battery,"ø4.5, 90W AC Adapter","BIOS Booting User Password Protection
HDD User Password Protection and Security
Kensington Security Slot™(7x 3mm)"
90PT03X5-M07U60,P440VAK-B5852WS,ASUS ExpertCenter P400,Trusted by IT Experts. Built for Worry-Free Business.,"- Business-Class Performance in a Sleek All-in-One : designed for business tasks with a slim profile and high screen-to-body ratio for immersive viewing.
- Designed for Hybrid Work Productivity : Optimized for Hybrid Modern WorkFlow with ASUS AI ExpertMeet and Immersive Dolby Audio for clearer communication and collaboration
- Enterprise-Grade Security and Reliability : Advanced security with TPM 2.0, retractable privacy camera, and complete peace of mind with a 2-year full warranty plus Accidental Damage Protection.",0,90PT03X5-M07U60,ASUS ExpertCenter P400 (Core 5 210H/8GB/512GB/Win 11 Home/P440VAK),Intel® Core™ 5 210H 2.5 GHz,Intel® Graphics,Windows 11 Home,"Microsoft Office Home 2024
Microsoft 365 Basic","23.8""",FHD (1920 x 1080) 16:9,250nits,DDR5 8GB,512GB M.2 NVMe™ PCIe® 4.0 SSD,"Side:
1x Kensington lock
1x 3.5mm combo audio jack
1x USB 2.0 Type-A

Back:
1x DC-in
1x RJ45 Gigabit Ethernet
1x HDMI in 1.4
1x HDMI out 1.4
1x USB 3.2 Gen 1 Type-C
3x USB 3.2 Gen 1 Type-A",06.90 kg,54.1 x 41.6 x 1.7 ~ 21.0 cm,2x DDR5 SO-DIMM slot,"Wireless black keyboard
Wireless optical mouse",No Battery,"ø4.5, 120W AC Adapter","BIOS Booting User Password Protection
HDD User Password Protection and Security
Kensington Security Slot™(7x 3mm)"
90PT03X5-M07U70,P440VAK-B5152WS,ASUS ExpertCenter P400,Trusted by IT Experts. Built for Worry-Free Business.,"- Business-Class Performance in a Sleek All-in-One : designed for business tasks with a slim profile and high screen-to-body ratio for immersive viewing.
- Designed for Hybrid Work Productivity : Optimized for Hybrid Modern WorkFlow with ASUS AI ExpertMeet and Immersive Dolby Audio for clearer communication and collaboration
- Enterprise-Grade Security and Reliability : Advanced security with TPM 2.0, retractable privacy camera, and complete peace of mind with a 2-year full warranty plus Accidental Damage Protection.",0,90PT03X5-M07U70,ASUS ExpertCenter P400 (Core 5 210H/16GB/512GB/Win 11 Home/P440VAK),Intel® Core™ 5 210H 2.5 GHz,Intel® Graphics,Windows 11 Home,"Microsoft Office Home 2024
Microsoft 365 Basic","23.8""",FHD (1920 x 1080) 16:9,250nits,DDR5 16GB,512GB M.2 NVMe™ PCIe® 4.0 SSD,"Side:
1x Kensington lock
1x 3.5mm combo audio jack
1x USB 2.0 Type-A

Back:
1x DC-in
1x RJ45 Gigabit Ethernet
1x HDMI in 1.4
1x HDMI out 1.4
1x USB 3.2 Gen 1 Type-C
3x USB 3.2 Gen 1 Type-A",06.90 kg,54.1 x 41.6 x 1.7 ~ 21.0 cm,2x DDR5 SO-DIMM slot,"Wireless black keyboard
Wireless optical mouse",No Battery,"ø4.5, 120W AC Adapter","BIOS Booting User Password Protection
HDD User Password Protection and Security
Kensington Security Slot™(7x 3mm)"
90PT03X5-M07UA0,P440VAT-B5852WS,ASUS ExpertCenter P400,Trusted by IT Experts. Built for Worry-Free Business.,"- Business-Class Performance in a Sleek All-in-One : designed for business tasks with a slim profile and high screen-to-body ratio for immersive viewing.
- Designed for Hybrid Work Productivity : Optimized for Hybrid Modern WorkFlow with ASUS AI ExpertMeet and Immersive Dolby Audio for clearer communication and collaboration
- Enterprise-Grade Security and Reliability : Advanced security with TPM 2.0, retractable privacy camera, and complete peace of mind with a 2-year full warranty plus Accidental Damage Protection.",0,90PT03X5-M07UA0,ASUS ExpertCenter P400 (Core 5 210H/8GB/512GB/Win 11 Home/P440VAT),Intel® Core™ 5 210H 2.5 GHz,Intel® Graphics,Windows 11 Home,"Microsoft Office Home 2024
Microsoft 365 Basic","23.8""",FHD (1920 x 1080) 16:9,250nits,DDR5 8GB,512GB M.2 NVMe™ PCIe® 4.0 SSD,"Side:
1x Kensington lock
1x 3.5mm combo audio jack
1x USB 2.0 Type-A

Back:
1x DC-in
1x RJ45 Gigabit Ethernet
1x HDMI in 1.4
1x HDMI out 1.4
1x USB 3.2 Gen 1 Type-C
3x USB 3.2 Gen 1 Type-A",06.90 kg,54.1 x 41.6 x 1.7 ~ 21.0 cm,2x DDR5 SO-DIMM slot,"Wireless black keyboard
Wireless optical mouse",No Battery,"ø4.5, 120W AC Adapter","BIOS Booting User Password Protection
HDD User Password Protection and Security
Kensington Security Slot™(7x 3mm)"
90PT03X5-M08JZ0,P440VAK-B7852WS,ASUS ExpertCenter P400,Trusted by IT Experts. Built for Worry-Free Business.,"- Business-Class Performance in a Sleek All-in-One : designed for business tasks with a slim profile and high screen-to-body ratio for immersive viewing.
- Designed for Hybrid Work Productivity : Optimized for Hybrid Modern WorkFlow with ASUS AI ExpertMeet and Immersive Dolby Audio for clearer communication and collaboration
- Enterprise-Grade Security and Reliability : Advanced security with TPM 2.0, retractable privacy camera, and complete peace of mind with a 2-year full warranty plus Accidental Damage Protection.",0,90PT03X5-M08JZ0,ASUS ExpertCenter P400 (Core 7 240H/8GB/512GB/Win 11 Home/P440VAK),Intel® Core™ 7 240H 2.5 GHz,Intel® Graphics,Windows 11 Home,"Microsoft Office Home 2024
Microsoft 365 Basic","23.8""",FHD (1920 x 1080) 16:9,250nits,DDR5 8GB,512GB M.2 NVMe™ PCIe® 4.0 SSD,"Side:
1x Kensington lock
1x 3.5mm combo audio jack
1x USB 2.0 Type-A

Back:
1x DC-in
1x RJ45 Gigabit Ethernet
1x HDMI in 1.4
1x HDMI out 1.4
1x USB 3.2 Gen 1 Type-C
3x USB 3.2 Gen 1 Type-A",06.90 kg,54.1 x 41.6 x 1.7 ~ 21.0 cm,2x DDR5 SO-DIMM slot,"Wireless black keyboard
Wireless optical mouse",No Battery,"ø4.5, 120W AC Adapter","BIOS Booting User Password Protection
HDD User Password Protection and Security
Kensington Security Slot™(7x 3mm)"
90PT03X5-M08K00,P440VAK-B7152WS,ASUS ExpertCenter P400,Trusted by IT Experts. Built for Worry-Free Business.,"- Business-Class Performance in a Sleek All-in-One : designed for business tasks with a slim profile and high screen-to-body ratio for immersive viewing.
- Designed for Hybrid Work Productivity : Optimized for Hybrid Modern WorkFlow with ASUS AI ExpertMeet and Immersive Dolby Audio for clearer communication and collaboration
- Enterprise-Grade Security and Reliability : Advanced security with TPM 2.0, retractable privacy camera, and complete peace of mind with a 2-year full warranty plus Accidental Damage Protection.",0,90PT03X5-M08K00,ASUS ExpertCenter P400 (Core 7 240H/16GB/512GB/Win 11 Home/P440VAK),Intel® Core™ 7 240H 2.5 GHz,Intel® Graphics,Windows 11 Home,"Microsoft Office Home 2024
Microsoft 365 Basic","23.8""",FHD (1920 x 1080) 16:9,250nits,DDR5 16GB,512GB M.2 NVMe™ PCIe® 4.0 SSD,"Side:
1x Kensington lock
1x 3.5mm combo audio jack
1x USB 2.0 Type-A

Back:
1x DC-in
1x RJ45 Gigabit Ethernet
1x HDMI in 1.4
1x HDMI out 1.4
1x USB 3.2 Gen 1 Type-C
3x USB 3.2 Gen 1 Type-A",06.90 kg,54.1 x 41.6 x 1.7 ~ 21.0 cm,2x DDR5 SO-DIMM slot,"Wireless black keyboard
Wireless optical mouse",No Battery,"ø4.5, 120W AC Adapter","BIOS Booting User Password Protection
HDD User Password Protection and Security
Kensington Security Slot™(7x 3mm)"
90PT03X5-M09EE0,P440VAK-B3852WS,ASUS ExpertCenter P400,Trusted by IT Experts. Built for Worry-Free Business.,"- Business-Class Performance in a Sleek Design with 93% Screen-to-Body Ratio and 100Hz Responsive Touchscreen
- Optimized for Hybrid Work with AI ExpertMeet and Immersive Dolby Audio
- Enterprise-Grade Security and Reliability with TPM 2.0, Retractable Camera, and 2-Year Full Warranty with Accidental Damage Protection",0,90PT03X5-M09EE0,#VALUE!,#VALUE!,N/A,,With privacy shutter,"23.8""",FHD (1920 x 1080) 16:9,250nits,Intel® Graphics,,"Side:
Built-in array microphone
Built-in speakers

Back:
Windows 11 Home - ASUS recommends Windows 11 Pro for business
* Windows 11 Home is available only as the Single Language edition. Learn more about Windows 11 Home Single language: https://support.microsoft.com/article/eaf060a6-3642-4612-6b75-b34e57a08abf",#N/A,#N/A,8GB DDR5 SO-DIMM,,No Battery,Not Found,"ø4.5, 90W AC Adapter, Output: 19V DC, 4.74A, 90W, Input: 100~240V AC 50/60Hz universal"
90PT03X5-M09EH0,P440VAK-B3852W,ASUS ExpertCenter P400,Trusted by IT Experts. Built for Worry-Free Business.,"- Business-Class Performance in a Sleek Design with 93% Screen-to-Body Ratio and 100Hz Responsive Touchscreen
- Optimized for Hybrid Work with AI ExpertMeet and Immersive Dolby Audio
- Enterprise-Grade Security and Reliability with TPM 2.0, Retractable Camera, and 2-Year Full Warranty with Accidental Damage Protection",0,90PT03X5-M09EH0,#VALUE!,#VALUE!,N/A,,With privacy shutter,"23.8""",FHD (1920 x 1080) 16:9,250nits,Intel® Graphics,,"Side:
Built-in array microphone
Built-in speakers

Back:
Windows 11 Home - ASUS recommends Windows 11 Pro for business
* Windows 11 Home is available only as the Single Language edition. Learn more about Windows 11 Home Single language: https://support.microsoft.com/article/eaf060a6-3642-4612-6b75-b34e57a08abf",#N/A,#N/A,8GB DDR5 SO-DIMM,,No Battery,Not Found,"ø4.5, 90W AC Adapter, Output: 19V DC, 4.74A, 90W, Input: 100~240V AC 50/60Hz universal"
90PT03X5-M0B8L0,P440VAK-B5852W,ASUS ExpertCenter P400,Trusted by IT Experts. Built for Worry-Free Business.,"- Business-Class Performance in a Sleek Design with 93% Screen-to-Body Ratio and 100Hz Responsive Touchscreen
- Optimized for Hybrid Work with AI ExpertMeet and Immersive Dolby Audio
- Enterprise-Grade Security and Reliability with TPM 2.0, Retractable Camera, and 2-Year Full Warranty with Accidental Damage Protection",0,90PT03X5-M0B8L0,#VALUE!,#VALUE!,N/A,,With privacy shutter,"23.8""",FHD (1920 x 1080) 16:9,250nits,Intel® Graphics,,"Side:
Built-in array microphone
Built-in speakers

Back:
Windows 11 Home - ASUS recommends Windows 11 Pro for business
* Windows 11 Home is available only as the Single Language edition. Learn more about Windows 11 Home Single language: https://support.microsoft.com/article/eaf060a6-3642-4612-6b75-b34e57a08abf",#N/A,#N/A,8GB DDR5 SO-DIMM,,No Battery,Not Found,"ø4.5, 120W AC Adapter, Output: 20V DC, 6.0A, 120W, Input: 100~240V AC 50/60Hz universal"
90PT03X7-M025H0,P440VAK-W5850WS,ASUS ExpertCenter P400,Trusted by IT Experts. Built for Worry-Free Business.,"- Business-Class Performance in a Sleek Design with 93% Screen-to-Body Ratio and 100Hz Responsive Touchscreen
- Optimized for Hybrid Work with AI ExpertMeet and Immersive Dolby Audio
- Enterprise-Grade Security and Reliability with TPM 2.0, Retractable Camera, and 2-Year Full Warranty with Accidental Damage Protection",https://drive.google.com/drive/folders/182p8JTDd7m93bz4DlG_It6d56ajBKPzv?usp=drive_link,90PT03X7-M025H0,ASUS ExpertCenter P400 (i5-13420H/8GB/512GB/Win 11 Home/P440VAK),Intel® Core™ i5-13420H 2.1 GHz,Intel® UHD Graphics,Windows 11 Home,"Microsoft Office Home 2024
Microsoft 365 Basic","23.8""",FHD (1920 x 1080) 16:9,250nits,DDR5 8GB,512GB M.2 NVMe™ PCIe® 4.0 SSD,"Side:
1x Kensington lock
1x 3.5mm combo audio jack
1x USB 2.0 Type-A

Back:
1x DC-in
1x RJ45 Gigabit Ethernet
1x HDMI in 1.4
1x HDMI out 1.4
1x USB 3.2 Gen 1 Type-C
3x USB 3.2 Gen 1 Type-A",06.90 kg,54.1 x 41.6 x 1.7 ~ 21.0 cm,2x DDR5 SO-DIMM slot,"Wireless sandstone white keyboard
Wireless optical mouse",No Battery,"ø4.5, 120W AC Adapter","BIOS Booting User Password Protection
HDD User Password Protection and Security
Kensington Security Slot™(7x 3mm)"
90PT03X7-M02840,P440VAK-W3850WS,ASUS ExpertCenter P400,Trusted by IT Experts. Built for Worry-Free Business.,"- Business-Class Performance in a Sleek Design with 93% Screen-to-Body Ratio and 100Hz Responsive Touchscreen
- Optimized for Hybrid Work with AI ExpertMeet and Immersive Dolby Audio
- Enterprise-Grade Security and Reliability with TPM 2.0, Retractable Camera, and 2-Year Full Warranty with Accidental Damage Protection",https://drive.google.com/drive/folders/17GbsjQlawHQN8fK_kwhkKpeoIpGZ7Arx?usp=drive_link,90PT03X7-M02840,ASUS ExpertCenter P400 (i3-1315U/8GB/512GB/Win 11 Home/P440VAK),Intel® Core™ i3-1315U 1.2 GHz,Intel® Graphics,Windows 11 Home,"Microsoft Office Home 2024
Microsoft 365 Basic","23.8""",FHD (1920 x 1080) 16:9,250nits,DDR5 8GB,512GB M.2 NVMe™ PCIe® 4.0 SSD,"Side:
1x Kensington lock
1x 3.5mm combo audio jack
1x USB 2.0 Type-A

Back:
1x DC-in
1x RJ45 Gigabit Ethernet
1x HDMI out 1.4
1x USB 3.2 Gen 1 Type-C
3x USB 3.2 Gen 1 Type-A",06.90 kg,54.1 x 41.6 x 1.7 ~ 21.0 cm,2x DDR5 SO-DIMM slot,"Wireless sandstone white keyboard
Wireless optical mouse",No Battery,"ø4.5, 90W AC Adapter","BIOS Booting User Password Protection
HDD User Password Protection and Security
Kensington Security Slot™(7x 3mm)"
90PT03X7-M02860,P440VAK-W7850WS,ASUS ExpertCenter P400,Trusted by IT Experts. Built for Worry-Free Business.,"- Business-Class Performance in a Sleek Design with 93% Screen-to-Body Ratio and 100Hz Responsive Touchscreen
- Optimized for Hybrid Work with AI ExpertMeet and Immersive Dolby Audio
- Enterprise-Grade Security and Reliability with TPM 2.0, Retractable Camera, and 2-Year Full Warranty with Accidental Damage Protection",https://drive.google.com/drive/folders/1I0QI2-TrzUyq5BHKoZCsYIfVD4VxmnIj?usp=drive_link,90PT03X7-M02860,ASUS ExpertCenter P400 (i7-13620H/8GB/512GB/Win 11 Home/P440VAK),Intel® Core™ i7-13620H 2.4 GHz,Intel® UHD Graphics,Windows 11 Home,"Microsoft Office Home 2024
Microsoft 365 Basic","23.8""",FHD (1920 x 1080) 16:9,250nits,DDR5 8GB,512GB M.2 NVMe™ PCIe® 4.0 SSD,"Side:
1x Kensington lock
1x 3.5mm combo audio jack
1x USB 2.0 Type-A

Back:
1x DC-in
1x RJ45 Gigabit Ethernet
1x HDMI in 1.4
1x HDMI out 1.4
1x USB 3.2 Gen 1 Type-C
3x USB 3.2 Gen 1 Type-A",06.90 kg,54.1 x 41.6 x 1.7 ~ 21.0 cm,2x DDR5 SO-DIMM slot,"Wireless sandstone white keyboard
Wireless optical mouse",No Battery,"ø4.5, 120W AC Adapter","BIOS Booting User Password Protection
HDD User Password Protection and Security
Kensington Security Slot™(7x 3mm)"
90PT03X7-M02880,P440VAT-W5850WS,ASUS ExpertCenter P400,Trusted by IT Experts. Built for Worry-Free Business.,"- Business-Class Performance in a Sleek Design with 93% Screen-to-Body Ratio and 75Hz Responsive Touchscreen
- Optimized for Hybrid Work with AI ExpertMeet and Immersive Dolby Audio
- Enterprise-Grade Security and Reliability with TPM 2.0, Retractable Camera, and 2-Year Full Warranty with Accidental Damage Protection",https://drive.google.com/drive/folders/145F1Y4d-AOCxAJdykleV5LiX8mXqPH3G?usp=drive_link,90PT03X7-M02880,ASUS ExpertCenter P400 (i5-13420H/8GB/512GB/Win 11 Home/P440VAT),Intel® Core™ i5-13420H 2.1 GHz,Intel® UHD Graphics,Windows 11 Home,"Microsoft Office Home 2024
Microsoft 365 Basic","23.8""",FHD (1920 x 1080) 16:9,250nits,DDR5 8GB,512GB M.2 NVMe™ PCIe® 4.0 SSD,"Side:
1x Kensington lock
1x 3.5mm combo audio jack
1x USB 2.0 Type-A

Back:
1x DC-in
1x RJ45 Gigabit Ethernet
1x HDMI in 1.4
1x HDMI out 1.4
1x USB 3.2 Gen 1 Type-C
3x USB 3.2 Gen 1 Type-A",06.90 kg,54.1 x 41.6 x 1.7 ~ 21.0 cm,2x DDR5 SO-DIMM slot,"Wireless sandstone white keyboard
Wireless optical mouse",No Battery,"ø4.5, 120W AC Adapter","BIOS Booting User Password Protection
HDD User Password Protection and Security
Kensington Security Slot™(7x 3mm)"
90PT03X7-M02890,P440VAT-W7850WS,ASUS ExpertCenter P400,Trusted by IT Experts. Built for Worry-Free Business.,"- Business-Class Performance in a Sleek Design with 93% Screen-to-Body Ratio and 75Hz Responsive Touchscreen
- Optimized for Hybrid Work with AI ExpertMeet and Immersive Dolby Audio
- Enterprise-Grade Security and Reliability with TPM 2.0, Retractable Camera, and 2-Year Full Warranty with Accidental Damage Protection",https://drive.google.com/drive/folders/1fsQ9eVDGY7nfo0TOnZNT5KQXadoLTvzP?usp=drive_link,90PT03X7-M02890,ASUS ExpertCenter P400 (i7-13620H/8GB/512GB/Win 11 Home/P440VAT),Intel® Core™ i7-13620H 2.4 GHz,Intel® UHD Graphics,Windows 11 Home,"Microsoft Office Home 2024
Microsoft 365 Basic","23.8""",FHD (1920 x 1080) 16:9,250nits,DDR5 8GB,512GB M.2 NVMe™ PCIe® 4.0 SSD,"Side:
1x Kensington lock
1x 3.5mm combo audio jack
1x USB 2.0 Type-A

Back:
1x DC-in
1x RJ45 Gigabit Ethernet
1x HDMI in 1.4
1x HDMI out 1.4
1x USB 3.2 Gen 1 Type-C
3x USB 3.2 Gen 1 Type-A",06.90 kg,54.1 x 41.6 x 1.7 ~ 21.0 cm,2x DDR5 SO-DIMM slot,"Wireless sandstone white keyboard
Wireless optical mouse",No Battery,"ø4.5, 120W AC Adapter","BIOS Booting User Password Protection
HDD User Password Protection and Security
Kensington Security Slot™(7x 3mm)"
90PT03X7-M03KH0,P440VAK-W5851WS,ASUS ExpertCenter P400,Trusted by IT Experts. Built for Worry-Free Business.,"- Business-Class Performance in a Sleek Design with 93% Screen-to-Body Ratio and 100Hz Responsive Touchscreen
- Optimized for Hybrid Work with AI ExpertMeet and Immersive Dolby Audio
- Enterprise-Grade Security and Reliability with TPM 2.0, Retractable Camera, and 2-Year Full Warranty with Accidental Damage Protection",0,90PT03X7-M03KH0,ASUS ExpertCenter P400 (i5-13420H/8GB/512GB/Win 11 Home/P440VAK),Intel® Core™ i5-13420H 2.1 GHz,Intel® UHD Graphics,Windows 11 Home,"Microsoft Office Home 2024
Microsoft 365 Basic","23.8""",FHD (1920 x 1080) 16:9,250nits,DDR5 8GB,512GB M.2 NVMe™ PCIe® 4.0 SSD,"Side:
1x Kensington lock
1x 3.5mm combo audio jack
1x USB 2.0 Type-A

Back:
1x DC-in
1x RJ45 Gigabit Ethernet
1x HDMI in 1.4
1x HDMI out 1.4
1x USB 3.2 Gen 1 Type-C
3x USB 3.2 Gen 1 Type-A",06.90 kg,54.1 x 41.6 x 1.7 ~ 21.0 cm,2x DDR5 SO-DIMM slot,"Wireless sandstone white keyboard
Wireless optical mouse",No Battery,"ø4.5, 120W AC Adapter","BIOS Booting User Password Protection
HDD User Password Protection and Security
Kensington Security Slot™(7x 3mm)"
90PT03X7-M03KJ0,P440VAK-W5151WS,ASUS ExpertCenter P400,Trusted by IT Experts. Built for Worry-Free Business.,"- Business-Class Performance in a Sleek Design with 93% Screen-to-Body Ratio and 100Hz Responsive Touchscreen
- Optimized for Hybrid Work with AI ExpertMeet and Immersive Dolby Audio
- Enterprise-Grade Security and Reliability with TPM 2.0, Retractable Camera, and 2-Year Full Warranty with Accidental Damage Protection",0,90PT03X7-M03KJ0,ASUS ExpertCenter P400 (i5-13420H/16GB/512GB/Win 11 Home/P440VAK),Intel® Core™ i5-13420H 2.1 GHz,Intel® UHD Graphics,Windows 11 Home,"Microsoft Office Home 2024
Microsoft 365 Basic","23.8""",FHD (1920 x 1080) 16:9,250nits,DDR5 16GB,512GB M.2 NVMe™ PCIe® 4.0 SSD,"Side:
1x Kensington lock
1x 3.5mm combo audio jack
1x USB 2.0 Type-A

Back:
1x DC-in
1x RJ45 Gigabit Ethernet
1x HDMI in 1.4
1x HDMI out 1.4
1x USB 3.2 Gen 1 Type-C
3x USB 3.2 Gen 1 Type-A",06.90 kg,54.1 x 41.6 x 1.7 ~ 21.0 cm,2x DDR5 SO-DIMM slot,"Wireless sandstone white keyboard
Wireless optical mouse",No Battery,"ø4.5, 120W AC Adapter","BIOS Booting User Password Protection
HDD User Password Protection and Security
Kensington Security Slot™(7x 3mm)"
90PT03X7-M03KP0,P440VAK-W7851WS,ASUS ExpertCenter P400,Trusted by IT Experts. Built for Worry-Free Business.,"- Business-Class Performance in a Sleek Design with 93% Screen-to-Body Ratio and 100Hz Responsive Touchscreen
- Optimized for Hybrid Work with AI ExpertMeet and Immersive Dolby Audio
- Enterprise-Grade Security and Reliability with TPM 2.0, Retractable Camera, and 2-Year Full Warranty with Accidental Damage Protection",0,90PT03X7-M03KP0,ASUS ExpertCenter P400 (i7-13620H/8GB/512GB/Win 11 Home/P440VAK),Intel® Core™ i7-13620H 2.4 GHz,Intel® UHD Graphics,Windows 11 Home,"Microsoft Office Home 2024
Microsoft 365 Basic","23.8""",FHD (1920 x 1080) 16:9,250nits,DDR5 8GB,512GB M.2 NVMe™ PCIe® 4.0 SSD,"Side:
1x Kensington lock
1x 3.5mm combo audio jack
1x USB 2.0 Type-A

Back:
1x DC-in
1x RJ45 Gigabit Ethernet
1x HDMI in 1.4
1x HDMI out 1.4
1x USB 3.2 Gen 1 Type-C
3x USB 3.2 Gen 1 Type-A",06.90 kg,54.1 x 41.6 x 1.7 ~ 21.0 cm,2x DDR5 SO-DIMM slot,"Wireless sandstone white keyboard
Wireless optical mouse",No Battery,"ø4.5, 120W AC Adapter","BIOS Booting User Password Protection
HDD User Password Protection and Security
Kensington Security Slot™(7x 3mm)"
90PT03X7-M03KR0,P440VAK-W7151WS,ASUS ExpertCenter P400,Trusted by IT Experts. Built for Worry-Free Business.,"- Business-Class Performance in a Sleek Design with 93% Screen-to-Body Ratio and 100Hz Responsive Touchscreen
- Optimized for Hybrid Work with AI ExpertMeet and Immersive Dolby Audio
- Enterprise-Grade Security and Reliability with TPM 2.0, Retractable Camera, and 2-Year Full Warranty with Accidental Damage Protection",0,90PT03X7-M03KR0,ASUS ExpertCenter P400 (i7-13620H/16GB/512GB/Win 11 Home/P440VAK),Intel® Core™ i7-13620H 2.4 GHz,Intel® UHD Graphics,Windows 11 Home,"Microsoft Office Home 2024
Microsoft 365 Basic","23.8""",FHD (1920 x 1080) 16:9,250nits,DDR5 16GB,512GB M.2 NVMe™ PCIe® 4.0 SSD,"Side:
1x Kensington lock
1x 3.5mm combo audio jack
1x USB 2.0 Type-A

Back:
1x DC-in
1x RJ45 Gigabit Ethernet
1x HDMI in 1.4
1x HDMI out 1.4
1x USB 3.2 Gen 1 Type-C
3x USB 3.2 Gen 1 Type-A",06.90 kg,54.1 x 41.6 x 1.7 ~ 21.0 cm,2x DDR5 SO-DIMM slot,"Wireless sandstone white keyboard
Wireless optical mouse",No Battery,"ø4.5, 120W AC Adapter","BIOS Booting User Password Protection
HDD User Password Protection and Security
Kensington Security Slot™(7x 3mm)"
90PT03X7-M03KZ0,P440VAT-W5151WS,ASUS ExpertCenter P400,Trusted by IT Experts. Built for Worry-Free Business.,"- Business-Class Performance in a Sleek Design with 93% Screen-to-Body Ratio and 100Hz Responsive Touchscreen
- Optimized for Hybrid Work with AI ExpertMeet and Immersive Dolby Audio
- Enterprise-Grade Security and Reliability with TPM 2.0, Retractable Camera, and 2-Year Full Warranty with Accidental Damage Protection",0,90PT03X7-M03KZ0,ASUS ExpertCenter P400 (i5-13420H/16GB/512GB/Win 11 Home/P440VAT),Intel® Core™ i5-13420H 2.1 GHz,Intel® UHD Graphics,Windows 11 Home,"Microsoft Office Home 2024
Microsoft 365 Basic","23.8""",FHD (1920 x 1080) 16:9,250nits,DDR5 16GB,512GB M.2 NVMe™ PCIe® 4.0 SSD,"Side:
1x Kensington lock
1x 3.5mm combo audio jack
1x USB 2.0 Type-A

Back:
1x DC-in
1x RJ45 Gigabit Ethernet
1x HDMI in 1.4
1x HDMI out 1.4
1x USB 3.2 Gen 1 Type-C
3x USB 3.2 Gen 1 Type-A",06.90 kg,54.1 x 41.6 x 1.7 ~ 21.0 cm,2x DDR5 SO-DIMM slot,"Wireless sandstone white keyboard
Wireless optical mouse",No Battery,"ø4.5, 120W AC Adapter","BIOS Booting User Password Protection
HDD User Password Protection and Security
Kensington Security Slot™(7x 3mm)"
90PT03X7-M03L30,P440VAT-W7151WS,ASUS ExpertCenter P400,Trusted by IT Experts. Built for Worry-Free Business.,"- Business-Class Performance in a Sleek Design with 93% Screen-to-Body Ratio and 100Hz Responsive Touchscreen
- Optimized for Hybrid Work with AI ExpertMeet and Immersive Dolby Audio
- Enterprise-Grade Security and Reliability with TPM 2.0, Retractable Camera, and 2-Year Full Warranty with Accidental Damage Protection",0,90PT03X7-M03L30,ASUS ExpertCenter P400 (i7-13620H/16GB/512GB/Win 11 Home/P440VAT),Intel® Core™ i7-13620H 2.4 GHz,Intel® UHD Graphics,Windows 11 Home,"Microsoft Office Home 2024
Microsoft 365 Basic","23.8""",FHD (1920 x 1080) 16:9,250nits,DDR5 16GB,512GB M.2 NVMe™ PCIe® 4.0 SSD,"Side:
1x Kensington lock
1x 3.5mm combo audio jack
1x USB 2.0 Type-A

Back:
1x DC-in
1x RJ45 Gigabit Ethernet
1x HDMI in 1.4
1x HDMI out 1.4
1x USB 3.2 Gen 1 Type-C
3x USB 3.2 Gen 1 Type-A",06.90 kg,54.1 x 41.6 x 1.7 ~ 21.0 cm,2x DDR5 SO-DIMM slot,"Wireless sandstone white keyboard
Wireless optical mouse",No Battery,"ø4.5, 120W AC Adapter","BIOS Booting User Password Protection
HDD User Password Protection and Security
Kensington Security Slot™(7x 3mm)"
90PT03X7-M03LP0,P440VAK-W3851WS,ASUS ExpertCenter P400,Trusted by IT Experts. Built for Worry-Free Business.,"- Business-Class Performance in a Sleek Design with 93% Screen-to-Body Ratio and 100Hz Responsive Touchscreen
- Optimized for Hybrid Work with AI ExpertMeet and Immersive Dolby Audio
- Enterprise-Grade Security and Reliability with TPM 2.0, Retractable Camera, and 2-Year Full Warranty with Accidental Damage Protection",0,90PT03X7-M03LP0,ASUS ExpertCenter P400 (i3-1315U/8GB/512GB/Win 11 Home/P440VAK),Intel® Core™ i3-1315U 1.2 GHz,Intel® Graphics,Windows 11 Home,"Microsoft Office Home 2024
Microsoft 365 Basic","23.8""",FHD (1920 x 1080) 16:9,250nits,DDR5 8GB,512GB M.2 NVMe™ PCIe® 4.0 SSD,"Side:
1x Kensington lock
1x 3.5mm combo audio jack
1x USB 2.0 Type-A

Back:
1x DC-in
1x RJ45 Gigabit Ethernet
1x HDMI out 1.4
1x USB 3.2 Gen 1 Type-C
3x USB 3.2 Gen 1 Type-A",06.90 kg,54.1 x 41.6 x 1.7 ~ 21.0 cm,2x DDR5 SO-DIMM slot,"Wireless sandstone white keyboard
Wireless optical mouse",No Battery,"ø4.5, 90W AC Adapter","BIOS Booting User Password Protection
HDD User Password Protection and Security
Kensington Security Slot™(7x 3mm)"
90PT03X7-M07U80,P440VAK-W5852WS,ASUS ExpertCenter P400,Trusted by IT Experts. Built for Worry-Free Business.,"- Business-Class Performance in a Sleek All-in-One : designed for business tasks with a slim profile and high screen-to-body ratio for immersive viewing.
- Designed for Hybrid Work Productivity : Optimized for Hybrid Modern WorkFlow with ASUS AI ExpertMeet and Immersive Dolby Audio for clearer communication and collaboration
- Enterprise-Grade Security and Reliability : Advanced security with TPM 2.0, retractable privacy camera, and complete peace of mind with a 2-year full warranty plus Accidental Damage Protection.",0,90PT03X7-M07U80,ASUS ExpertCenter P400 (Core 5 210H/8GB/512GB/Win 11 Home/P440VAK),Intel® Core™ 5 210H 2.5 GHz,Intel® Graphics,Windows 11 Home,"Microsoft Office Home 2024
Microsoft 365 Basic","23.8""",FHD (1920 x 1080) 16:9,250nits,DDR5 8GB,512GB M.2 NVMe™ PCIe® 4.0 SSD,"Side:
1x Kensington lock
1x 3.5mm combo audio jack
1x USB 2.0 Type-A

Back:
1x DC-in
1x RJ45 Gigabit Ethernet
1x HDMI in 1.4
1x HDMI out 1.4
1x USB 3.2 Gen 1 Type-C
3x USB 3.2 Gen 1 Type-A",06.90 kg,54.1 x 41.6 x 1.7 ~ 21.0 cm,2x DDR5 SO-DIMM slot,"Wireless sandstone white keyboard
Wireless optical mouse",No Battery,"ø4.5, 120W AC Adapter","BIOS Booting User Password Protection
HDD User Password Protection and Security
Kensington Security Slot™(7x 3mm)"
90PT03X7-M07U90,P440VAK-W5152WS,ASUS ExpertCenter P400,Trusted by IT Experts. Built for Worry-Free Business.,"- Business-Class Performance in a Sleek Design with 93% Screen-to-Body Ratio and 100Hz Responsive Touchscreen
- Optimized for Hybrid Work with AI ExpertMeet and Immersive Dolby Audio
- Enterprise-Grade Security and Reliability with TPM 2.0, Retractable Camera, and 2-Year Full Warranty with Accidental Damage Protection",0,90PT03X7-M07U90,#VALUE!,#VALUE!,N/A,,With privacy shutter,"23.8""",FHD (1920 x 1080) 16:9,250nits,Intel® Graphics,,"Side:
Built-in array microphone
Built-in speakers

Back:
Windows 11 Home - ASUS recommends Windows 11 Pro for business
* Windows 11 Home is available only as the Single Language edition. Learn more about Windows 11 Home Single language: https://support.microsoft.com/article/eaf060a6-3642-4612-6b75-b34e57a08abf",#N/A,#N/A,16GB DDR5 SO-DIMM,,No Battery,Not Found,"ø4.5, 120W AC Adapter, Output: 20V DC, 6.0A, 120W, Input: 100~240V AC 50/60Hz universal"
90PT03X7-M07UD0,P440VAT-W5152WS,ASUS ExpertCenter P400,Trusted by IT Experts. Built for Worry-Free Business.,"- Business-Class Performance in a Sleek Design with 93% Screen-to-Body Ratio and 100Hz Responsive Touchscreen
- Optimized for Hybrid Work with AI ExpertMeet and Immersive Dolby Audio
- Enterprise-Grade Security and Reliability with TPM 2.0, Retractable Camera, and 2-Year Full Warranty with Accidental Damage Protection",0,90PT03X7-M07UD0,#VALUE!,#VALUE!,N/A,,With privacy shutter,"23.8""",FHD (1920 x 1080) 16:9,250nits,Intel® Graphics,,"Side:
Built-in array microphone
Built-in speakers

Back:
Windows 11 Home - ASUS recommends Windows 11 Pro for business
* Windows 11 Home is available only as the Single Language edition. Learn more about Windows 11 Home Single language: https://support.microsoft.com/article/eaf060a6-3642-4612-6b75-b34e57a08abf",#N/A,#N/A,16GB DDR5 SO-DIMM,,No Battery,Not Found,"ø4.5, 120W AC Adapter, Output: 20V DC, 6.0A, 120W, Input: 100~240V AC 50/60Hz universal"
90PT03X7-M08K10,P440VAK-W7852WS,ASUS ExpertCenter P400,Trusted by IT Experts. Built for Worry-Free Business.,"- Business-Class Performance in a Sleek All-in-One : designed for business tasks with a slim profile and high screen-to-body ratio for immersive viewing.
- Designed for Hybrid Work Productivity : Optimized for Hybrid Modern WorkFlow with ASUS AI ExpertMeet and Immersive Dolby Audio for clearer communication and collaboration
- Enterprise-Grade Security and Reliability : Advanced security with TPM 2.0, retractable privacy camera, and complete peace of mind with a 2-year full warranty plus Accidental Damage Protection.",0,90PT03X7-M08K10,ASUS ExpertCenter P400 (Core 7 240H/8GB/512GB/Win 11 Home/P440VAK),Intel® Core™ 7 240H 2.5 GHz,Intel® Graphics,Windows 11 Home,"Microsoft Office Home 2024
Microsoft 365 Basic","23.8""",FHD (1920 x 1080) 16:9,250nits,DDR5 8GB,512GB M.2 NVMe™ PCIe® 4.0 SSD,"Side:
1x Kensington lock
1x 3.5mm combo audio jack
1x USB 2.0 Type-A

Back:
1x DC-in
1x RJ45 Gigabit Ethernet
1x HDMI in 1.4
1x HDMI out 1.4
1x USB 3.2 Gen 1 Type-C
3x USB 3.2 Gen 1 Type-A",06.90 kg,54.1 x 41.6 x 1.7 ~ 21.0 cm,2x DDR5 SO-DIMM slot,"Wireless sandstone white keyboard
Wireless optical mouse",No Battery,"ø4.5, 120W AC Adapter","BIOS Booting User Password Protection
HDD User Password Protection and Security
Kensington Security Slot™(7x 3mm)"
90PT03X7-M08K20,P440VAK-W7152WS,ASUS ExpertCenter P400,Trusted by IT Experts. Built for Worry-Free Business.,"- Business-Class Performance in a Sleek Design with 93% Screen-to-Body Ratio and 100Hz Responsive Touchscreen
- Optimized for Hybrid Work with AI ExpertMeet and Immersive Dolby Audio
- Enterprise-Grade Security and Reliability with TPM 2.0, Retractable Camera, and 2-Year Full Warranty with Accidental Damage Protection",0,90PT03X7-M08K20,#VALUE!,#VALUE!,N/A,,With privacy shutter,"23.8""",FHD (1920 x 1080) 16:9,250nits,Intel® Graphics,,"Side:
Built-in array microphone
Built-in speakers

Back:
Windows 11 Home - ASUS recommends Windows 11 Pro for business
* Windows 11 Home is available only as the Single Language edition. Learn more about Windows 11 Home Single language: https://support.microsoft.com/article/eaf060a6-3642-4612-6b75-b34e57a08abf",#N/A,#N/A,16GB DDR5 SO-DIMM,,No Battery,Not Found,"ø4.5, 120W AC Adapter, Output: 20V DC, 6.0A, 120W, Input: 100~240V AC 50/60Hz universal"
90PT03X7-M08K50,P440VAT-W7852WS,ASUS ExpertCenter P400,Trusted by IT Experts. Built for Worry-Free Business.,"- Business-Class Performance in a Sleek All-in-One : designed for business tasks with a slim profile and high screen-to-body ratio for immersive viewing.
- Designed for Hybrid Work Productivity : Optimized for Hybrid Modern WorkFlow with ASUS AI ExpertMeet and Immersive Dolby Audio for clearer communication and collaboration
- Enterprise-Grade Security and Reliability : Advanced security with TPM 2.0, retractable privacy camera, and complete peace of mind with a 2-year full warranty plus Accidental Damage Protection.",0,90PT03X7-M08K50,ASUS ExpertCenter P400 (Core 7 240H/8GB/512GB/Win 11 Home/P440VAT),Intel® Core™ 7 240H 2.5 GHz,Intel® Graphics,Windows 11 Home,"Microsoft Office Home 2024
Microsoft 365 Basic","23.8""",FHD (1920 x 1080) 16:9,250nits,DDR5 8GB,512GB M.2 NVMe™ PCIe® 4.0 SSD,"Side:
1x Kensington lock
1x 3.5mm combo audio jack
1x USB 2.0 Type-A

Back:
1x DC-in
1x RJ45 Gigabit Ethernet
1x HDMI in 1.4
1x HDMI out 1.4
1x USB 3.2 Gen 1 Type-C
3x USB 3.2 Gen 1 Type-A",06.90 kg,54.1 x 41.6 x 1.7 ~ 21.0 cm,2x DDR5 SO-DIMM slot,"Wireless sandstone white keyboard
Wireless optical mouse",No Battery,"ø4.5, 120W AC Adapter","BIOS Booting User Password Protection
HDD User Password Protection and Security
Kensington Security Slot™(7x 3mm)"
90PT03X7-M08K60,P440VAT-W7152WS,ASUS ExpertCenter P400,Trusted by IT Experts. Built for Worry-Free Business.,"- Business-Class Performance in a Sleek Design with 93% Screen-to-Body Ratio and 100Hz Responsive Touchscreen
- Optimized for Hybrid Work with AI ExpertMeet and Immersive Dolby Audio
- Enterprise-Grade Security and Reliability with TPM 2.0, Retractable Camera, and 2-Year Full Warranty with Accidental Damage Protection",0,90PT03X7-M08K60,#VALUE!,#VALUE!,N/A,,With privacy shutter,"23.8""",FHD (1920 x 1080) 16:9,250nits,Intel® Graphics,,"Side:
Built-in array microphone
Built-in speakers

Back:
Windows 11 Home - ASUS recommends Windows 11 Pro for business
* Windows 11 Home is available only as the Single Language edition. Learn more about Windows 11 Home Single language: https://support.microsoft.com/article/eaf060a6-3642-4612-6b75-b34e57a08abf",#N/A,#N/A,16GB DDR5 SO-DIMM,,No Battery,Not Found,"ø4.5, 120W AC Adapter, Output: 20V DC, 6.0A, 120W, Input: 100~240V AC 50/60Hz universal"
90PT03X7-M09EJ0,P440VAK-W3852W,ASUS ExpertCenter P400,Trusted by IT Experts. Built for Worry-Free Business.,"- Business-Class Performance in a Sleek Design with 93% Screen-to-Body Ratio and 100Hz Responsive Touchscreen
- Optimized for Hybrid Work with AI ExpertMeet and Immersive Dolby Audio
- Enterprise-Grade Security and Reliability with TPM 2.0, Retractable Camera, and 2-Year Full Warranty with Accidental Damage Protection",0,90PT03X7-M09EJ0,#VALUE!,#VALUE!,N/A,,With privacy shutter,"23.8""",FHD (1920 x 1080) 16:9,250nits,Intel® Graphics,,"Side:
Built-in array microphone
Built-in speakers

Back:
Windows 11 Home - ASUS recommends Windows 11 Pro for business
* Windows 11 Home is available only as the Single Language edition. Learn more about Windows 11 Home Single language: https://support.microsoft.com/article/eaf060a6-3642-4612-6b75-b34e57a08abf",#N/A,#N/A,8GB DDR5 SO-DIMM,,No Battery,Not Found,"ø4.5, 90W AC Adapter, Output: 19V DC, 4.74A, 90W, Input: 100~240V AC 50/60Hz universal"
90PT03Y1-M00040,EG3408WVAK-BPC385W,ASUS AiO EG3408,Beautiful by design. Imagination truly expanded.,0,https://drive.google.com/drive/folders/1Pnc0vldBswQHxsecU-mm0zp6Av4SKlcL?usp=drive_link,90PT03Y1-M00040,ASUS AiO EG3408 (i3-1315U/8GB/512GB/Win 11 Home/EG3408WVAK),Intel® Core™ i3-1315U 1.2 GHz,Intel® Graphics,Windows 11 Home,1-month trial for new Microsoft 365 customers. Credit card required.,"23.8""",FHD (1920 x 1080) 16:9,250nits,DDR5 8GB,512GB M.2 NVMe™ PCIe® 4.0 SSD,"Side:
1x Kensington lock
1x 2-in-1 card reader SD / MMC
1x 3.5mm combo audio jack
1x USB 2.0 Type-A

Back:
1x DC-in
1x RJ45 Gigabit Ethernet
1x HDMI in 1.4
1x HDMI out 1.4
1x USB 2.0 Type-A
1x USB 3.2 Gen 1 Type-C
3x USB 3.2 Gen 1 Type-A",05.40 kg,53.9 x 42.3 x 1.5 ~ 16.5 cm,"1x M.2  2280 SSD slot
2x DDR5 SO-DIMM slot","Wired black keyboard (USB)
Wired optical mouse (USB)",No Battery,"ø4.5, 90W AC Adapter","BIOS Booting User Password Protection
HDD User Password Protection and Security
Kensington Security Slot™(7x 3mm)"
90PT03Y1-M00060,EG3408WVAK-BPC585X,ASUS AiO EG3408,Beautiful by design. Imagination truly expanded.,0,https://drive.google.com/drive/folders/1e9l2m5cTMUuiz7FaqggMR4ofNeXyu0ZU?usp=drive_link,90PT03Y1-M00060,ASUS AiO EG3408 (i5-1335U/8GB/512GB/Win 11 Pro/EG3408WVAK),Intel® Core™ i5-1335U 1.3 GHz,Intel® Graphics,Windows 11 Pro,1-month trial for new Microsoft 365 customers. Credit card required.,"23.8""",FHD (1920 x 1080) 16:9,250nits,DDR5 8GB,512GB M.2 NVMe™ PCIe® 4.0 SSD,"Side:
1x Kensington lock
1x 2-in-1 card reader SD / MMC
1x 3.5mm combo audio jack
1x USB 2.0 Type-A

Back:
1x DC-in
1x RJ45 Gigabit Ethernet
1x HDMI in 1.4
1x HDMI out 1.4
1x USB 2.0 Type-A
1x USB 3.2 Gen 1 Type-C
3x USB 3.2 Gen 1 Type-A",05.40 kg,53.9 x 42.3 x 1.5 ~ 16.5 cm,"1x M.2  2280 SSD slot
2x DDR5 SO-DIMM slot","Wired black keyboard (USB)
Wired optical mouse (USB)",No Battery,"ø4.5, 90W AC Adapter","BIOS Booting User Password Protection
HDD User Password Protection and Security
Kensington Security Slot™(7x 3mm)"
90PT03Y1-M00080,EG3408WVAK-BPC515X,ASUS AiO EG3408,Beautiful by design. Imagination truly expanded.,0,https://drive.google.com/drive/folders/1k7TPwabExoNHKORd7agSwp4E_FuzTHWZ?usp=drive_link,90PT03Y1-M00080,ASUS AiO EG3408 (i5-1335U/16GB/512GB/Win 11 Pro/EG3408WVAK),Intel® Core™ i5-1335U 1.3 GHz,Intel Iris Xᵉ Graphics (available for Intel® Core™ i5/i7/i9 with dual channel memory),Windows 11 Pro,1-month trial for new Microsoft 365 customers. Credit card required.,"23.8""",FHD (1920 x 1080) 16:9,250nits,DDR5 16GB,512GB M.2 NVMe™ PCIe® 4.0 SSD,"Side:
1x Kensington lock
1x 2-in-1 card reader SD / MMC
1x 3.5mm combo audio jack
1x USB 2.0 Type-A

Back:
1x DC-in
1x RJ45 Gigabit Ethernet
1x HDMI in 1.4
1x HDMI out 1.4
1x USB 2.0 Type-A
1x USB 3.2 Gen 1 Type-C
3x USB 3.2 Gen 1 Type-A",05.40 kg,53.9 x 42.3 x 1.5 ~ 16.5 cm,"1x M.2  2280 SSD slot
2x DDR5 SO-DIMM slot","Wired black keyboard (USB)
Wired optical mouse (USB)",No Battery,"ø4.5, 90W AC Adapter","BIOS Booting User Password Protection
HDD User Password Protection and Security
Kensington Security Slot™(7x 3mm)"
90PT03Y1-M000C0,EG3408WVAK-BPC785X,ASUS AiO EG3408,Beautiful by design. Imagination truly expanded.,0,https://drive.google.com/drive/folders/1Q-RhAnqgyE6koVsK0H7ynVjLyExVKzsz?usp=drive_link,90PT03Y1-M000C0,ASUS AiO EG3408 (i7-1355U/8GB/512GB/Win 11 Pro/EG3408WVAK),Intel® Core™ i7-1355U 1.7 GHz,Intel® Graphics,Windows 11 Pro,1-month trial for new Microsoft 365 customers. Credit card required.,"23.8""",FHD (1920 x 1080) 16:9,250nits,DDR5 8GB,512GB M.2 NVMe™ PCIe® 4.0 SSD,"Side:
1x Kensington lock
1x 2-in-1 card reader SD / MMC
1x 3.5mm combo audio jack
1x USB 2.0 Type-A

Back:
1x DC-in
1x RJ45 Gigabit Ethernet
1x HDMI in 1.4
1x HDMI out 1.4
1x USB 2.0 Type-A
1x USB 3.2 Gen 1 Type-C
3x USB 3.2 Gen 1 Type-A",05.40 kg,53.9 x 42.3 x 1.5 ~ 16.5 cm,"1x M.2  2280 SSD slot
2x DDR5 SO-DIMM slot","Wired black keyboard (USB)
Wired optical mouse (USB)",No Battery,"ø4.5, 90W AC Adapter","BIOS Booting User Password Protection
HDD User Password Protection and Security
Kensington Security Slot™(7x 3mm)"
90PT0411-M00020,PG440VAK-BPC385W,ASUS ExpertCenter P400,Trusted by IT Experts. Built for Worry-Free Business.,"- Business-Class Performance in a Sleek Design with 93% Screen-to-Body Ratio and 100Hz Responsive Touchscreen
- Optimized for Hybrid Work with AI ExpertMeet and Immersive Dolby Audio
- Enterprise-Grade Security and Reliability with TPM 2.0, Retractable Camera, and 2-Year Full Warranty with Accidental Damage Protection",0,90PT0411-M00020,ASUS ExpertCenter P400 (i3-1315U/8GB/512GB/Win 11 Home/PG440VAK),Intel® Core™ i3-1315U 1.2 GHz,Intel® UHD Graphics,Windows 11 Home,1-month trial for new Microsoft 365 customers. Credit card required.,"23.8""",FHD (1920 x 1080) 16:9,250nits,DDR5 8GB,512GB M.2 NVMe™ PCIe® 4.0 SSD,"Side:
1x Kensington lock
1x 3.5mm combo audio jack
1x USB 2.0 Type-A

Back:
1x DC-in
1x RJ45 Gigabit Ethernet
1x HDMI in 1.4
1x HDMI out 1.4
1x USB 3.2 Gen 1 Type-C
3x USB 3.2 Gen 1 Type-A",06.90 kg,54.1 x 41.6 x 1.7 ~ 21.0 cm,2x DDR5 SO-DIMM slot,"Wired black keyboard (USB)
Wired optical mouse (USB)",No Battery,"ø4.5, 90W AC Adapter","BIOS Booting User Password Protection
HDD User Password Protection and Security
Kensington Security Slot™(7x 3mm)"
90PT0411-M00030,PG440VAK-BPC585W,ASUS ExpertCenter P400,Trusted by IT Experts. Built for Worry-Free Business.,"- Business-Class Performance in a Sleek Design with 93% Screen-to-Body Ratio and 100Hz Responsive Touchscreen
- Optimized for Hybrid Work with AI ExpertMeet and Immersive Dolby Audio
- Enterprise-Grade Security and Reliability with TPM 2.0, Retractable Camera, and 2-Year Full Warranty with Accidental Damage Protection",0,90PT0411-M00030,ASUS ExpertCenter P400 (i5-13420H/8GB/512GB/Win 11 Home/PG440VAK),Intel® Core™ i5-13420H 2.1 GHz,Intel® Graphics,Windows 11 Home,1-month trial for new Microsoft 365 customers. Credit card required.,"23.8""",FHD (1920 x 1080) 16:9,250nits,DDR5 8GB,512GB M.2 NVMe™ PCIe® 4.0 SSD,"Side:
1x Kensington lock
1x 3.5mm combo audio jack
1x USB 2.0 Type-A

Back:
1x DC-in
1x RJ45 Gigabit Ethernet
1x HDMI in 1.4
1x HDMI out 1.4
1x USB 3.2 Gen 1 Type-C
3x USB 3.2 Gen 1 Type-A",06.90 kg,54.1 x 41.6 x 1.7 ~ 21.0 cm,0,"Wired black keyboard (USB)
Wired optical mouse (USB)",No Battery,"ø4.5, 120W AC Adapter","BIOS Booting User Password Protection
HDD User Password Protection and Security
Kensington Security Slot™(7x 3mm)"
90PT0411-M00040,PG440VAK-BPC515W,ASUS ExpertCenter P400,Trusted by IT Experts. Built for Worry-Free Business.,"- Business-Class Performance in a Sleek Design with 93% Screen-to-Body Ratio and 100Hz Responsive Touchscreen
- Optimized for Hybrid Work with AI ExpertMeet and Immersive Dolby Audio
- Enterprise-Grade Security and Reliability with TPM 2.0, Retractable Camera, and 2-Year Full Warranty with Accidental Damage Protection",0,90PT0411-M00040,ASUS ExpertCenter P400 (i5-13420H/16GB/512GB/Win 11 Home/PG440VAK),Intel® Core™ i5-13420H 2.1 GHz,Intel® Graphics,Windows 11 Home,1-month trial for new Microsoft 365 customers. Credit card required.,"23.8""",FHD (1920 x 1080) 16:9,250nits,DDR5 16GB,512GB M.2 NVMe™ PCIe® 4.0 SSD,"Side:
1x Kensington lock
1x 3.5mm combo audio jack
1x USB 2.0 Type-A

Back:
1x DC-in
1x RJ45 Gigabit Ethernet
1x HDMI in 1.4
1x HDMI out 1.4
1x USB 3.2 Gen 1 Type-C
3x USB 3.2 Gen 1 Type-A",06.90 kg,54.1 x 41.6 x 1.7 ~ 21.0 cm,0,"Wired black keyboard (USB)
Wired optical mouse (USB)",No Battery,"ø4.5, 120W AC Adapter","BIOS Booting User Password Protection
HDD User Password Protection and Security
Kensington Security Slot™(7x 3mm)"
90PT0411-M00050,PG440VAK-BPC711W,ASUS ExpertCenter P400,Trusted by IT Experts. Built for Worry-Free Business.,"- Business-Class Performance in a Sleek Design with 93% Screen-to-Body Ratio and 100Hz Responsive Touchscreen
- Optimized for Hybrid Work with AI ExpertMeet and Immersive Dolby Audio
- Enterprise-Grade Security and Reliability with TPM 2.0, Retractable Camera, and 2-Year Full Warranty with Accidental Damage Protection",0,90PT0411-M00050,ASUS ExpertCenter P400 (i7-13620H/16GB/512GB/Win 11 Home/PG440VAK),Intel® Core™ i7-13620H 2.4 GHz,Intel® Graphics,Windows 11 Home,1-month trial for new Microsoft 365 customers. Credit card required.,"23.8""",FHD (1920 x 1080) 16:9,250nits,DDR5 16GB,512GB + 512GB M.2 NVMe™ PCIe® 4.0 SSD,"Side:
1x Kensington lock
1x 3.5mm combo audio jack
1x USB 2.0 Type-A

Back:
1x DC-in
1x RJ45 Gigabit Ethernet
1x HDMI in 1.4
1x HDMI out 1.4
1x USB 3.2 Gen 1 Type-C
3x USB 3.2 Gen 1 Type-A",06.90 kg,54.1 x 41.6 x 1.7 ~ 21.0 cm,2x DDR5 SO-DIMM slot,"Wired black keyboard (USB)
Wired optical mouse (USB)",No Battery,"ø4.5, 120W AC Adapter","BIOS Booting User Password Protection
HDD User Password Protection and Security
Kensington Security Slot™(7x 3mm)"
90PT0411-M00070,PG440VAK-BPC585X,ASUS ExpertCenter P400,Trusted by IT Experts. Built for Worry-Free Business.,"- Business-Class Performance in a Sleek Design with 93% Screen-to-Body Ratio and 100Hz Responsive Touchscreen
- Optimized for Hybrid Work with AI ExpertMeet and Immersive Dolby Audio
- Enterprise-Grade Security and Reliability with TPM 2.0, Retractable Camera, and 2-Year Full Warranty with Accidental Damage Protection",0,90PT0411-M00070,ASUS ExpertCenter P400 (i5-13420H/8GB/512GB/Win 11 Pro/PG440VAK),Intel® Core™ i5-13420H 2.1 GHz,Intel® Graphics,Windows 11 Pro,1-month trial for new Microsoft 365 customers. Credit card required.,"23.8""",FHD (1920 x 1080) 16:9,250nits,DDR5 8GB,512GB M.2 NVMe™ PCIe® 4.0 SSD,"Side:
1x Kensington lock
1x 3.5mm combo audio jack
1x USB 2.0 Type-A

Back:
1x DC-in
1x RJ45 Gigabit Ethernet
1x HDMI in 1.4
1x HDMI out 1.4
1x USB 3.2 Gen 1 Type-C
3x USB 3.2 Gen 1 Type-A",06.90 kg,54.1 x 41.6 x 1.7 ~ 21.0 cm,0,"Wired black keyboard (USB)
Wired optical mouse (USB)",No Battery,"ø4.5, 120W AC Adapter","BIOS Booting User Password Protection
HDD User Password Protection and Security
Kensington Security Slot™(7x 3mm)"
90PT0411-M00080,PG440VAK-BPC515X,ASUS ExpertCenter P400,Trusted by IT Experts. Built for Worry-Free Business.,"- Business-Class Performance in a Sleek Design with 93% Screen-to-Body Ratio and 100Hz Responsive Touchscreen
- Optimized for Hybrid Work with AI ExpertMeet and Immersive Dolby Audio
- Enterprise-Grade Security and Reliability with TPM 2.0, Retractable Camera, and 2-Year Full Warranty with Accidental Damage Protection",0,90PT0411-M00080,ASUS ExpertCenter P400 (i5-13420H/16GB/512GB/Win 11 Pro/PG440VAK),Intel® Core™ i5-13420H 2.1 GHz,Intel® Graphics,Windows 11 Pro,1-month trial for new Microsoft 365 customers. Credit card required.,"23.8""",FHD (1920 x 1080) 16:9,250nits,DDR5 16GB,512GB M.2 NVMe™ PCIe® 4.0 SSD,"Side:
1x Kensington lock
1x 3.5mm combo audio jack
1x USB 2.0 Type-A

Back:
1x DC-in
1x RJ45 Gigabit Ethernet
1x HDMI in 1.4
1x HDMI out 1.4
1x USB 3.2 Gen 1 Type-C
3x USB 3.2 Gen 1 Type-A",06.90 kg,54.1 x 41.6 x 1.7 ~ 21.0 cm,0,"Wired black keyboard (USB)
Wired optical mouse (USB)",No Battery,"ø4.5, 120W AC Adapter","BIOS Booting User Password Protection
HDD User Password Protection and Security
Kensington Security Slot™(7x 3mm)"
90PT0411-M00090,PG440VAK-BPC711X,ASUS ExpertCenter P400,Trusted by IT Experts. Built for Worry-Free Business.,"- Business-Class Performance in a Sleek Design with 93% Screen-to-Body Ratio and 100Hz Responsive Touchscreen
- Optimized for Hybrid Work with AI ExpertMeet and Immersive Dolby Audio
- Enterprise-Grade Security and Reliability with TPM 2.0, Retractable Camera, and 2-Year Full Warranty with Accidental Damage Protection",0,90PT0411-M00090,ASUS ExpertCenter P400 (i7-13620H/16GB/512GB/Win 11 Pro/PG440VAK),Intel® Core™ i7-13620H 2.4 GHz,Intel® Graphics,Windows 11 Pro,1-month trial for new Microsoft 365 customers. Credit card required.,"23.8""",FHD (1920 x 1080) 16:9,250nits,DDR5 16GB,512GB + 512GB M.2 NVMe™ PCIe® 4.0 SSD,"Side:
1x Kensington lock
1x 3.5mm combo audio jack
1x USB 2.0 Type-A

Back:
1x DC-in
1x RJ45 Gigabit Ethernet
1x HDMI in 1.4
1x HDMI out 1.4
1x USB 3.2 Gen 1 Type-C
3x USB 3.2 Gen 1 Type-A",06.90 kg,54.1 x 41.6 x 1.7 ~ 21.0 cm,2x DDR5 SO-DIMM slot,"Wired black keyboard (USB)
Wired optical mouse (USB)",No Battery,"ø4.5, 120W AC Adapter","BIOS Booting User Password Protection
HDD User Password Protection and Security
Kensington Security Slot™(7x 3mm)"
90PT0411-M000C0,PG440VAK-BPC385WR,ASUS ExpertCenter P400,Trusted by IT Experts. Built for Worry-Free Business.,"- Business-Class Performance in a Sleek Design with 93% Screen-to-Body Ratio and 100Hz Responsive Touchscreen
- Optimized for Hybrid Work with AI ExpertMeet and Immersive Dolby Audio
- Enterprise-Grade Security and Reliability with TPM 2.0, Retractable Camera, and 2-Year Full Warranty with Accidental Damage Protection",0,90PT0411-M000C0,ASUS ExpertCenter P400 (Core 3 100U/8GB/512GB/Win 11 Home/PG440VAK),Intel® Core™ 3 100U 1.2 GHz,Intel® Graphics,Windows 11 Home,1-month trial for new Microsoft 365 customers. Credit card required.,"23.8""",FHD (1920 x 1080) 16:9,250nits,DDR5 8GB,512GB M.2 NVMe™ PCIe® 4.0 SSD,"Side:
1x Kensington lock
1x 3.5mm combo audio jack
1x USB 2.0 Type-A

Back:
1x DC-in
1x RJ45 Gigabit Ethernet
1x HDMI in 1.4
1x HDMI out 1.4
1x USB 3.2 Gen 1 Type-C
3x USB 3.2 Gen 1 Type-A",06.90 kg,54.1 x 41.6 x 1.7 ~ 21.0 cm,0,"Wired black keyboard (USB)
Wired optical mouse (USB)",No Battery,"ø4.5, 90W AC Adapter","BIOS Booting User Password Protection
HDD User Password Protection and Security
Kensington Security Slot™(7x 3mm)"
90PT0411-M000E0,PG440VAK-BPC585WR,ASUS ExpertCenter P400,Trusted by IT Experts. Built for Worry-Free Business.,"- Business-Class Performance in a Sleek Design with 93% Screen-to-Body Ratio and 100Hz Responsive Touchscreen
- Optimized for Hybrid Work with AI ExpertMeet and Immersive Dolby Audio
- Enterprise-Grade Security and Reliability with TPM 2.0, Retractable Camera, and 2-Year Full Warranty with Accidental Damage Protection",0,90PT0411-M000E0,ASUS ExpertCenter P400 (Core 5 210H/8GB/512GB/Win 11 Home/PG440VAK),Intel® Core™ 5 210H 2.2 GHz,Intel® Graphics,Windows 11 Home,1-month trial for new Microsoft 365 customers. Credit card required.,"23.8""",FHD (1920 x 1080) 16:9,250nits,DDR5 8GB,512GB M.2 NVMe™ PCIe® 4.0 SSD,"Side:
1x Kensington lock
1x 3.5mm combo audio jack
1x USB 2.0 Type-A

Back:
1x DC-in
1x RJ45 Gigabit Ethernet
1x HDMI in 1.4
1x HDMI out 1.4
1x USB 3.2 Gen 1 Type-C
3x USB 3.2 Gen 1 Type-A",06.90 kg,54.1 x 41.6 x 1.7 ~ 21.0 cm,0,"Wired black keyboard (USB)
Wired optical mouse (USB)",No Battery,"ø4.5, 120W AC Adapter","BIOS Booting User Password Protection
HDD User Password Protection and Security
Kensington Security Slot™(7x 3mm)"
90PT0411-M000F0,PG440VAK-BPC585XR,ASUS ExpertCenter P400,Trusted by IT Experts. Built for Worry-Free Business.,"- Business-Class Performance in a Sleek Design with 93% Screen-to-Body Ratio and 100Hz Responsive Touchscreen
- Optimized for Hybrid Work with AI ExpertMeet and Immersive Dolby Audio
- Enterprise-Grade Security and Reliability with TPM 2.0, Retractable Camera, and 2-Year Full Warranty with Accidental Damage Protection",0,90PT0411-M000F0,ASUS ExpertCenter P400 (Core 5 210H/8GB/512GB/Win 11 Pro/PG440VAK),Intel® Core™ 5 210H 2.2 GHz,Intel® Graphics,Windows 11 Pro,1-month trial for new Microsoft 365 customers. Credit card required.,"23.8""",FHD (1920 x 1080) 16:9,250nits,DDR5 8GB,512GB M.2 NVMe™ PCIe® 4.0 SSD,"Side:
1x Kensington lock
1x 3.5mm combo audio jack
1x USB 2.0 Type-A

Back:
1x DC-in
1x RJ45 Gigabit Ethernet
1x HDMI in 1.4
1x HDMI out 1.4
1x USB 3.2 Gen 1 Type-C
3x USB 3.2 Gen 1 Type-A",06.90 kg,54.1 x 41.6 x 1.7 ~ 21.0 cm,0,"Wired black keyboard (USB)
Wired optical mouse (USB)",No Battery,"ø4.5, 120W AC Adapter","BIOS Booting User Password Protection
HDD User Password Protection and Security
Kensington Security Slot™(7x 3mm)"
90PT0411-M000H0,PG440VAK-BPC515WR,ASUS ExpertCenter P400,Trusted by IT Experts. Built for Worry-Free Business.,"- Business-Class Performance in a Sleek Design with 93% Screen-to-Body Ratio and 100Hz Responsive Touchscreen
- Optimized for Hybrid Work with AI ExpertMeet and Immersive Dolby Audio
- Enterprise-Grade Security and Reliability with TPM 2.0, Retractable Camera, and 2-Year Full Warranty with Accidental Damage Protection",0,90PT0411-M000H0,ASUS ExpertCenter P400 (Core 5 210H/16GB/512GB/Win 11 Home/PG440VAK),Intel® Core™ 5 210H 2.2 GHz,Intel® Graphics,Windows 11 Home,1-month trial for new Microsoft 365 customers. Credit card required.,"23.8""",FHD (1920 x 1080) 16:9,250nits,DDR5 16GB,512GB M.2 NVMe™ PCIe® 4.0 SSD,"Side:
1x Kensington lock
1x 3.5mm combo audio jack
1x USB 2.0 Type-A

Back:
1x DC-in
1x RJ45 Gigabit Ethernet
1x HDMI in 1.4
1x HDMI out 1.4
1x USB 3.2 Gen 1 Type-C
3x USB 3.2 Gen 1 Type-A",06.90 kg,54.1 x 41.6 x 1.7 ~ 21.0 cm,0,"Wired black keyboard (USB)
Wired optical mouse (USB)",No Battery,"ø4.5, 120W AC Adapter","BIOS Booting User Password Protection
HDD User Password Protection and Security
Kensington Security Slot™(7x 3mm)"
90PT0411-M000J0,PG440VAK-BPC515XR,ASUS ExpertCenter P400,Trusted by IT Experts. Built for Worry-Free Business.,"- Business-Class Performance in a Sleek Design with 93% Screen-to-Body Ratio and 100Hz Responsive Touchscreen
- Optimized for Hybrid Work with AI ExpertMeet and Immersive Dolby Audio
- Enterprise-Grade Security and Reliability with TPM 2.0, Retractable Camera, and 2-Year Full Warranty with Accidental Damage Protection",0,90PT0411-M000J0,ASUS ExpertCenter P400 (Core 5 210H/16GB/512GB/Win 11 Pro/PG440VAK),Intel® Core™ 5 210H 2.2 GHz,Intel® Graphics,Windows 11 Pro,1-month trial for new Microsoft 365 customers. Credit card required.,"23.8""",FHD (1920 x 1080) 16:9,250nits,DDR5 16GB,512GB M.2 NVMe™ PCIe® 4.0 SSD,"Side:
1x Kensington lock
1x 3.5mm combo audio jack
1x USB 2.0 Type-A

Back:
1x DC-in
1x RJ45 Gigabit Ethernet
1x HDMI in 1.4
1x HDMI out 1.4
1x USB 3.2 Gen 1 Type-C
3x USB 3.2 Gen 1 Type-A",06.90 kg,54.1 x 41.6 x 1.7 ~ 21.0 cm,0,"Wired black keyboard (USB)
Wired optical mouse (USB)",No Battery,"ø4.5, 120W AC Adapter","BIOS Booting User Password Protection
HDD User Password Protection and Security
Kensington Security Slot™(7x 3mm)"
90PT0411-M000K0,PG440VAK-BPC711WR,ASUS ExpertCenter P400,Trusted by IT Experts. Built for Worry-Free Business.,"- Business-Class Performance in a Sleek Design with 93% Screen-to-Body Ratio and 100Hz Responsive Touchscreen
- Optimized for Hybrid Work with AI ExpertMeet and Immersive Dolby Audio
- Enterprise-Grade Security and Reliability with TPM 2.0, Retractable Camera, and 2-Year Full Warranty with Accidental Damage Protection",0,90PT0411-M000K0,ASUS ExpertCenter P400 (Core 7 240H/16GB/512GB/Win 11 Home/PG440VAK),Intel® Core™ 7 240H 2.5 GHz,Intel® Graphics,Windows 11 Home,1-month trial for new Microsoft 365 customers. Credit card required.,"23.8""",FHD (1920 x 1080) 16:9,250nits,DDR5 16GB,512GB + 512GB M.2 NVMe™ PCIe® 4.0 SSD,"Side:
1x Kensington lock
1x 3.5mm combo audio jack
1x USB 2.0 Type-A

Back:
1x DC-in
1x RJ45 Gigabit Ethernet
1x HDMI in 1.4
1x HDMI out 1.4
1x USB 3.2 Gen 1 Type-C
3x USB 3.2 Gen 1 Type-A",06.90 kg,54.1 x 41.6 x 1.7 ~ 21.0 cm,0,"Wired black keyboard (USB)
Wired optical mouse (USB)",No Battery,"ø4.5, 120W AC Adapter","BIOS Booting User Password Protection
HDD User Password Protection and Security
Kensington Security Slot™(7x 3mm)"
90PT0411-M000L0,PG440VAK-BPC711XR,ASUS ExpertCenter P400,Trusted by IT Experts. Built for Worry-Free Business.,"- Business-Class Performance in a Sleek Design with 93% Screen-to-Body Ratio and 100Hz Responsive Touchscreen
- Optimized for Hybrid Work with AI ExpertMeet and Immersive Dolby Audio
- Enterprise-Grade Security and Reliability with TPM 2.0, Retractable Camera, and 2-Year Full Warranty with Accidental Damage Protection",0,90PT0411-M000L0,ASUS ExpertCenter P400 (Core 7 240H/16GB/512GB/Win 11 Pro/PG440VAK),Intel® Core™ 7 240H 2.5 GHz,Intel® Graphics,Windows 11 Pro,1-month trial for new Microsoft 365 customers. Credit card required.,"23.8""",FHD (1920 x 1080) 16:9,250nits,DDR5 16GB,512GB + 512GB M.2 NVMe™ PCIe® 4.0 SSD,"Side:
1x Kensington lock
1x 3.5mm combo audio jack
1x USB 2.0 Type-A

Back:
1x DC-in
1x RJ45 Gigabit Ethernet
1x HDMI in 1.4
1x HDMI out 1.4
1x USB 3.2 Gen 1 Type-C
3x USB 3.2 Gen 1 Type-A",06.90 kg,54.1 x 41.6 x 1.7 ~ 21.0 cm,0,"Wired black keyboard (USB)
Wired optical mouse (USB)",No Battery,"ø4.5, 120W AC Adapter","BIOS Booting User Password Protection
HDD User Password Protection and Security
Kensington Security Slot™(7x 3mm)"
90PT0411-M000M0,PG440VAK-BPC785WR,ASUS ExpertCenter P400,Trusted by IT Experts. Built for Worry-Free Business.,"- Business-Class Performance in a Sleek Design with 93% Screen-to-Body Ratio and 100Hz Responsive Touchscreen
- Optimized for Hybrid Work with AI ExpertMeet and Immersive Dolby Audio
- Enterprise-Grade Security and Reliability with TPM 2.0, Retractable Camera, and 2-Year Full Warranty with Accidental Damage Protection",0,90PT0411-M000M0,ASUS ExpertCenter P400 (Core 7 240H/8GB/512GB/Win 11 Home/PG440VAK),Intel® Core™ 7 240H 2.5 GHz,Intel® Graphics,Windows 11 Home,1-month trial for new Microsoft 365 customers. Credit card required.,"23.8""",FHD (1920 x 1080) 16:9,250nits,DDR5 8GB,512GB M.2 NVMe™ PCIe® 4.0 SSD,"Side:
1x Kensington lock
1x 3.5mm combo audio jack
1x USB 2.0 Type-A

Back:
1x DC-in
1x RJ45 Gigabit Ethernet
1x HDMI in 1.4
1x HDMI out 1.4
1x USB 3.2 Gen 1 Type-C
3x USB 3.2 Gen 1 Type-A",06.90 kg,54.1 x 41.6 x 1.7 ~ 21.0 cm,0,"Wired black keyboard (USB)
Wired optical mouse (USB)",No Battery,"ø4.5, 120W AC Adapter","BIOS Booting User Password Protection
HDD User Password Protection and Security
Kensington Security Slot™(7x 3mm)"
90PT0411-M000N0,PG440VAK-BPC715WR,ASUS ExpertCenter P400,Trusted by IT Experts. Built for Worry-Free Business.,"- Business-Class Performance in a Sleek Design with 93% Screen-to-Body Ratio and 100Hz Responsive Touchscreen
- Optimized for Hybrid Work with AI ExpertMeet and Immersive Dolby Audio
- Enterprise-Grade Security and Reliability with TPM 2.0, Retractable Camera, and 2-Year Full Warranty with Accidental Damage Protection",0,90PT0411-M000N0,ASUS ExpertCenter P400 (Core 7 240H/16GB/512GB/Win 11 Home/PG440VAK),Intel® Core™ 7 240H 2.5 GHz,Intel® Graphics,Windows 11 Home,1-month trial for new Microsoft 365 customers. Credit card required.,"23.8""",FHD (1920 x 1080) 16:9,250nits,DDR5 16GB,512GB M.2 NVMe™ PCIe® 4.0 SSD,"Side:
1x Kensington lock
1x 3.5mm combo audio jack
1x USB 2.0 Type-A

Back:
1x DC-in
1x RJ45 Gigabit Ethernet
1x HDMI in 1.4
1x HDMI out 1.4
1x USB 3.2 Gen 1 Type-C
3x USB 3.2 Gen 1 Type-A",06.90 kg,54.1 x 41.6 x 1.7 ~ 21.0 cm,0,"Wired black keyboard (USB)
Wired optical mouse (USB)",No Battery,"ø4.5, 120W AC Adapter","BIOS Booting User Password Protection
HDD User Password Protection and Security
Kensington Security Slot™(7x 3mm)"
90PT0451-M005R0,PM670KAK-W7310WS,ASUS ExpertCenter PM600,Trusted by IT Experts. Built for Worry-Free Business.,"- Next-Gen Business AI Performance : Equipped with up to AMD Ryzen™ AI 7 processors and 50 TOPS NPU, delivering powerful AI-accelerated performance for real-time content creation and productivity tasks.
- Designed for Hybrid Work Productivity : Optimized for Hybrid Modern WorkFlow with ASUS AI ExpertMeet and Immersive Dolby Audio for clearer communication and collaboration
- Enterprise-Grade Security and Reliability : Advanced security with TPM 2.0, retractable privacy camera, and complete peace of mind with a 2-year full warranty plus Accidental Damage Protection.
- Efficient Connectivity & Modern Design : Comprehensive I/O Port, Wi-Fi 7 support, and sleek all-in-one form factor optimized for constrained workspaces without sacrificing performance",0,90PT0451-M005R0,ASUS ExpertCenter PM600 (AMD Ryzen™AI 7 350 2.0/32GB/1TB/Win 11 Home/PM670KAK),AMD Ryzen™AI 7 350 2.0 GHz,AMD Radeon™ 860M,Windows 11 Home,"Microsoft Office Home 2024
Microsoft 365 Basic","27.0""",FHD (1920 x 1080) 16:9,300nits,DDR5 32GB,1TB M.2 NVMe™ PCIe® 4.0 SSD,"Side:
1x Kensington lock
1x 3.5mm combo audio jack
1x USB 2.0 Type-A

Back:
1x DC-in
1x RJ45 Gigabit Ethernet
1x HDMI in 1.4
1x HDMI out 2.1b
1x USB 3.2 Gen 1 Type-C
3x USB 3.2 Gen 1 Type-A",09.00 kg,61.3 x 44.7 x 1.7 ~ 21.0 cm,2x DDR5 SO-DIMM slot,"Wireless sandstone white keyboard
Wireless optical mouse",No Battery,"ø4.5, 120W AC Adapter","BIOS Booting User Password Protection
HDD User Password Protection and Security
Kensington Security Slot™(7x 3mm)"
90PT0461-M00EA0,PM640KAK-W5150WS,ASUS ExpertCenter PM600,Trusted by IT Experts. Built for Worry-Free Business.,"- Next-Gen Business AI Performance : Equipped with up to AMD Ryzen™ AI 7 processors and 50 TOPS NPU, delivering powerful AI-accelerated performance for real-time content creation and productivity tasks.
- Designed for Hybrid Work Productivity : Optimized for Hybrid Modern WorkFlow with ASUS AI ExpertMeet and Immersive Dolby Audio for clearer communication and collaboration
- Enterprise-Grade Security and Reliability : Advanced security with TPM 2.0, retractable privacy camera, and complete peace of mind with a 2-year full warranty plus Accidental Damage Protection.
- Efficient Connectivity & Modern Design : Comprehensive I/O Port, Wi-Fi 7 support, and sleek all-in-one form factor optimized for constrained workspaces without sacrificing performance",0,90PT0461-M00EA0,ASUS ExpertCenter PM600 (AMD Ryzen™AI 5 330 2.0/16GB/512GB/Win 11 Home/PM640KAK),"AMD Ryzen™AI 5 330 2.0 GHz 
 NPU 50 TOPs",AMD Radeon™ 820M,Windows 11 Home,"Microsoft Office Home 2024
Microsoft 365 Basic","23.8""",FHD (1920 x 1080) 16:9,250nits,DDR5 16GB,512GB M.2 NVMe™ PCIe® 4.0 SSD,"Side:
1x Kensington lock
1x 3.5mm combo audio jack
1x USB 2.0 Type-A

Back:
1x DC-in
1x RJ45 Gigabit Ethernet
1x HDMI in 1.4
1x HDMI out 2.1b
1x USB 3.2 Gen 1 Type-C
3x USB 3.2 Gen 1 Type-A",06.90 kg,54.1 x 41.6 x 1.7 ~ 21.0 cm,2x DDR5 SO-DIMM slot,"Wireless sandstone white keyboard
Wireless optical mouse",No Battery,"ø4.5, 120W AC Adapter","BIOS Booting User Password Protection
HDD User Password Protection and Security
Kensington Security Slot™(7x 3mm)"
90PT0463-M008P0,PM640KAK-B5150WS,ASUS ExpertCenter PM600,Trusted by IT Experts. Built for Worry-Free Business.,"- Next-Gen Business AI Performance : Equipped with up to AMD Ryzen™ AI 7 processors and 50 TOPS NPU, delivering powerful AI-accelerated performance for real-time content creation and productivity tasks.
- Designed for Hybrid Work Productivity : Optimized for Hybrid Modern WorkFlow with ASUS AI ExpertMeet and Immersive Dolby Audio for clearer communication and collaboration
- Enterprise-Grade Security and Reliability : Advanced security with TPM 2.0, retractable privacy camera, and complete peace of mind with a 2-year full warranty plus Accidental Damage Protection.
- Efficient Connectivity & Modern Design : Comprehensive I/O Port, Wi-Fi 7 support, and sleek all-in-one form factor optimized for constrained workspaces without sacrificing performance",https://drive.google.com/drive/folders/1tSEQNubX0DITMOp4tH495afLQI4INGTT?usp=sharing,90PT0463-M008P0,ASUS ExpertCenter PM600 (AMD Ryzen™AI 5 330 2.0/16GB/512GB/Win 11 Home/PM640KAK),"AMD Ryzen™AI 5 330 2.0 GHz 
 NPU 50 TOPs",AMD Radeon™ 820M,Windows 11 Home,"Microsoft Office Home 2024
Microsoft 365 Basic","23.8""",FHD (1920 x 1080) 16:9,250nits,DDR5 16GB,512GB M.2 NVMe™ PCIe® 4.0 SSD,"Side:
1x Kensington lock
1x 3.5mm combo audio jack
1x USB 2.0 Type-A

Back:
1x DC-in
1x RJ45 Gigabit Ethernet
1x HDMI in 1.4
1x HDMI out 2.1b
1x USB 3.2 Gen 1 Type-C
3x USB 3.2 Gen 1 Type-A",06.90 kg,54.1 x 41.6 x 1.7 ~ 21.0 cm,2x DDR5 SO-DIMM slot,"Wireless black keyboard
Wireless optical mouse",No Battery,"ø4.5, 120W AC Adapter","BIOS Booting User Password Protection
HDD User Password Protection and Security
Kensington Security Slot™(7x 3mm)"
90PT0463-M009H0,PM640KAK-B7150WS,ASUS ExpertCenter PM600,Trusted by IT Experts. Built for Worry-Free Business.,"- Next-Gen Business AI Performance : Equipped with up to AMD Ryzen™ AI 7 processors and 50 TOPS NPU, delivering powerful AI-accelerated performance for real-time content creation and productivity tasks.
- Designed for Hybrid Work Productivity : Optimized for Hybrid Modern WorkFlow with ASUS AI ExpertMeet and Immersive Dolby Audio for clearer communication and collaboration
- Enterprise-Grade Security and Reliability : Advanced security with TPM 2.0, retractable privacy camera, and complete peace of mind with a 2-year full warranty plus Accidental Damage Protection.
- Efficient Connectivity & Modern Design : Comprehensive I/O Port, Wi-Fi 7 support, and sleek all-in-one form factor optimized for constrained workspaces without sacrificing performance",0,90PT0463-M009H0,ASUS ExpertCenter PM600 (AMD Ryzen™AI 7 350 2.0/16GB/512GB/Win 11 Home/PM640KAK),"AMD Ryzen™AI 7 350 2.0 GHz 
 NPU 50 TOPs",AMD Radeon™ 860M,Windows 11 Home,"Microsoft Office Home 2024
Microsoft 365 Basic","23.8""",FHD (1920 x 1080) 16:9,250nits,DDR5 16GB,512GB M.2 NVMe™ PCIe® 4.0 SSD,"Side:
1x Kensington lock
1x 3.5mm combo audio jack
1x USB 2.0 Type-A

Back:
1x DC-in
1x RJ45 Gigabit Ethernet
1x HDMI in 1.4
1x HDMI out 2.1b
1x USB 3.2 Gen 1 Type-C
3x USB 3.2 Gen 1 Type-A",06.90 kg,54.1 x 41.6 x 1.7 ~ 21.0 cm,2x DDR5 SO-DIMM slot,"Wireless black keyboard
Wireless optical mouse",No Battery,"ø4.5, 120W AC Adapter","BIOS Booting User Password Protection
HDD User Password Protection and Security
Kensington Security Slot™(7x 3mm)"
90PT04D1-M00080,PM670GAT-W7310WSH,ASUS ExpertCenter PM600,Trusted by IT Experts. Built for Worry-Free Business.,"- Business-Class Performance in a Sleek Design with 93% Screen-to-Body Ratio and 100Hz Responsive Touchscreen
- Optimized for Hybrid Work with AI ExpertMeet and Immersive Dolby Audio
- Enterprise-Grade Security and Reliability with TPM 2.0, Retractable Camera, and 2-Year Full Warranty with Accidental Damage Protection",0,90PT04D1-M00080,#VALUE!,#VALUE!,N/A,,With privacy shutter,"27.0""",FHD (1920 x 1080) 16:9,300nits,AMD Radeon™ 840M,,"Side:
Built-in array microphone
Built-in speakers

Back:
Windows 11 Home - ASUS recommends Windows 11 Pro for business
* Windows 11 Home is available only as the Single Language edition. Learn more about Windows 11 Home Single language: https://support.microsoft.com/article/eaf060a6-3642-4612-6b75-b34e57a08abf",#N/A,#N/A,16GB DDR5 SO-DIMM *2,??.?? kg,No Battery,Not Found,"ø4.5, 120W AC Adapter, Output: 20V DC, 6.0A, 120W, Input: 100~240V AC 50/60Hz universal"
90PT04D1-M00090,PM670GAT-W5350WSH,ASUS ExpertCenter PM600,Trusted by IT Experts. Built for Worry-Free Business.,"- Business-Class Performance in a Sleek Design with 93% Screen-to-Body Ratio and 100Hz Responsive Touchscreen
- Optimized for Hybrid Work with AI ExpertMeet and Immersive Dolby Audio
- Enterprise-Grade Security and Reliability with TPM 2.0, Retractable Camera, and 2-Year Full Warranty with Accidental Damage Protection",0,90PT04D1-M00090,#VALUE!,#VALUE!,N/A,,With privacy shutter,"27.0""",FHD (1920 x 1080) 16:9,300nits,AMD Radeon™ 840M,,"Side:
Built-in array microphone
Built-in speakers

Back:
Windows 11 Home - ASUS recommends Windows 11 Pro for business
* Windows 11 Home is available only as the Single Language edition. Learn more about Windows 11 Home Single language: https://support.microsoft.com/article/eaf060a6-3642-4612-6b75-b34e57a08abf",#N/A,#N/A,16GB DDR5 SO-DIMM *2,??.?? kg,No Battery,Not Found,"ø4.5, 120W AC Adapter, Output: 20V DC, 6.0A, 120W, Input: 100~240V AC 50/60Hz universal"
90PT04D2-M000A0,PM670GAK-B7310WS,ASUS ExpertCenter PM600,Trusted by IT Experts. Built for Worry-Free Business.,"- Business-Class Performance in a Sleek Design with 93% Screen-to-Body Ratio and 100Hz Responsive Touchscreen
- Optimized for Hybrid Work with AI ExpertMeet and Immersive Dolby Audio
- Enterprise-Grade Security and Reliability with TPM 2.0, Retractable Camera, and 2-Year Full Warranty with Accidental Damage Protection",0,90PT04D2-M000A0,#VALUE!,#VALUE!,N/A,,With privacy shutter,"27.0""",FHD (1920 x 1080) 16:9,300nits,AMD Radeon™ 840M,,"Side:
Built-in array microphone
Built-in speakers

Back:
Windows 11 Home - ASUS recommends Windows 11 Pro for business
* Windows 11 Home is available only as the Single Language edition. Learn more about Windows 11 Home Single language: https://support.microsoft.com/article/eaf060a6-3642-4612-6b75-b34e57a08abf",#N/A,#N/A,16GB DDR5 SO-DIMM *2,??.?? kg,No Battery,Not Found,"ø4.5, 120W AC Adapter, Output: 20V DC, 6.0A, 120W, Input: 100~240V AC 50/60Hz universal"
90PT04D2-M000B0,PM670GAK-B5350WS,ASUS ExpertCenter PM600,Trusted by IT Experts. Built for Worry-Free Business.,"- Business-Class Performance in a Sleek Design with 93% Screen-to-Body Ratio and 100Hz Responsive Touchscreen
- Optimized for Hybrid Work with AI ExpertMeet and Immersive Dolby Audio
- Enterprise-Grade Security and Reliability with TPM 2.0, Retractable Camera, and 2-Year Full Warranty with Accidental Damage Protection",0,90PT04D2-M000B0,#VALUE!,#VALUE!,N/A,,With privacy shutter,"27.0""",FHD (1920 x 1080) 16:9,300nits,AMD Radeon™ 840M,,"Side:
Built-in array microphone
Built-in speakers

Back:
Windows 11 Home - ASUS recommends Windows 11 Pro for business
* Windows 11 Home is available only as the Single Language edition. Learn more about Windows 11 Home Single language: https://support.microsoft.com/article/eaf060a6-3642-4612-6b75-b34e57a08abf",#N/A,#N/A,16GB DDR5 SO-DIMM *2,??.?? kg,No Battery,Not Found,"ø4.5, 120W AC Adapter, Output: 20V DC, 6.0A, 120W, Input: 100~240V AC 50/60Hz universal"
90PT04E1-M000V0,PM640GAT-W7310WSH,ASUS ExpertCenter PM600,Trusted by IT Experts. Built for Worry-Free Business.,"- Business-Class Performance in a Sleek Design with 93% Screen-to-Body Ratio and 100Hz Responsive Touchscreen
- Optimized for Hybrid Work with AI ExpertMeet and Immersive Dolby Audio
- Enterprise-Grade Security and Reliability with TPM 2.0, Retractable Camera, and 2-Year Full Warranty with Accidental Damage Protection",0,90PT04E1-M000V0,#VALUE!,#VALUE!,N/A,,With privacy shutter,"23.8""",FHD (1920 x 1080) 16:9,250nits,AMD Radeon™ 840M,,"Side:
Built-in array microphone
Built-in speakers

Back:
Windows 11 Home - ASUS recommends Windows 11 Pro for business
* Windows 11 Home is available only as the Single Language edition. Learn more about Windows 11 Home Single language: https://support.microsoft.com/article/eaf060a6-3642-4612-6b75-b34e57a08abf",#N/A,#N/A,16GB DDR5 SO-DIMM *2,??.?? kg,No Battery,Not Found,"ø4.5, 120W AC Adapter, Output: 20V DC, 6.0A, 120W, Input: 100~240V AC 50/60Hz universal"
90PT04E1-M000W0,PM640GAT-W5350WSH,ASUS ExpertCenter PM600,Trusted by IT Experts. Built for Worry-Free Business.,"- Business-Class Performance in a Sleek Design with 93% Screen-to-Body Ratio and 100Hz Responsive Touchscreen
- Optimized for Hybrid Work with AI ExpertMeet and Immersive Dolby Audio
- Enterprise-Grade Security and Reliability with TPM 2.0, Retractable Camera, and 2-Year Full Warranty with Accidental Damage Protection",0,90PT04E1-M000W0,#VALUE!,#VALUE!,N/A,,With privacy shutter,"23.8""",FHD (1920 x 1080) 16:9,250nits,AMD Radeon™ 840M,,"Side:
Built-in array microphone
Built-in speakers

Back:
Windows 11 Home - ASUS recommends Windows 11 Pro for business
* Windows 11 Home is available only as the Single Language edition. Learn more about Windows 11 Home Single language: https://support.microsoft.com/article/eaf060a6-3642-4612-6b75-b34e57a08abf",#N/A,#N/A,16GB DDR5 SO-DIMM *2,??.?? kg,No Battery,Not Found,"ø4.5, 120W AC Adapter, Output: 20V DC, 6.0A, 120W, Input: 100~240V AC 50/60Hz universal"
90PT04E2-M000X0,PM640GAK-B7310WS,ASUS ExpertCenter PM600,Trusted by IT Experts. Built for Worry-Free Business.,"- Business-Class Performance in a Sleek Design with 93% Screen-to-Body Ratio and 100Hz Responsive Touchscreen
- Optimized for Hybrid Work with AI ExpertMeet and Immersive Dolby Audio
- Enterprise-Grade Security and Reliability with TPM 2.0, Retractable Camera, and 2-Year Full Warranty with Accidental Damage Protection",0,90PT04E2-M000X0,#VALUE!,#VALUE!,N/A,,With privacy shutter,"23.8""",FHD (1920 x 1080) 16:9,250nits,AMD Radeon™ 840M,,"Side:
Built-in array microphone
Built-in speakers

Back:
Windows 11 Home - ASUS recommends Windows 11 Pro for business
* Windows 11 Home is available only as the Single Language edition. Learn more about Windows 11 Home Single language: https://support.microsoft.com/article/eaf060a6-3642-4612-6b75-b34e57a08abf",#N/A,#N/A,16GB DDR5 SO-DIMM *2,??.?? kg,No Battery,Not Found,"ø4.5, 120W AC Adapter, Output: 20V DC, 6.0A, 120W, Input: 100~240V AC 50/60Hz universal"
90PT04E2-M000Y0,PM640GAK-B5350WS,ASUS ExpertCenter PM600,Trusted by IT Experts. Built for Worry-Free Business.,"- Business-Class Performance in a Sleek Design with 93% Screen-to-Body Ratio and 100Hz Responsive Touchscreen
- Optimized for Hybrid Work with AI ExpertMeet and Immersive Dolby Audio
- Enterprise-Grade Security and Reliability with TPM 2.0, Retractable Camera, and 2-Year Full Warranty with Accidental Damage Protection",0,90PT04E2-M000Y0,#VALUE!,#VALUE!,N/A,,With privacy shutter,"23.8""",FHD (1920 x 1080) 16:9,250nits,AMD Radeon™ 840M,,"Side:
Built-in array microphone
Built-in speakers

Back:
Windows 11 Home - ASUS recommends Windows 11 Pro for business
* Windows 11 Home is available only as the Single Language edition. Learn more about Windows 11 Home Single language: https://support.microsoft.com/article/eaf060a6-3642-4612-6b75-b34e57a08abf",#N/A,#N/A,16GB DDR5 SO-DIMM *2,??.?? kg,No Battery,Not Found,"ø4.5, 120W AC Adapter, Output: 20V DC, 6.0A, 120W, Input: 100~240V AC 50/60Hz universal"
,,,,,,,,,,,,,,,,,,,,,,,,
,,,,,,,,,,,,,,,,,,,,,,,,
,,,,,,,,,,,,,,,,,,,,,,,,
,,,,,,,,,,,,,,,,,,,,,,,,
,,,,,,,,,,,,,,,,,,,,,,,,
,,,,,,,,,,,,,,,,,,,,,,,,
,,,,,,,,,,,,,,,,,,,,,,,,
,,,,,,,,,,,,,,,,,,,,,,,,
,,,,,,,,,,,,,,,,,,,,,,,,
,,,,,,,,,,,,,,,,,,,,,,,,
,,,,,,,,,,,,,,,,,,,,,,,,
,,,,,,,,,,,,,,,,,,,,,,,,
,,,,,,,,,,,,,,,,,,,,,,,,
,,,,,,,,,,,,,,,,,,,,,,,,
,,,,,,,,,,,,,,,,,,,,,,,,
,,,,,,,,,,,,,,,,,,,,,,,,
,,,,,,,,,,,,,,,,,,,,,,,,
,,,,,,,,,,,,,,,,,,,,,,,,
,,,,,,,,,,,,,,,,,,,,,,,,
,,,,,,,,,,,,,,,,,,,,,,,,
,,,,,,,,,,,,,,,,,,,,,,,,
,,,,,,,,,,,,,,,,,,,,,,,,
,,,,,,,,,,,,,,,,,,,,,,,,
,,,,,,,,,,,,,,,,,,,,,,,,
,,,,,,,,,,,,,,,,,,,,,,,,
,,,,,,,,,,,,,,,,,,,,,,,,
,,,,,,,,,,,,,,,,,,,,,,,,
,,,,,,,,,,,,,,,,,,,,,,,,
,,,,,,,,,,,,,,,,,,,,,,,,
,,,,,,,,,,,,,,,,,,,,,,,,
,,,,,,,,,,,,,,,,,,,,,,,,
,,,,,,,,,,,,,,,,,,,,,,,,
,,,,,,,,,,,,,,,,,,,,,,,,
,,,,,,,,,,,,,,,,,,,,,,,,
,,,,,,,,,,,,,,,,,,,,,,,,
,,,,,,,,,,,,,,,,,,,,,,,,
,,,,,,,,,,,,,,,,,,,,,,,,
,,,,,,,,,,,,,,,,,,,,,,,,
,,,,,,,,,,,,,,,,,,,,,,,,
,,,,,,,,,,,,,,,,,,,,,,,,
,,,,,,,,,,,,,,,,,,,,,,,,
,,,,,,,,,,,,,,,,,,,,,,,,
,,,,,,,,,,,,,,,,,,,,,,,,
,,,,,,,,,,,,,,,,,,,,,,,,
,,,,,,,,,,,,,,,,,,,,,,,,
,,,,,,,,,,,,,,,,,,,,,,,,
,,,,,,,,,,,,,,,,,,,,,,,,
,,,,,,,,,,,,,,,,,,,,,,,,
,,,,,,,,,,,,,,,,,,,,,,,,
,,,,,,,,,,,,,,,,,,,,,,,,
,,,,,,,,,,,,,,,,,,,,,,,,
,,,,,,,,,,,,,,,,,,,,,,,,
,,,,,,,,,,,,,,,,,,,,,,,,
,,,,,,,,,,,,,,,,,,,,,,,,
,,,,,,,,,,,,,,,,,,,,,,,,
,,,,,,,,,,,,,,,,,,,,,,,,
,,,,,,,,,,,,,,,,,,,,,,,,
,,,,,,,,,,,,,,,,,,,,,,,,
,,,,,,,,,,,,,,,,,,,,,,,,
,,,,,,,,,,,,,,,,,,,,,,,,
,,,,,,,,,,,,,,,,,,,,,,,,
,,,,,,,,,,,,,,,,,,,,,,,,
,,,,,,,,,,,,,,,,,,,,,,,,
,,,,,,,,,,,,,,,,,,,,,,,,
,,,,,,,,,,,,,,,,,,,,,,,,
,,,,,,,,,,,,,,,,,,,,,,,,
,,,,,,,,,,,,,,,,,,,,,,,,
,,,,,,,,,,,,,,,,,,,,,,,,
,,,,,,,,,,,,,,,,,,,,,,,,
,,,,,,,,,,,,,,,,,,,,,,,,
,,,,,,,,,,,,,,,,,,,,,,,,
,,,,,,,,,,,,,,,,,,,,,,,,
,,,,,,,,,,,,,,,,,,,,,,,,
,,,,,,,,,,,,,,,,,,,,,,,,
,,,,,,,,,,,,,,,,,,,,,,,,
,,,,,,,,,,,,,,,,,,,,,,,,
,,,,,,,,,,,,,,,,,,,,,,,,
,,,,,,,,,,,,,,,,,,,,,,,,
,,,,,,,,,,,,,,,,,,,,,,,,
,,,,,,,,,,,,,,,,,,,,,,,,
,,,,,,,,,,,,,,,,,,,,,,,,
,,,,,,,,,,,,,,,,,,,,,,,,
,,,,,,,,,,,,,,,,,,,,,,,,
,,,,,,,,,,,,,,,,,,,,,,,,
,,,,,,,,,,,,,,,,,,,,,,,,
,,,,,,,,,,,,,,,,,,,,,,,,
,,,,,,,,,,,,,,,,,,,,,,,,
,,,,,,,,,,,,,,,,,,,,,,,,
,,,,,,,,,,,,,,,,,,,,,,,,
,,,,,,,,,,,,,,,,,,,,,,,,
,,,,,,,,,,,,,,,,,,,,,,,,
,,,,,,,,,,,,,,,,,,,,,,,,
,,,,,,,,,,,,,,,,,,,,,,,,
,,,,,,,,,,,,,,,,,,,,,,,,
,,,,,,,,,,,,,,,,,,,,,,,,
,,,,,,,,,,,,,,,,,,,,,,,,
,,,,,,,,,,,,,,,,,,,,,,,,
,,,,,,,,,,,,,,,,,,,,,,,,
,,,,,,,,,,,,,,,,,,,,,,,,
,,,,,,,,,,,,,,,,,,,,,,,,
,,,,,,,,,,,,,,,,,,,,,,,,
,,,,,,,,,,,,,,,,,,,,,,,,
,,,,,,,,,,,,,,,,,,,,,,,,
,,,,,,,,,,,,,,,,,,,,,,,,
,,,,,,,,,,,,,,,,,,,,,,,,
,,,,,,,,,,,,,,,,,,,,,,,,
,,,,,,,,,,,,,,,,,,,,,,,,
,,,,,,,,,,,,,,,,,,,,,,,,
,,,,,,,,,,,,,,,,,,,,,,,,
,,,,,,,,,,,,,,,,,,,,,,,,
,,,,,,,,,,,,,,,,,,,,,,,,
,,,,,,,,,,,,,,,,,,,,,,,,
,,,,,,,,,,,,,,,,,,,,,,,,
,,,,,,,,,,,,,,,,,,,,,,,,
,,,,,,,,,,,,,,,,,,,,,,,,
,,,,,,,,,,,,,,,,,,,,,,,,
,,,,,,,,,,,,,,,,,,,,,,,,
,,,,,,,,,,,,,,,,,,,,,,,,
,,,,,,,,,,,,,,,,,,,,,,,,
,,,,,,,,,,,,,,,,,,,,,,,,
,,,,,,,,,,,,,,,,,,,,,,,,
,,,,,,,,,,,,,,,,,,,,,,,,
,,,,,,,,,,,,,,,,,,,,,,,,
,,,,,,,,,,,,,,,,,,,,,,,,
,,,,,,,,,,,,,,,,,,,,,,,,
,,,,,,,,,,,,,,,,,,,,,,,,
,,,,,,,,,,,,,,,,,,,,,,,,
,,,,,,,,,,,,,,,,,,,,,,,,
,,,,,,,,,,,,,,,,,,,,,,,,
,,,,,,,,,,,,,,,,,,,,,,,,
,,,,,,,,,,,,,,,,,,,,,,,,
,,,,,,,,,,,,,,,,,,,,,,,,
,,,,,,,,,,,,,,,,,,,,,,,,
,,,,,,,,,,,,,,,,,,,,,,,,
,,,,,,,,,,,,,,,,,,,,,,,,
,,,,,,,,,,,,,,,,,,,,,,,,
,,,,,,,,,,,,,,,,,,,,,,,,
,,,,,,,,,,,,,,,,,,,,,,,,
,,,,,,,,,,,,,,,,,,,,,,,,
,,,,,,,,,,,,,,,,,,,,,,,,
,,,,,,,,,,,,,,,,,,,,,,,,
,,,,,,,,,,,,,,,,,,,,,,,,
,,,,,,,,,,,,,,,,,,,,,,,,
,,,,,,,,,,,,,,,,,,,,,,,,
,,,,,,,,,,,,,,,,,,,,,,,,
,,,,,,,,,,,,,,,,,,,,,,,,
,,,,,,,,,,,,,,,,,,,,,,,,
,,,,,,,,,,,,,,,,,,,,,,,,
,,,,,,,,,,,,,,,,,,,,,,,,
,,,,,,,,,,,,,,,,,,,,,,,,
,,,,,,,,,,,,,,,,,,,,,,,,
,,,,,,,,,,,,,,,,,,,,,,,,
,,,,,,,,,,,,,,,,,,,,,,,,
,,,,,,,,,,,,,,,,,,,,,,,,
,,,,,,,,,,,,,,,,,,,,,,,,
,,,,,,,,,,,,,,,,,,,,,,,,
,,,,,,,,,,,,,,,,,,,,,,,,
,,,,,,,,,,,,,,,,,,,,,,,,
,,,,,,,,,,,,,,,,,,,,,,,,
,,,,,,,,,,,,,,,,,,,,,,,,
,,,,,,,,,,,,,,,,,,,,,,,,
,,,,,,,,,,,,,,,,,,,,,,,,
,,,,,,,,,,,,,,,,,,,,,,,,
,,,,,,,,,,,,,,,,,,,,,,,,
,,,,,,,,,,,,,,,,,,,,,,,,
,,,,,,,,,,,,,,,,,,,,,,,,
,,,,,,,,,,,,,,,,,,,,,,,,
,,,,,,,,,,,,,,,,,,,,,,,,
,,,,,,,,,,,,,,,,,,,,,,,,
,,,,,,,,,,,,,,,,,,,,,,,,
,,,,,,,,,,,,,,,,,,,,,,,,
,,,,,,,,,,,,,,,,,,,,,,,,
,,,,,,,,,,,,,,,,,,,,,,,,
,,,,,,,,,,,,,,,,,,,,,,,,
,,,,,,,,,,,,,,,,,,,,,,,,
,,,,,,,,,,,,,,,,,,,,,,,,
,,,,,,,,,,,,,,,,,,,,,,,,
,,,,,,,,,,,,,,,,,,,,,,,,
,,,,,,,,,,,,,,,,,,,,,,,,
,,,,,,,,,,,,,,,,,,,,,,,,
,,,,,,,,,,,,,,,,,,,,,,,,
,,,,,,,,,,,,,,,,,,,,,,,,
,,,,,,,,,,,,,,,,,,,,,,,,
,,,,,,,,,,,,,,,,,,,,,,,,
,,,,,,,,,,,,,,,,,,,,,,,,
,,,,,,,,,,,,,,,,,,,,,,,,
,,,,,,,,,,,,,,,,,,,,,,,,
,,,,,,,,,,,,,,,,,,,,,,,,
,,,,,,,,,,,,,,,,,,,,,,,,
,,,,,,,,,,,,,,,,,,,,,,,,
,,,,,,,,,,,,,,,,,,,,,,,,
,,,,,,,,,,,,,,,,,,,,,,,,
,,,,,,,,,,,,,,,,,,,,,,,,
,,,,,,,,,,,,,,,,,,,,,,,,
,,,,,,,,,,,,,,,,,,,,,,,,
,,,,,,,,,,,,,,,,,,,,,,,,
,,,,,,,,,,,,,,,,,,,,,,,,
,,,,,,,,,,,,,,,,,,,,,,,,
,,,,,,,,,,,,,,,,,,,,,,,,
,,,,,,,,,,,,,,,,,,,,,,,,
,,,,,,,,,,,,,,,,,,,,,,,,
,,,,,,,,,,,,,,,,,,,,,,,,
,,,,,,,,,,,,,,,,,,,,,,,,
,,,,,,,,,,,,,,,,,,,,,,,,
,,,,,,,,,,,,,,,,,,,,,,,,
,,,,,,,,,,,,,,,,,,,,,,,,
,,,,,,,,,,,,,,,,,,,,,,,,
,,,,,,,,,,,,,,,,,,,,,,,,
,,,,,,,,,,,,,,,,,,,,,,,,
,,,,,,,,,,,,,,,,,,,,,,,,
,,,,,,,,,,,,,,,,,,,,,,,,
,,,,,,,,,,,,,,,,,,,,,,,,
,,,,,,,,,,,,,,,,,,,,,,,,
,,,,,,,,,,,,,,,,,,,,,,,,
,,,,,,,,,,,,,,,,,,,,,,,,
,,,,,,,,,,,,,,,,,,,,,,,,
,,,,,,,,,,,,,,,,,,,,,,,,
,,,,,,,,,,,,,,,,,,,,,,,,
,,,,,,,,,,,,,,,,,,,,,,,,
,,,,,,,,,,,,,,,,,,,,,,,,
,,,,,,,,,,,,,,,,,,,,,,,,
,,,,,,,,,,,,,,,,,,,,,,,,
,,,,,,,,,,,,,,,,,,,,,,,,
,,,,,,,,,,,,,,,,,,,,,,,,
,,,,,,,,,,,,,,,,,,,,,,,,
,,,,,,,,,,,,,,,,,,,,,,,,
,,,,,,,,,,,,,,,,,,,,,,,,
,,,,,,,,,,,,,,,,,,,,,,,,
,,,,,,,,,,,,,,,,,,,,,,,,
,,,,,,,,,,,,,,,,,,,,,,,,
,,,,,,,,,,,,,,,,,,,,,,,,
,,,,,,,,,,,,,,,,,,,,,,,,
,,,,,,,,,,,,,,,,,,,,,,,,
,,,,,,,,,,,,,,,,,,,,,,,,
,,,,,,,,,,,,,,,,,,,,,,,,
,,,,,,,,,,,,,,,,,,,,,,,,
,,,,,,,,,,,,,,,,,,,,,,,,
,,,,,,,,,,,,,,,,,,,,,,,,
,,,,,,,,,,,,,,,,,,,,,,,,
,,,,,,,,,,,,,,,,,,,,,,,,
,,,,,,,,,,,,,,,,,,,,,,,,
,,,,,,,,,,,,,,,,,,,,,,,,
,,,,,,,,,,,,,,,,,,,,,,,,
,,,,,,,,,,,,,,,,,,,,,,,,
,,,,,,,,,,,,,,,,,,,,,,,,
,,,,,,,,,,,,,,,,,,,,,,,,
,,,,,,,,,,,,,,,,,,,,,,,,
,,,,,,,,,,,,,,,,,,,,,,,,
,,,,,,,,,,,,,,,,,,,,,,,,
,,,,,,,,,,,,,,,,,,,,,,,,
,,,,,,,,,,,,,,,,,,,,,,,,
,,,,,,,,,,,,,,,,,,,,,,,,
,,,,,,,,,,,,,,,,,,,,,,,,
,,,,,,,,,,,,,,,,,,,,,,,,
,,,,,,,,,,,,,,,,,,,,,,,,
,,,,,,,,,,,,,,,,,,,,,,,,
,,,,,,,,,,,,,,,,,,,,,,,,
,,,,,,,,,,,,,,,,,,,,,,,,
,,,,,,,,,,,,,,,,,,,,,,,,
,,,,,,,,,,,,,,,,,,,,,,,,
,,,,,,,,,,,,,,,,,,,,,,,,
,,,,,,,,,,,,,,,,,,,,,,,,
,,,,,,,,,,,,,,,,,,,,,,,,
,,,,,,,,,,,,,,,,,,,,,,,,
,,,,,,,,,,,,,,,,,,,,,,,,
,,,,,,,,,,,,,,,,,,,,,,,,
,,,,,,,,,,,,,,,,,,,,,,,,
,,,,,,,,,,,,,,,,,,,,,,,,
,,,,,,,,,,,,,,,,,,,,,,,,
,,,,,,,,,,,,,,,,,,,,,,,,
,,,,,,,,,,,,,,,,,,,,,,,,
,,,,,,,,,,,,,,,,,,,,,,,,
,,,,,,,,,,,,,,,,,,,,,,,,
,,,,,,,,,,,,,,,,,,,,,,,,
,,,,,,,,,,,,,,,,,,,,,,,,
,,,,,,,,,,,,,,,,,,,,,,,,
,,,,,,,,,,,,,,,,,,,,,,,,
,,,,,,,,,,,,,,,,,,,,,,,,
,,,,,,,,,,,,,,,,,,,,,,,,
,,,,,,,,,,,,,,,,,,,,,,,,
,,,,,,,,,,,,,,,,,,,,,,,,
,,,,,,,,,,,,,,,,,,,,,,,,
,,,,,,,,,,,,,,,,,,,,,,,,
,,,,,,,,,,,,,,,,,,,,,,,,
,,,,,,,,,,,,,,,,,,,,,,,,
,,,,,,,,,,,,,,,,,,,,,,,,
,,,,,,,,,,,,,,,,,,,,,,,,
,,,,,,,,,,,,,,,,,,,,,,,,
,,,,,,,,,,,,,,,,,,,,,,,,
,,,,,,,,,,,,,,,,,,,,,,,,
,,,,,,,,,,,,,,,,,,,,,,,,
,,,,,,,,,,,,,,,,,,,,,,,,
,,,,,,,,,,,,,,,,,,,,,,,,
,,,,,,,,,,,,,,,,,,,,,,,,
,,,,,,,,,,,,,,,,,,,,,,,,
,,,,,,,,,,,,,,,,,,,,,,,,
,,,,,,,,,,,,,,,,,,,,,,,,
,,,,,,,,,,,,,,,,,,,,,,,,
,,,,,,,,,,,,,,,,,,,,,,,,
,,,,,,,,,,,,,,,,,,,,,,,,
,,,,,,,,,,,,,,,,,,,,,,,,
,,,,,,,,,,,,,,,,,,,,,,,,
,,,,,,,,,,,,,,,,,,,,,,,,
,,,,,,,,,,,,,,,,,,,,,,,,
,,,,,,,,,,,,,,,,,,,,,,,,
,,,,,,,,,,,,,,,,,,,,,,,,
,,,,,,,,,,,,,,,,,,,,,,,,
,,,,,,,,,,,,,,,,,,,,,,,,
,,,,,,,,,,,,,,,,,,,,,,,,
,,,,,,,,,,,,,,,,,,,,,,,,
,,,,,,,,,,,,,,,,,,,,,,,,
,,,,,,,,,,,,,,,,,,,,,,,,
,,,,,,,,,,,,,,,,,,,,,,,,
,,,,,,,,,,,,,,,,,,,,,,,,
,,,,,,,,,,,,,,,,,,,,,,,,
,,,,,,,,,,,,,,,,,,,,,,,,
,,,,,,,,,,,,,,,,,,,,,,,,
,,,,,,,,,,,,,,,,,,,,,,,,
,,,,,,,,,,,,,,,,,,,,,,,,
,,,,,,,,,,,,,,,,,,,,,,,,
,,,,,,,,,,,,,,,,,,,,,,,,
,,,,,,,,,,,,,,,,,,,,,,,,
,,,,,,,,,,,,,,,,,,,,,,,,
,,,,,,,,,,,,,,,,,,,,,,,,
,,,,,,,,,,,,,,,,,,,,,,,,
,,,,,,,,,,,,,,,,,,,,,,,,
,,,,,,,,,,,,,,,,,,,,,,,,
,,,,,,,,,,,,,,,,,,,,,,,,
,,,,,,,,,,,,,,,,,,,,,,,,
,,,,,,,,,,,,,,,,,,,,,,,,
,,,,,,,,,,,,,,,,,,,,,,,,
,,,,,,,,,,,,,,,,,,,,,,,,
,,,,,,,,,,,,,,,,,,,,,,,,
,,,,,,,,,,,,,,,,,,,,,,,,
,,,,,,,,,,,,,,,,,,,,,,,,
,,,,,,,,,,,,,,,,,,,,,,,,
,,,,,,,,,,,,,,,,,,,,,,,,
,,,,,,,,,,,,,,,,,,,,,,,,
,,,,,,,,,,,,,,,,,,,,,,,,
,,,,,,,,,,,,,,,,,,,,,,,,
,,,,,,,,,,,,,,,,,,,,,,,,
,,,,,,,,,,,,,,,,,,,,,,,,
,,,,,,,,,,,,,,,,,,,,,,,,
,,,,,,,,,,,,,,,,,,,,,,,,
,,,,,,,,,,,,,,,,,,,,,,,,
,,,,,,,,,,,,,,,,,,,,,,,,
,,,,,,,,,,,,,,,,,,,,,,,,
,,,,,,,,,,,,,,,,,,,,,,,,
,,,,,,,,,,,,,,,,,,,,,,,,
,,,,,,,,,,,,,,,,,,,,,,,,
,,,,,,,,,,,,,,,,,,,,,,,,
,,,,,,,,,,,,,,,,,,,,,,,,
,,,,,,,,,,,,,,,,,,,,,,,,
,,,,,,,,,,,,,,,,,,,,,,,,
,,,,,,,,,,,,,,,,,,,,,,,,
,,,,,,,,,,,,,,,,,,,,,,,,
,,,,,,,,,,,,,,,,,,,,,,,,
,,,,,,,,,,,,,,,,,,,,,,,,
,,,,,,,,,,,,,,,,,,,,,,,,
,,,,,,,,,,,,,,,,,,,,,,,,
,,,,,,,,,,,,,,,,,,,,,,,,
,,,,,,,,,,,,,,,,,,,,,,,,
,,,,,,,,,,,,,,,,,,,,,,,,
,,,,,,,,,,,,,,,,,,,,,,,,
,,,,,,,,,,,,,,,,,,,,,,,,
,,,,,,,,,,,,,,,,,,,,,,,,
,,,,,,,,,,,,,,,,,,,,,,,,
,,,,,,,,,,,,,,,,,,,,,,,,
,,,,,,,,,,,,,,,,,,,,,,,,
,,,,,,,,,,,,,,,,,,,,,,,,
,,,,,,,,,,,,,,,,,,,,,,,,
,,,,,,,,,,,,,,,,,,,,,,,,
,,,,,,,,,,,,,,,,,,,,,,,,
,,,,,,,,,,,,,,,,,,,,,,,,
,,,,,,,,,,,,,,,,,,,,,,,,
,,,,,,,,,,,,,,,,,,,,,,,,
,,,,,,,,,,,,,,,,,,,,,,,,
,,,,,,,,,,,,,,,,,,,,,,,,
,,,,,,,,,,,,,,,,,,,,,,,,
,,,,,,,,,,,,,,,,,,,,,,,,
,,,,,,,,,,,,,,,,,,,,,,,,
,,,,,,,,,,,,,,,,,,,,,,,,
,,,,,,,,,,,,,,,,,,,,,,,,
,,,,,,,,,,,,,,,,,,,,,,,,
,,,,,,,,,,,,,,,,,,,,,,,,
,,,,,,,,,,,,,,,,,,,,,,,,
,,,,,,,,,,,,,,,,,,,,,,,,
,,,,,,,,,,,,,,,,,,,,,,,,
,,,,,,,,,,,,,,,,,,,,,,,,
,,,,,,,,,,,,,,,,,,,,,,,,
,,,,,,,,,,,,,,,,,,,,,,,,
,,,,,,,,,,,,,,,,,,,,,,,,
,,,,,,,,,,,,,,,,,,,,,,,,
,,,,,,,,,,,,,,,,,,,,,,,,
,,,,,,,,,,,,,,,,,,,,,,,,
,,,,,,,,,,,,,,,,,,,,,,,,
,,,,,,,,,,,,,,,,,,,,,,,,
,,,,,,,,,,,,,,,,,,,,,,,,
,,,,,,,,,,,,,,,,,,,,,,,,
,,,,,,,,,,,,,,,,,,,,,,,,
,,,,,,,,,,,,,,,,,,,,,,,,
,,,,,,,,,,,,,,,,,,,,,,,,
,,,,,,,,,,,,,,,,,,,,,,,,
,,,,,,,,,,,,,,,,,,,,,,,,
,,,,,,,,,,,,,,,,,,,,,,,,
,,,,,,,,,,,,,,,,,,,,,,,,
,,,,,,,,,,,,,,,,,,,,,,,,
,,,,,,,,,,,,,,,,,,,,,,,,
,,,,,,,,,,,,,,,,,,,,,,,,
,,,,,,,,,,,,,,,,,,,,,,,,
,,,,,,,,,,,,,,,,,,,,,,,,
,,,,,,,,,,,,,,,,,,,,,,,,
,,,,,,,,,,,,,,,,,,,,,,,,
,,,,,,,,,,,,,,,,,,,,,,,,
,,,,,,,,,,,,,,,,,,,,,,,,
,,,,,,,,,,,,,,,,,,,,,,,,
,,,,,,,,,,,,,,,,,,,,,,,,
,,,,,,,,,,,,,,,,,,,,,,,,
,,,,,,,,,,,,,,,,,,,,,,,,
,,,,,,,,,,,,,,,,,,,,,,,,
,,,,,,,,,,,,,,,,,,,,,,,,
,,,,,,,,,,,,,,,,,,,,,,,,
,,,,,,,,,,,,,,,,,,,,,,,,
,,,,,,,,,,,,,,,,,,,,,,,,
,,,,,,,,,,,,,,,,,,,,,,,,
,,,,,,,,,,,,,,,,,,,,,,,,
,,,,,,,,,,,,,,,,,,,,,,,,
,,,,,,,,,,,,,,,,,,,,,,,,
,,,,,,,,,,,,,,,,,,,,,,,,
,,,,,,,,,,,,,,,,,,,,,,,,
,,,,,,,,,,,,,,,,,,,,,,,,
,,,,,,,,,,,,,,,,,,,,,,,,
,,,,,,,,,,,,,,,,,,,,,,,,
,,,,,,,,,,,,,,,,,,,,,,,,
,,,,,,,,,,,,,,,,,,,,,,,,
,,,,,,,,,,,,,,,,,,,,,,,,
,,,,,,,,,,,,,,,,,,,,,,,,
,,,,,,,,,,,,,,,,,,,,,,,,
,,,,,,,,,,,,,,,,,,,,,,,,
,,,,,,,,,,,,,,,,,,,,,,,,
,,,,,,,,,,,,,,,,,,,,,,,,
,,,,,,,,,,,,,,,,,,,,,,,,
,,,,,,,,,,,,,,,,,,,,,,,,
,,,,,,,,,,,,,,,,,,,,,,,,
,,,,,,,,,,,,,,,,,,,,,,,,
,,,,,,,,,,,,,,,,,,,,,,,,
,,,,,,,,,,,,,,,,,,,,,,,,
,,,,,,,,,,,,,,,,,,,,,,,,
,,,,,,,,,,,,,,,,,,,,,,,,
,,,,,,,,,,,,,,,,,,,,,,,,
,,,,,,,,,,,,,,,,,,,,,,,,
,,,,,,,,,,,,,,,,,,,,,,,,
,,,,,,,,,,,,,,,,,,,,,,,,
,,,,,,,,,,,,,,,,,,,,,,,,
,,,,,,,,,,,,,,,,,,,,,,,,
,,,,,,,,,,,,,,,,,,,,,,,,
,,,,,,,,,,,,,,,,,,,,,,,,
,,,,,,,,,,,,,,,,,,,,,,,,
,,,,,,,,,,,,,,,,,,,,,,,,
,,,,,,,,,,,,,,,,,,,,,,,,
,,,,,,,,,,,,,,,,,,,,,,,,
,,,,,,,,,,,,,,,,,,,,,,,,
,,,,,,,,,,,,,,,,,,,,,,,,
,,,,,,,,,,,,,,,,,,,,,,,,
,,,,,,,,,,,,,,,,,,,,,,,,
,,,,,,,,,,,,,,,,,,,,,,,,
,,,,,,,,,,,,,,,,,,,,,,,,
,,,,,,,,,,,,,,,,,,,,,,,,
,,,,,,,,,,,,,,,,,,,,,,,,
,,,,,,,,,,,,,,,,,,,,,,,,
,,,,,,,,,,,,,,,,,,,,,,,,
,,,,,,,,,,,,,,,,,,,,,,,,
,,,,,,,,,,,,,,,,,,,,,,,,
,,,,,,,,,,,,,,,,,,,,,,,,
,,,,,,,,,,,,,,,,,,,,,,,,
,,,,,,,,,,,,,,,,,,,,,,,,
,,,,,,,,,,,,,,,,,,,,,,,,
,,,,,,,,,,,,,,,,,,,,,,,,
,,,,,,,,,,,,,,,,,,,,,,,,
,,,,,,,,,,,,,,,,,,,,,,,,
,,,,,,,,,,,,,,,,,,,,,,,,
,,,,,,,,,,,,,,,,,,,,,,,,
,,,,,,,,,,,,,,,,,,,,,,,,
,,,,,,,,,,,,,,,,,,,,,,,,
,,,,,,,,,,,,,,,,,,,,,,,,
,,,,,,,,,,,,,,,,,,,,,,,,
,,,,,,,,,,,,,,,,,,,,,,,,
,,,,,,,,,,,,,,,,,,,,,,,,
,,,,,,,,,,,,,,,,,,,,,,,,
,,,,,,,,,,,,,,,,,,,,,,,,
,,,,,,,,,,,,,,,,,,,,,,,,
,,,,,,,,,,,,,,,,,,,,,,,,
,,,,,,,,,,,,,,,,,,,,,,,,
,,,,,,,,,,,,,,,,,,,,,,,,
,,,,,,,,,,,,,,,,,,,,,,,,
,,,,,,,,,,,,,,,,,,,,,,,,
,,,,,,,,,,,,,,,,,,,,,,,,
,,,,,,,,,,,,,,,,,,,,,,,,
,,,,,,,,,,,,,,,,,,,,,,,,
,,,,,,,,,,,,,,,,,,,,,,,,
,,,,,,,,,,,,,,,,,,,,,,,,
,,,,,,,,,,,,,,,,,,,,,,,,
,,,,,,,,,,,,,,,,,,,,,,,,
,,,,,,,,,,,,,,,,,,,,,,,,
,,,,,,,,,,,,,,,,,,,,,,,,
,,,,,,,,,,,,,,,,,,,,,,,,
,,,,,,,,,,,,,,,,,,,,,,,,
,,,,,,,,,,,,,,,,,,,,,,,,
,,,,,,,,,,,,,,,,,,,,,,,,
,,,,,,,,,,,,,,,,,,,,,,,,
,,,,,,,,,,,,,,,,,,,,,,,,
,,,,,,,,,,,,,,,,,,,,,,,,
,,,,,,,,,,,,,,,,,,,,,,,,
,,,,,,,,,,,,,,,,,,,,,,,,
,,,,,,,,,,,,,,,,,,,,,,,,
,,,,,,,,,,,,,,,,,,,,,,,,
,,,,,,,,,,,,,,,,,,,,,,,,
,,,,,,,,,,,,,,,,,,,,,,,,
,,,,,,,,,,,,,,,,,,,,,,,,
,,,,,,,,,,,,,,,,,,,,,,,,
,,,,,,,,,,,,,,,,,,,,,,,,
,,,,,,,,,,,,,,,,,,,,,,,,
,,,,,,,,,,,,,,,,,,,,,,,,
,,,,,,,,,,,,,,,,,,,,,,,,
,,,,,,,,,,,,,,,,,,,,,,,,
,,,,,,,,,,,,,,,,,,,,,,,,
,,,,,,,,,,,,,,,,,,,,,,,,
,,,,,,,,,,,,,,,,,,,,,,,,
,,,,,,,,,,,,,,,,,,,,,,,,
,,,,,,,,,,,,,,,,,,,,,,,,
,,,,,,,,,,,,,,,,,,,,,,,,
,,,,,,,,,,,,,,,,,,,,,,,,
,,,,,,,,,,,,,,,,,,,,,,,,
,,,,,,,,,,,,,,,,,,,,,,,,
,,,,,,,,,,,,,,,,,,,,,,,,
,,,,,,,,,,,,,,,,,,,,,,,,
,,,,,,,,,,,,,,,,,,,,,,,,
,,,,,,,,,,,,,,,,,,,,,,,,
,,,,,,,,,,,,,,,,,,,,,,,,
,,,,,,,,,,,,,,,,,,,,,,,,
,,,,,,,,,,,,,,,,,,,,,,,,
,,,,,,,,,,,,,,,,,,,,,,,,
,,,,,,,,,,,,,,,,,,,,,,,,
,,,,,,,,,,,,,,,,,,,,,,,,
,,,,,,,,,,,,,,,,,,,,,,,,
,,,,,,,,,,,,,,,,,,,,,,,,
,,,,,,,,,,,,,,,,,,,,,,,,
,,,,,,,,,,,,,,,,,,,,,,,,
,,,,,,,,,,,,,,,,,,,,,,,,
,,,,,,,,,,,,,,,,,,,,,,,,
,,,,,,,,,,,,,,,,,,,,,,,,
,,,,,,,,,,,,,,,,,,,,,,,,
,,,,,,,,,,,,,,,,,,,,,,,,
,,,,,,,,,,,,,,,,,,,,,,,,
,,,,,,,,,,,,,,,,,,,,,,,,
,,,,,,,,,,,,,,,,,,,,,,,,
,,,,,,,,,,,,,,,,,,,,,,,,
,,,,,,,,,,,,,,,,,,,,,,,,
,,,,,,,,,,,,,,,,,,,,,,,,
,,,,,,,,,,,,,,,,,,,,,,,,
,,,,,,,,,,,,,,,,,,,,,,,,
,,,,,,,,,,,,,,,,,,,,,,,,
,,,,,,,,,,,,,,,,,,,,,,,,
,,,,,,,,,,,,,,,,,,,,,,,,
,,,,,,,,,,,,,,,,,,,,,,,,
,,,,,,,,,,,,,,,,,,,,,,,,
,,,,,,,,,,,,,,,,,,,,,,,,
,,,,,,,,,,,,,,,,,,,,,,,,
,,,,,,,,,,,,,,,,,,,,,,,,
,,,,,,,,,,,,,,,,,,,,,,,,
,,,,,,,,,,,,,,,,,,,,,,,,
,,,,,,,,,,,,,,,,,,,,,,,,
,,,,,,,,,,,,,,,,,,,,,,,,
,,,,,,,,,,,,,,,,,,,,,,,,
,,,,,,,,,,,,,,,,,,,,,,,,
,,,,,,,,,,,,,,,,,,,,,,,,
,,,,,,,,,,,,,,,,,,,,,,,,
,,,,,,,,,,,,,,,,,,,,,,,,
,,,,,,,,,,,,,,,,,,,,,,,,
,,,,,,,,,,,,,,,,,,,,,,,,
,,,,,,,,,,,,,,,,,,,,,,,,
,,,,,,,,,,,,,,,,,,,,,,,,
,,,,,,,,,,,,,,,,,,,,,,,,
,,,,,,,,,,,,,,,,,,,,,,,,
,,,,,,,,,,,,,,,,,,,,,,,,
,,,,,,,,,,,,,,,,,,,,,,,,
,,,,,,,,,,,,,,,,,,,,,,,,
,,,,,,,,,,,,,,,,,,,,,,,,
,,,,,,,,,,,,,,,,,,,,,,,,
,,,,,,,,,,,,,,,,,,,,,,,,
,,,,,,,,,,,,,,,,,,,,,,,,
,,,,,,,,,,,,,,,,,,,,,,,,
,,,,,,,,,,,,,,,,,,,,,,,,
,,,,,,,,,,,,,,,,,,,,,,,,
,,,,,,,,,,,,,,,,,,,,,,,,
,,,,,,,,,,,,,,,,,,,,,,,,
,,,,,,,,,,,,,,,,,,,,,,,,
,,,,,,,,,,,,,,,,,,,,,,,,
,,,,,,,,,,,,,,,,,,,,,,,,
,,,,,,,,,,,,,,,,,,,,,,,,
,,,,,,,,,,,,,,,,,,,,,,,,
,,,,,,,,,,,,,,,,,,,,,,,,
,,,,,,,,,,,,,,,,,,,,,,,,
,,,,,,,,,,,,,,,,,,,,,,,,
,,,,,,,,,,,,,,,,,,,,,,,,
,,,,,,,,,,,,,,,,,,,,,,,,
,,,,,,,,,,,,,,,,,,,,,,,,
,,,,,,,,,,,,,,,,,,,,,,,,
,,,,,,,,,,,,,,,,,,,,,,,,
,,,,,,,,,,,,,,,,,,,,,,,,
,,,,,,,,,,,,,,,,,,,,,,,,
,,,,,,,,,,,,,,,,,,,,,,,,
,,,,,,,,,,,,,,,,,,,,,,,,
,,,,,,,,,,,,,,,,,,,,,,,,
,,,,,,,,,,,,,,,,,,,,,,,,
,,,,,,,,,,,,,,,,,,,,,,,,
,,,,,,,,,,,,,,,,,,,,,,,,
,,,,,,,,,,,,,,,,,,,,,,,,
,,,,,,,,,,,,,,,,,,,,,,,,
,,,,,,,,,,,,,,,,,,,,,,,,
,,,,,,,,,,,,,,,,,,,,,,,,
,,,,,,,,,,,,,,,,,,,,,,,,
,,,,,,,,,,,,,,,,,,,,,,,,
,,,,,,,,,,,,,,,,,,,,,,,,
,,,,,,,,,,,,,,,,,,,,,,,,
,,,,,,,,,,,,,,,,,,,,,,,,
,,,,,,,,,,,,,,,,,,,,,,,,
,,,,,,,,,,,,,,,,,,,,,,,,
,,,,,,,,,,,,,,,,,,,,,,,,
,,,,,,,,,,,,,,,,,,,,,,,,
,,,,,,,,,,,,,,,,,,,,,,,,
,,,,,,,,,,,,,,,,,,,,,,,,
,,,,,,,,,,,,,,,,,,,,,,,,
,,,,,,,,,,,,,,,,,,,,,,,,
,,,,,,,,,,,,,,,,,,,,,,,,
,,,,,,,,,,,,,,,,,,,,,,,,
,,,,,,,,,,,,,,,,,,,,,,,,
,,,,,,,,,,,,,,,,,,,,,,,,
,,,,,,,,,,,,,,,,,,,,,,,,
,,,,,,,,,,,,,,,,,,,,,,,,
,,,,,,,,,,,,,,,,,,,,,,,,
,,,,,,,,,,,,,,,,,,,,,,,,
,,,,,,,,,,,,,,,,,,,,,,,,
,,,,,,,,,,,,,,,,,,,,,,,,
,,,,,,,,,,,,,,,,,,,,,,,,
,,,,,,,,,,,,,,,,,,,,,,,,
,,,,,,,,,,,,,,,,,,,,,,,,
,,,,,,,,,,,,,,,,,,,,,,,,
,,,,,,,,,,,,,,,,,,,,,,,,
,,,,,,,,,,,,,,,,,,,,,,,,
,,,,,,,,,,,,,,,,,,,,,,,,
,,,,,,,,,,,,,,,,,,,,,,,,
,,,,,,,,,,,,,,,,,,,,,,,,
,,,,,,,,,,,,,,,,,,,,,,,,
,,,,,,,,,,,,,,,,,,,,,,,,
,,,,,,,,,,,,,,,,,,,,,,,,
,,,,,,,,,,,,,,,,,,,,,,,,
,,,,,,,,,,,,,,,,,,,,,,,,
,,,,,,,,,,,,,,,,,,,,,,,,
,,,,,,,,,,,,,,,,,,,,,,,,
,,,,,,,,,,,,,,,,,,,,,,,,
,,,,,,,,,,,,,,,,,,,,,,,,
,,,,,,,,,,,,,,,,,,,,,,,,
,,,,,,,,,,,,,,,,,,,,,,,,
,,,,,,,,,,,,,,,,,,,,,,,,
,,,,,,,,,,,,,,,,,,,,,,,,
,,,,,,,,,,,,,,,,,,,,,,,,
,,,,,,,,,,,,,,,,,,,,,,,,
,,,,,,,,,,,,,,,,,,,,,,,,
,,,,,,,,,,,,,,,,,,,,,,,,
,,,,,,,,,,,,,,,,,,,,,,,,
,,,,,,,,,,,,,,,,,,,,,,,,
,,,,,,,,,,,,,,,,,,,,,,,,
,,,,,,,,,,,,,,,,,,,,,,,,
,,,,,,,,,,,,,,,,,,,,,,,,
,,,,,,,,,,,,,,,,,,,,,,,,
,,,,,,,,,,,,,,,,,,,,,,,,
,,,,,,,,,,,,,,,,,,,,,,,,
,,,,,,,,,,,,,,,,,,,,,,,,
,,,,,,,,,,,,,,,,,,,,,,,,
,,,,,,,,,,,,,,,,,,,,,,,,
,,,,,,,,,,,,,,,,,,,,,,,,
,,,,,,,,,,,,,,,,,,,,,,,,
,,,,,,,,,,,,,,,,,,,,,,,,
,,,,,,,,,,,,,,,,,,,,,,,,
,,,,,,,,,,,,,,,,,,,,,,,,
,,,,,,,,,,,,,,,,,,,,,,,,
,,,,,,,,,,,,,,,,,,,,,,,,
,,,,,,,,,,,,,,,,,,,,,,,,
,,,,,,,,,,,,,,,,,,,,,,,,
,,,,,,,,,,,,,,,,,,,,,,,,
,,,,,,,,,,,,,,,,,,,,,,,,
,,,,,,,,,,,,,,,,,,,,,,,,
,,,,,,,,,,,,,,,,,,,,,,,,
,,,,,,,,,,,,,,,,,,,,,,,,
,,,,,,,,,,,,,,,,,,,,,,,,
,,,,,,,,,,,,,,,,,,,,,,,,
,,,,,,,,,,,,,,,,,,,,,,,,
,,,,,,,,,,,,,,,,,,,,,,,,
,,,,,,,,,,,,,,,,,,,,,,,,
,,,,,,,,,,,,,,,,,,,,,,,,
,,,,,,,,,,,,,,,,,,,,,,,,
,,,,,,,,,,,,,,,,,,,,,,,,
,,,,,,,,,,,,,,,,,,,,,,,,
,,,,,,,,,,,,,,,,,,,,,,,,
,,,,,,,,,,,,,,,,,,,,,,,,
,,,,,,,,,,,,,,,,,,,,,,,,
,,,,,,,,,,,,,,,,,,,,,,,,
,,,,,,,,,,,,,,,,,,,,,,,,
,,,,,,,,,,,,,,,,,,,,,,,,
,,,,,,,,,,,,,,,,,,,,,,,,
,,,,,,,,,,,,,,,,,,,,,,,,
,,,,,,,,,,,,,,,,,,,,,,,,
,,,,,,,,,,,,,,,,,,,,,,,,
,,,,,,,,,,,,,,,,,,,,,,,,
,,,,,,,,,,,,,,,,,,,,,,,,
,,,,,,,,,,,,,,,,,,,,,,,,
,,,,,,,,,,,,,,,,,,,,,,,,
,,,,,,,,,,,,,,,,,,,,,,,,
,,,,,,,,,,,,,,,,,,,,,,,,
,,,,,,,,,,,,,,,,,,,,,,,,
,,,,,,,,,,,,,,,,,,,,,,,,
,,,,,,,,,,,,,,,,,,,,,,,,
,,,,,,,,,,,,,,,,,,,,,,,,
,,,,,,,,,,,,,,,,,,,,,,,,
,,,,,,,,,,,,,,,,,,,,,,,,
,,,,,,,,,,,,,,,,,,,,,,,,
,,,,,,,,,,,,,,,,,,,,,,,,
,,,,,,,,,,,,,,,,,,,,,,,,
,,,,,,,,,,,,,,,,,,,,,,,,
,,,,,,,,,,,,,,,,,,,,,,,,
,,,,,,,,,,,,,,,,,,,,,,,,
,,,,,,,,,,,,,,,,,,,,,,,,
,,,,,,,,,,,,,,,,,,,,,,,,
,,,,,,,,,,,,,,,,,,,,,,,,
,,,,,,,,,,,,,,,,,,,,,,,,
,,,,,,,,,,,,,,,,,,,,,,,,
,,,,,,,,,,,,,,,,,,,,,,,,
,,,,,,,,,,,,,,,,,,,,,,,,
,,,,,,,,,,,,,,,,,,,,,,,,
,,,,,,,,,,,,,,,,,,,,,,,,
,,,,,,,,,,,,,,,,,,,,,,,,
,,,,,,,,,,,,,,,,,,,,,,,,
,,,,,,,,,,,,,,,,,,,,,,,,
,,,,,,,,,,,,,,,,,,,,,,,,
,,,,,,,,,,,,,,,,,,,,,,,,
,,,,,,,,,,,,,,,,,,,,,,,,
,,,,,,,,,,,,,,,,,,,,,,,,
,,,,,,,,,,,,,,,,,,,,,,,,
,,,,,,,,,,,,,,,,,,,,,,,,
,,,,,,,,,,,,,,,,,,,,,,,,
,,,,,,,,,,,,,,,,,,,,,,,,
,,,,,,,,,,,,,,,,,,,,,,,,
,,,,,,,,,,,,,,,,,,,,,,,,
,,,,,,,,,,,,,,,,,,,,,,,,
,,,,,,,,,,,,,,,,,,,,,,,,
,,,,,,,,,,,,,,,,,,,,,,,,
,,,,,,,,,,,,,,,,,,,,,,,,
,,,,,,,,,,,,,,,,,,,,,,,,
,,,,,,,,,,,,,,,,,,,,,,,,
,,,,,,,,,,,,,,,,,,,,,,,,
,,,,,,,,,,,,,,,,,,,,,,,,
,,,,,,,,,,,,,,,,,,,,,,,,
,,,,,,,,,,,,,,,,,,,,,,,,
,,,,,,,,,,,,,,,,,,,,,,,,
,,,,,,,,,,,,,,,,,,,,,,,,
,,,,,,,,,,,,,,,,,,,,,,,,
,,,,,,,,,,,,,,,,,,,,,,,,
,,,,,,,,,,,,,,,,,,,,,,,,
,,,,,,,,,,,,,,,,,,,,,,,,
,,,,,,,,,,,,,,,,,,,,,,,,
,,,,,,,,,,,,,,,,,,,,,,,,
,,,,,,,,,,,,,,,,,,,,,,,,
,,,,,,,,,,,,,,,,,,,,,,,,
,,,,,,,,,,,,,,,,,,,,,,,,
,,,,,,,,,,,,,,,,,,,,,,,,
,,,,,,,,,,,,,,,,,,,,,,,,
,,,,,,,,,,,,,,,,,,,,,,,,
,,,,,,,,,,,,,,,,,,,,,,,,
,,,,,,,,,,,,,,,,,,,,,,,,
,,,,,,,,,,,,,,,,,,,,,,,,
,,,,,,,,,,,,,,,,,,,,,,,,
,,,,,,,,,,,,,,,,,,,,,,,,
,,,,,,,,,,,,,,,,,,,,,,,,
,,,,,,,,,,,,,,,,,,,,,,,,
,,,,,,,,,,,,,,,,,,,,,,,,
,,,,,,,,,,,,,,,,,,,,,,,,
,,,,,,,,,,,,,,,,,,,,,,,,
,,,,,,,,,,,,,,,,,,,,,,,,
,,,,,,,,,,,,,,,,,,,,,,,,
,,,,,,,,,,,,,,,,,,,,,,,,
,,,,,,,,,,,,,,,,,,,,,,,,
,,,,,,,,,,,,,,,,,,,,,,,,
,,,,,,,,,,,,,,,,,,,,,,,,
,,,,,,,,,,,,,,,,,,,,,,,,
,,,,,,,,,,,,,,,,,,,,,,,,
,,,,,,,,,,,,,,,,,,,,,,,,
,,,,,,,,,,,,,,,,,,,,,,,,
,,,,,,,,,,,,,,,,,,,,,,,,
,,,,,,,,,,,,,,,,,,,,,,,,
,,,,,,,,,,,,,,,,,,,,,,,,
,,,,,,,,,,,,,,,,,,,,,,,,
,,,,,,,,,,,,,,,,,,,,,,,,
,,,,,,,,,,,,,,,,,,,,,,,,
,,,,,,,,,,,,,,,,,,,,,,,,
,,,,,,,,,,,,,,,,,,,,,,,,
,,,,,,,,,,,,,,,,,,,,,,,,
,,,,,,,,,,,,,,,,,,,,,,,,
,,,,,,,,,,,,,,,,,,,,,,,,
,,,,,,,,,,,,,,,,,,,,,,,,
,,,,,,,,,,,,,,,,,,,,,,,,
,,,,,,,,,,,,,,,,,,,,,,,,
,,,,,,,,,,,,,,,,,,,,,,,,
,,,,,,,,,,,,,,,,,,,,,,,,
,,,,,,,,,,,,,,,,,,,,,,,,
,,,,,,,,,,,,,,,,,,,,,,,,
,,,,,,,,,,,,,,,,,,,,,,,,
,,,,,,,,,,,,,,,,,,,,,,,,
,,,,,,,,,,,,,,,,,,,,,,,,
,,,,,,,,,,,,,,,,,,,,,,,,
,,,,,,,,,,,,,,,,,,,,,,,,
,,,,,,,,,,,,,,,,,,,,,,,,
,,,,,,,,,,,,,,,,,,,,,,,,
,,,,,,,,,,,,,,,,,,,,,,,,
,,,,,,,,,,,,,,,,,,,,,,,,
,,,,,,,,,,,,,,,,,,,,,,,,
,,,,,,,,,,,,,,,,,,,,,,,,
,,,,,,,,,,,,,,,,,,,,,,,,
,,,,,,,,,,,,,,,,,,,,,,,,
,,,,,,,,,,,,,,,,,,,,,,,,
,,,,,,,,,,,,,,,,,,,,,,,,
,,,,,,,,,,,,,,,,,,,,,,,,
,,,,,,,,,,,,,,,,,,,,,,,,
,,,,,,,,,,,,,,,,,,,,,,,,
,,,,,,,,,,,,,,,,,,,,,,,,
,,,,,,,,,,,,,,,,,,,,,,,,
,,,,,,,,,,,,,,,,,,,,,,,,
,,,,,,,,,,,,,,,,,,,,,,,,
,,,,,,,,,,,,,,,,,,,,,,,,
,,,,,,,,,,,,,,,,,,,,,,,,
,,,,,,,,,,,,,,,,,,,,,,,,
,,,,,,,,,,,,,,,,,,,,,,,,
,,,,,,,,,,,,,,,,,,,,,,,,
,,,,,,,,,,,,,,,,,,,,,,,,
,,,,,,,,,,,,,,,,,,,,,,,,
,,,,,,,,,,,,,,,,,,,,,,,,
,,,,,,,,,,,,,,,,,,,,,,,,
,,,,,,,,,,,,,,,,,,,,,,,,
,,,,,,,,,,,,,,,,,,,,,,,,
,,,,,,,,,,,,,,,,,,,,,,,,
,,,,,,,,,,,,,,,,,,,,,,,,
,,,,,,,,,,,,,,,,,,,,,,,,
,,,,,,,,,,,,,,,,,,,,,,,,
,,,,,,,,,,,,,,,,,,,,,,,,
,,,,,,,,,,,,,,,,,,,,,,,,
,,,,,,,,,,,,,,,,,,,,,,,,
,,,,,,,,,,,,,,,,,,,,,,,,
,,,,,,,,,,,,,,,,,,,,,,,,
,,,,,,,,,,,,,,,,,,,,,,,,
,,,,,,,,,,,,,,,,,,,,,,,,
,,,,,,,,,,,,,,,,,,,,,,,,
,,,,,,,,,,,,,,,,,,,,,,,,
,,,,,,,,,,,,,,,,,,,,,,,,
,,,,,,,,,,,,,,,,,,,,,,,,
,,,,,,,,,,,,,,,,,,,,,,,,
,,,,,,,,,,,,,,,,,,,,,,,,
,,,,,,,,,,,,,,,,,,,,,,,,
,,,,,,,,,,,,,,,,,,,,,,,,
,,,,,,,,,,,,,,,,,,,,,,,,
,,,,,,,,,,,,,,,,,,,,,,,,
,,,,,,,,,,,,,,,,,,,,,,,,
,,,,,,,,,,,,,,,,,,,,,,,,
,,,,,,,,,,,,,,,,,,,,,,,,
,,,,,,,,,,,,,,,,,,,,,,,,
,,,,,,,,,,,,,,,,,,,,,,,,
,,,,,,,,,,,,,,,,,,,,,,,,
,,,,,,,,,,,,,,,,,,,,,,,,
,,,,,,,,,,,,,,,,,,,,,,,,
,,,,,,,,,,,,,,,,,,,,,,,,
,,,,,,,,,,,,,,,,,,,,,,,,
,,,,,,,,,,,,,,,,,,,,,,,,
,,,,,,,,,,,,,,,,,,,,,,,,
,,,,,,,,,,,,,,,,,,,,,,,,
,,,,,,,,,,,,,,,,,,,,,,,,
,,,,,,,,,,,,,,,,,,,,,,,,
,,,,,,,,,,,,,,,,,,,,,,,,
,,,,,,,,,,,,,,,,,,,,,,,,
,,,,,,,,,,,,,,,,,,,,,,,,
,,,,,,,,,,,,,,,,,,,,,,,,
,,,,,,,,,,,,,,,,,,,,,,,,
,,,,,,,,,,,,,,,,,,,,,,,,
,,,,,,,,,,,,,,,,,,,,,,,,
,,,,,,,,,,,,,,,,,,,,,,,,
,,,,,,,,,,,,,,,,,,,,,,,,
,,,,,,,,,,,,,,,,,,,,,,,,
,,,,,,,,,,,,,,,,,,,,,,,,
,,,,,,,,,,,,,,,,,,,,,,,,
,,,,,,,,,,,,,,,,,,,,,,,,
,,,,,,,,,,,,,,,,,,,,,,,,
,,,,,,,,,,,,,,,,,,,,,,,,
,,,,,,,,,,,,,,,,,,,,,,,,
,,,,,,,,,,,,,,,,,,,,,,,,
,,,,,,,,,,,,,,,,,,,,,,,,
,,,,,,,,,,,,,,,,,,,,,,,,
,,,,,,,,,,,,,,,,,,,,,,,,
,,,,,,,,,,,,,,,,,,,,,,,,
,,,,,,,,,,,,,,,,,,,,,,,,
,,,,,,,,,,,,,,,,,,,,,,,,
,,,,,,,,,,,,,,,,,,,,,,,,
,,,,,,,,,,,,,,,,,,,,,,,,
,,,,,,,,,,,,,,,,,,,,,,,,
,,,,,,,,,,,,,,,,,,,,,,,,
,,,,,,,,,,,,,,,,,,,,,,,,
,,,,,,,,,,,,,,,,,,,,,,,,
,,,,,,,,,,,,,,,,,,,,,,,,
,,,,,,,,,,,,,,,,,,,,,,,,
,,,,,,,,,,,,,,,,,,,,,,,,
,,,,,,,,,,,,,,,,,,,,,,,,
,,,,,,,,,,,,,,,,,,,,,,,,
,,,,,,,,,,,,,,,,,,,,,,,,
,,,,,,,,,,,,,,,,,,,,,,,,
,,,,,,,,,,,,,,,,,,,,,,,,
,,,,,,,,,,,,,,,,,,,,,,,,
,,,,,,,,,,,,,,,,,,,,,,,,
,,,,,,,,,,,,,,,,,,,,,,,,
,,,,,,,,,,,,,,,,,,,,,,,,
,,,,,,,,,,,,,,,,,,,,,,,,
,,,,,,,,,,,,,,,,,,,,,,,,
,,,,,,,,,,,,,,,,,,,,,,,,
,,,,,,,,,,,,,,,,,,,,,,,,
,,,,,,,,,,,,,,,,,,,,,,,,
,,,,,,,,,,,,,,,,,,,,,,,,
,,,,,,,,,,,,,,,,,,,,,,,,
,,,,,,,,,,,,,,,,,,,,,,,,
,,,,,,,,,,,,,,,,,,,,,,,,
,,,,,,,,,,,,,,,,,,,,,,,,
,,,,,,,,,,,,,,,,,,,,,,,,
,,,,,,,,,,,,,,,,,,,,,,,,
,,,,,,,,,,,,,,,,,,,,,,,,
,,,,,,,,,,,,,,,,,,,,,,,,
,,,,,,,,,,,,,,,,,,,,,,,,
,,,,,,,,,,,,,,,,,,,,,,,,
,,,,,,,,,,,,,,,,,,,,,,,,
,,,,,,,,,,,,,,,,,,,,,,,,
,,,,,,,,,,,,,,,,,,,,,,,,
,,,,,,,,,,,,,,,,,,,,,,,,
,,,,,,,,,,,,,,,,,,,,,,,,
,,,,,,,,,,,,,,,,,,,,,,,,
,,,,,,,,,,,,,,,,,,,,,,,,
,,,,,,,,,,,,,,,,,,,,,,,,
,,,,,,,,,,,,,,,,,,,,,,,,
,,,,,,,,,,,,,,,,,,,,,,,,
,,,,,,,,,,,,,,,,,,,,,,,,
,,,,,,,,,,,,,,,,,,,,,,,,
,,,,,,,,,,,,,,,,,,,,,,,,
,,,,,,,,,,,,,,,,,,,,,,,,
,,,,,,,,,,,,,,,,,,,,,,,,
,,,,,,,,,,,,,,,,,,,,,,,,
,,,,,,,,,,,,,,,,,,,,,,,,
,,,,,,,,,,,,,,,,,,,,,,,,
,,,,,,,,,,,,,,,,,,,,,,,,
,,,,,,,,,,,,,,,,,,,,,,,,
,,,,,,,,,,,,,,,,,,,,,,,,
,,,,,,,,,,,,,,,,,,,,,,,,
,,,,,,,,,,,,,,,,,,,,,,,,
,,,,,,,,,,,,,,,,,,,,,,,,
,,,,,,,,,,,,,,,,,,,,,,,,
,,,,,,,,,,,,,,,,,,,,,,,,
,,,,,,,,,,,,,,,,,,,,,,,,
,,,,,,,,,,,,,,,,,,,,,,,,
,,,,,,,,,,,,,,,,,,,,,,,,
,,,,,,,,,,,,,,,,,,,,,,,,
,,,,,,,,,,,,,,,,,,,,,,,,
,,,,,,,,,,,,,,,,,,,,,,,,
,,,,,,,,,,,,,,,,,,,,,,,,
,,,,,,,,,,,,,,,,,,,,,,,,
,,,,,,,,,,,,,,,,,,,,,,,,
,,,,,,,,,,,,,,,,,,,,,,,,
,,,,,,,,,,,,,,,,,,,,,,,,
,,,,,,,,,,,,,,,,,,,,,,,,
,,,,,,,,,,,,,,,,,,,,,,,,
,,,,,,,,,,,,,,,,,,,,,,,,
,,,,,,,,,,,,,,,,,,,,,,,,
,,,,,,,,,,,,,,,,,,,,,,,,
,,,,,,,,,,,,,,,,,,,,,,,,
,,,,,,,,,,,,,,,,,,,,,,,,
,,,,,,,,,,,,,,,,,,,,,,,,
,,,,,,,,,,,,,,,,,,,,,,,,
,,,,,,,,,,,,,,,,,,,,,,,,
,,,,,,,,,,,,,,,,,,,,,,,,
,,,,,,,,,,,,,,,,,,,,,,,,
,,,,,,,,,,,,,,,,,,,,,,,,
,,,,,,,,,,,,,,,,,,,,,,,,
,,,,,,,,,,,,,,,,,,,,,,,,
,,,,,,,,,,,,,,,,,,,,,,,,
,,,,,,,,,,,,,,,,,,,,,,,,
,,,,,,,,,,,,,,,,,,,,,,,,
,,,,,,,,,,,,,,,,,,,,,,,,
,,,,,,,,,,,,,,,,,,,,,,,,
,,,,,,,,,,,,,,,,,,,,,,,,
,,,,,,,,,,,,,,,,,,,,,,,,
,,,,,,,,,,,,,,,,,,,,,,,,
,,,,,,,,,,,,,,,,,,,,,,,,
,,,,,,,,,,,,,,,,,,,,,,,,
,,,,,,,,,,,,,,,,,,,,,,,,
,,,,,,,,,,,,,,,,,,,,,,,,
,,,,,,,,,,,,,,,,,,,,,,,,
,,,,,,,,,,,,,,,,,,,,,,,,
,,,,,,,,,,,,,,,,,,,,,,,,
,,,,,,,,,,,,,,,,,,,,,,,,
,,,,,,,,,,,,,,,,,,,,,,,,
,,,,,,,,,,,,,,,,,,,,,,,,
,,,,,,,,,,,,,,,,,,,,,,,,
,,,,,,,,,,,,,,,,,,,,,,,,
,,,,,,,,,,,,,,,,,,,,,,,,
,,,,,,,,,,,,,,,,,,,,,,,,
,,,,,,,,,,,,,,,,,,,,,,,,
,,,,,,,,,,,,,,,,,,,,,,,,
,,,,,,,,,,,,,,,,,,,,,,,,
,,,,,,,,,,,,,,,,,,,,,,,,
,,,,,,,,,,,,,,,,,,,,,,,,
,,,,,,,,,,,,,,,,,,,,,,,,
,,,,,,,,,,,,,,,,,,,,,,,,
,,,,,,,,,,,,,,,,,,,,,,,,
,,,,,,,,,,,,,,,,,,,,,,,,
,,,,,,,,,,,,,,,,,,,,,,,,
,,,,,,,,,,,,,,,,,,,,,,,,
,,,,,,,,,,,,,,,,,,,,,,,,
,,,,,,,,,,,,,,,,,,,,,,,,
,,,,,,,,,,,,,,,,,,,,,,,,
,,,,,,,,,,,,,,,,,,,,,,,,
,,,,,,,,,,,,,,,,,,,,,,,,
,,,,,,,,,,,,,,,,,,,,,,,,
,,,,,,,,,,,,,,,,,,,,,,,,
,,,,,,,,,,,,,,,,,,,,,,,,
,,,,,,,,,,,,,,,,,,,,,,,,
,,,,,,,,,,,,,,,,,,,,,,,,
,,,,,,,,,,,,,,,,,,,,,,,,
,,,,,,,,,,,,,,,,,,,,,,,,
,,,,,,,,,,,,,,,,,,,,,,,,
,,,,,,,,,,,,,,,,,,,,,,,,
,,,,,,,,,,,,,,,,,,,,,,,,
,,,,,,,,,,,,,,,,,,,,,,,,
,,,,,,,,,,,,,,,,,,,,,,,,
,,,,,,,,,,,,,,,,,,,,,,,,
,,,,,,,,,,,,,,,,,,,,,,,,
,,,,,,,,,,,,,,,,,,,,,,,,
,,,,,,,,,,,,,,,,,,,,,,,,
,,,,,,,,,,,,,,,,,,,,,,,,
,,,,,,,,,,,,,,,,,,,,,,,,
,,,,,,,,,,,,,,,,,,,,,,,,
,,,,,,,,,,,,,,,,,,,,,,,,
,,,,,,,,,,,,,,,,,,,,,,,,
,,,,,,,,,,,,,,,,,,,,,,,,
,,,,,,,,,,,,,,,,,,,,,,,,
,,,,,,,,,,,,,,,,,,,,,,,,
,,,,,,,,,,,,,,,,,,,,,,,,
,,,,,,,,,,,,,,,,,,,,,,,,
,,,,,,,,,,,,,,,,,,,,,,,,
,,,,,,,,,,,,,,,,,,,,,,,,
,,,,,,,,,,,,,,,,,,,,,,,,
,,,,,,,,,,,,,,,,,,,,,,,,
,,,,,,,,,,,,,,,,,,,,,,,,
,,,,,,,,,,,,,,,,,,,,,,,,
,,,,,,,,,,,,,,,,,,,,,,,,
,,,,,,,,,,,,,,,,,,,,,,,,
,,,,,,,,,,,,,,,,,,,,,,,,
,,,,,,,,,,,,,,,,,,,,,,,,
,,,,,,,,,,,,,,,,,,,,,,,,
,,,,,,,,,,,,,,,,,,,,,,,,
,,,,,,,,,,,,,,,,,,,,,,,,
,,,,,,,,,,,,,,,,,,,,,,,,
,,,,,,,,,,,,,,,,,,,,,,,,
,,,,,,,,,,,,,,,,,,,,,,,,
,,,,,,,,,,,,,,,,,,,,,,,,
,,,,,,,,,,,,,,,,,,,,,,,,
,,,,,,,,,,,,,,,,,,,,,,,,
,,,,,,,,,,,,,,,,,,,,,,,,
,,,,,,,,,,,,,,,,,,,,,,,,
,,,,,,,,,,,,,,,,,,,,,,,,
,,,,,,,,,,,,,,,,,,,,,,,,
,,,,,,,,,,,,,,,,,,,,,,,,
,,,,,,,,,,,,,,,,,,,,,,,,
,,,,,,,,,,,,,,,,,,,,,,,,
,,,,,,,,,,,,,,,,,,,,,,,,
,,,,,,,,,,,,,,,,,,,,,,,,
,,,,,,,,,,,,,,,,,,,,,,,,
,,,,,,,,,,,,,,,,,,,,,,,,
,,,,,,,,,,,,,,,,,,,,,,,,
,,,,,,,,,,,,,,,,,,,,,,,,
,,,,,,,,,,,,,,,,,,,,,,,,
,,,,,,,,,,,,,,,,,,,,,,,,
,,,,,,,,,,,,,,,,,,,,,,,,
,,,,,,,,,,,,,,,,,,,,,,,,
,,,,,,,,,,,,,,,,,,,,,,,,
,,,,,,,,,,,,,,,,,,,,,,,,
,,,,,,,,,,,,,,,,,,,,,,,,
,,,,,,,,,,,,,,,,,,,,,,,,
,,,,,,,,,,,,,,,,,,,,,,,,
,,,,,,,,,,,,,,,,,,,,,,,,
,,,,,,,,,,,,,,,,,,,,,,,,
,,,,,,,,,,,,,,,,,,,,,,,,
,,,,,,,,,,,,,,,,,,,,,,,,
,,,,,,,,,,,,,,,,,,,,,,,,
,,,,,,,,,,,,,,,,,,,,,,,,
,,,,,,,,,,,,,,,,,,,,,,,,
,,,,,,,,,,,,,,,,,,,,,,,,
,,,,,,,,,,,,,,,,,,,,,,,,
,,,,,,,,,,,,,,,,,,,,,,,,
,,,,,,,,,,,,,,,,,,,,,,,,
,,,,,,,,,,,,,,,,,,,,,,,,
,,,,,,,,,,,,,,,,,,,,,,,,
,,,,,,,,,,,,,,,,,,,,,,,,
,,,,,,,,,,,,,,,,,,,,,,,,
,,,,,,,,,,,,,,,,,,,,,,,,
,,,,,,,,,,,,,,,,,,,,,,,,
,,,,,,,,,,,,,,,,,,,,,,,,
,,,,,,,,,,,,,,,,,,,,,,,,
,,,,,,,,,,,,,,,,,,,,,,,,
,,,,,,,,,,,,,,,,,,,,,,,,
,,,,,,,,,,,,,,,,,,,,,,,,
,,,,,,,,,,,,,,,,,,,,,,,,
,,,,,,,,,,,,,,,,,,,,,,,,
,,,,,,,,,,,,,,,,,,,,,,,,
,,,,,,,,,,,,,,,,,,,,,,,,
,,,,,,,,,,,,,,,,,,,,,,,,
,,,,,,,,,,,,,,,,,,,,,,,,
,,,,,,,,,,,,,,,,,,,,,,,,
,,,,,,,,,,,,,,,,,,,,,,,,
,,,,,,,,,,,,,,,,,,,,,,,,
,,,,,,,,,,,,,,,,,,,,,,,,
,,,,,,,,,,,,,,,,,,,,,,,,
,,,,,,,,,,,,,,,,,,,,,,,,
,,,,,,,,,,,,,,,,,,,,,,,,
,,,,,,,,,,,,,,,,,,,,,,,,
,,,,,,,,,,,,,,,,,,,,,,,,
,,,,,,,,,,,,,,,,,,,,,,,,
,,,,,,,,,,,,,,,,,,,,,,,,
,,,,,,,,,,,,,,,,,,,,,,,,
,,,,,,,,,,,,,,,,,,,,,,,,
,,,,,,,,,,,,,,,,,,,,,,,,
,,,,,,,,,,,,,,,,,,,,,,,,
,,,,,,,,,,,,,,,,,,,,,,,,
,,,,,,,,,,,,,,,,,,,,,,,,
,,,,,,,,,,,,,,,,,,,,,,,,
,,,,,,,,,,,,,,,,,,,,,,,,
,,,,,,,,,,,,,,,,,,,,,,,,
,,,,,,,,,,,,,,,,,,,,,,,,
,,,,,,,,,,,,,,,,,,,,,,,,
,,,,,,,,,,,,,,,,,,,,,,,,
,,,,,,,,,,,,,,,,,,,,,,,,
,,,,,,,,,,,,,,,,,,,,,,,,
,,,,,,,,,,,,,,,,,,,,,,,,
,,,,,,,,,,,,,,,,,,,,,,,,
,,,,,,,,,,,,,,,,,,,,,,,,
,,,,,,,,,,,,,,,,,,,,,,,,
,,,,,,,,,,,,,,,,,,,,,,,,
,,,,,,,,,,,,,,,,,,,,,,,,
,,,,,,,,,,,,,,,,,,,,,,,,
,,,,,,,,,,,,,,,,,,,,,,,,
,,,,,,,,,,,,,,,,,,,,,,,,
,,,,,,,,,,,,,,,,,,,,,,,,
,,,,,,,,,,,,,,,,,,,,,,,,
,,,,,,,,,,,,,,,,,,,,,,,,
,,,,,,,,,,,,,,,,,,,,,,,,
,,,,,,,,,,,,,,,,,,,,,,,,
,,,,,,,,,,,,,,,,,,,,,,,,
,,,,,,,,,,,,,,,,,,,,,,,,
,,,,,,,,,,,,,,,,,,,,,,,,
,,,,,,,,,,,,,,,,,,,,,,,,
,,,,,,,,,,,,,,,,,,,,,,,,
,,,,,,,,,,,,,,,,,,,,,,,,
,,,,,,,,,,,,,,,,,,,,,,,,
,,,,,,,,,,,,,,,,,,,,,,,,
,,,,,,,,,,,,,,,,,,,,,,,,
,,,,,,,,,,,,,,,,,,,,,,,,
,,,,,,,,,,,,,,,,,,,,,,,,
,,,,,,,,,,,,,,,,,,,,,,,,
,,,,,,,,,,,,,,,,,,,,,,,,
,,,,,,,,,,,,,,,,,,,,,,,,
,,,,,,,,,,,,,,,,,,,,,,,,
,,,,,,,,,,,,,,,,,,,,,,,,
,,,,,,,,,,,,,,,,,,,,,,,,
,,,,,,,,,,,,,,,,,,,,,,,,
,,,,,,,,,,,,,,,,,,,,,,,,
,,,,,,,,,,,,,,,,,,,,,,,,
,,,,,,,,,,,,,,,,,,,,,,,,
,,,,,,,,,,,,,,,,,,,,,,,,
,,,,,,,,,,,,,,,,,,,,,,,,
,,,,,,,,,,,,,,,,,,,,,,,,
,,,,,,,,,,,,,,,,,,,,,,,,
,,,,,,,,,,,,,,,,,,,,,,,,
,,,,,,,,,,,,,,,,,,,,,,,,
,,,,,,,,,,,,,,,,,,,,,,,,
,,,,,,,,,,,,,,,,,,,,,,,,
,,,,,,,,,,,,,,,,,,,,,,,,
,,,,,,,,,,,,,,,,,,,,,,,,
,,,,,,,,,,,,,,,,,,,,,,,,
,,,,,,,,,,,,,,,,,,,,,,,,
,,,,,,,,,,,,,,,,,,,,,,,,
,,,,,,,,,,,,,,,,,,,,,,,,
,,,,,,,,,,,,,,,,,,,,,,,,
,,,,,,,,,,,,,,,,,,,,,,,,
,,,,,,,,,,,,,,,,,,,,,,,,
,,,,,,,,,,,,,,,,,,,,,,,,
,,,,,,,,,,,,,,,,,,,,,,,,
,,,,,,,,,,,,,,,,,,,,,,,,
,,,,,,,,,,,,,,,,,,,,,,,,
,,,,,,,,,,,,,,,,,,,,,,,,
,,,,,,,,,,,,,,,,,,,,,,,,
,,,,,,,,,,,,,,,,,,,,,,,,
,,,,,,,,,,,,,,,,,,,,,,,,
,,,,,,,,,,,,,,,,,,,,,,,,
,,,,,,,,,,,,,,,,,,,,,,,,
,,,,,,,,,,,,,,,,,,,,,,,,
,,,,,,,,,,,,,,,,,,,,,,,,
,,,,,,,,,,,,,,,,,,,,,,,,
,,,,,,,,,,,,,,,,,,,,,,,,
,,,,,,,,,,,,,,,,,,,,,,,,
,,,,,,,,,,,,,,,,,,,,,,,,
,,,,,,,,,,,,,,,,,,,,,,,,
,,,,,,,,,,,,,,,,,,,,,,,,
,,,,,,,,,,,,,,,,,,,,,,,,
,,,,,,,,,,,,,,,,,,,,,,,,
,,,,,,,,,,,,,,,,,,,,,,,,
,,,,,,,,,,,,,,,,,,,,,,,,
,,,,,,,,,,,,,,,,,,,,,,,,
,,,,,,,,,,,,,,,,,,,,,,,,
,,,,,,,,,,,,,,,,,,,,,,,,
,,,,,,,,,,,,,,,,,,,,,,,,
,,,,,,,,,,,,,,,,,,,,,,,,
,,,,,,,,,,,,,,,,,,,,,,,,
,,,,,,,,,,,,,,,,,,,,,,,,
,,,,,,,,,,,,,,,,,,,,,,,,
,,,,,,,,,,,,,,,,,,,,,,,,
,,,,,,,,,,,,,,,,,,,,,,,,
,,,,,,,,,,,,,,,,,,,,,,,,
,,,,,,,,,,,,,,,,,,,,,,,,
,,,,,,,,,,,,,,,,,,,,,,,,
,,,,,,,,,,,,,,,,,,,,,,,,
,,,,,,,,,,,,,,,,,,,,,,,,
,,,,,,,,,,,,,,,,,,,,,,,,
,,,,,,,,,,,,,,,,,,,,,,,,
,,,,,,,,,,,,,,,,,,,,,,,,
,,,,,,,,,,,,,,,,,,,,,,,,
,,,,,,,,,,,,,,,,,,,,,,,,
,,,,,,,,,,,,,,,,,,,,,,,,
,,,,,,,,,,,,,,,,,,,,,,,,
,,,,,,,,,,,,,,,,,,,,,,,,
,,,,,,,,,,,,,,,,,,,,,,,,
,,,,,,,,,,,,,,,,,,,,,,,,
,,,,,,,,,,,,,,,,,,,,,,,,
,,,,,,,,,,,,,,,,,,,,,,,,
,,,,,,,,,,,,,,,,,,,,,,,,
,,,,,,,,,,,,,,,,,,,,,,,,
,,,,,,,,,,,,,,,,,,,,,,,,
,,,,,,,,,,,,,,,,,,,,,,,,
,,,,,,,,,,,,,,,,,,,,,,,,
,,,,,,,,,,,,,,,,,,,,,,,,
,,,,,,,,,,,,,,,,,,,,,,,,
,,,,,,,,,,,,,,,,,,,,,,,,
,,,,,,,,,,,,,,,,,,,,,,,,
,,,,,,,,,,,,,,,,,,,,,,,,
,,,,,,,,,,,,,,,,,,,,,,,,
,,,,,,,,,,,,,,,,,,,,,,,,
,,,,,,,,,,,,,,,,,,,,,,,,
,,,,,,,,,,,,,,,,,,,,,,,,
,,,,,,,,,,,,,,,,,,,,,,,,
,,,,,,,,,,,,,,,,,,,,,,,,
,,,,,,,,,,,,,,,,,,,,,,,,
,,,,,,,,,,,,,,,,,,,,,,,,
,,,,,,,,,,,,,,,,,,,,,,,,
,,,,,,,,,,,,,,,,,,,,,,,,
,,,,,,,,,,,,,,,,,,,,,,,,
,,,,,,,,,,,,,,,,,,,,,,,,
,,,,,,,,,,,,,,,,,,,,,,,,
,,,,,,,,,,,,,,,,,,,,,,,,
,,,,,,,,,,,,,,,,,,,,,,,,
,,,,,,,,,,,,,,,,,,,,,,,,
,,,,,,,,,,,,,,,,,,,,,,,,
,,,,,,,,,,,,,,,,,,,,,,,,
,,,,,,,,,,,,,,,,,,,,,,,,
,,,,,,,,,,,,,,,,,,,,,,,,
,,,,,,,,,,,,,,,,,,,,,,,,
,,,,,,,,,,,,,,,,,,,,,,,,
,,,,,,,,,,,,,,,,,,,,,,,,
,,,,,,,,,,,,,,,,,,,,,,,,
,,,,,,,,,,,,,,,,,,,,,,,,
,,,,,,,,,,,,,,,,,,,,,,,,
,,,,,,,,,,,,,,,,,,,,,,,,
,,,,,,,,,,,,,,,,,,,,,,,,
,,,,,,,,,,,,,,,,,,,,,,,,
,,,,,,,,,,,,,,,,,,,,,,,,
,,,,,,,,,,,,,,,,,,,,,,,,
,,,,,,,,,,,,,,,,,,,,,,,,
,,,,,,,,,,,,,,,,,,,,,,,,
,,,,,,,,,,,,,,,,,,,,,,,,
,,,,,,,,,,,,,,,,,,,,,,,,
,,,,,,,,,,,,,,,,,,,,,,,,
,,,,,,,,,,,,,,,,,,,,,,,,
,,,,,,,,,,,,,,,,,,,,,,,,
,,,,,,,,,,,,,,,,,,,,,,,,
,,,,,,,,,,,,,,,,,,,,,,,,
,,,,,,,,,,,,,,,,,,,,,,,,
,,,,,,,,,,,,,,,,,,,,,,,,
,,,,,,,,,,,,,,,,,,,,,,,,
,,,,,,,,,,,,,,,,,,,,,,,,
,,,,,,,,,,,,,,,,,,,,,,,,
,,,,,,,,,,,,,,,,,,,,,,,,
,,,,,,,,,,,,,,,,,,,,,,,,
,,,,,,,,,,,,,,,,,,,,,,,,
,,,,,,,,,,,,,,,,,,,,,,,,
,,,,,,,,,,,,,,,,,,,,,,,,
,,,,,,,,,,,,,,,,,,,,,,,,
,,,,,,,,,,,,,,,,,,,,,,,,
,,,,,,,,,,,,,,,,,,,,,,,,
,,,,,,,,,,,,,,,,,,,,,,,,
,,,,,,,,,,,,,,,,,,,,,,,,
,,,,,,,,,,,,,,,,,,,,,,,,
,,,,,,,,,,,,,,,,,,,,,,,,
,,,,,,,,,,,,,,,,,,,,,,,,
,,,,,,,,,,,,,,,,,,,,,,,,
,,,,,,,,,,,,,,,,,,,,,,,,
,,,,,,,,,,,,,,,,,,,,,,,,
,,,,,,,,,,,,,,,,,,,,,,,,
,,,,,,,,,,,,,,,,,,,,,,,,
,,,,,,,,,,,,,,,,,,,,,,,,
,,,,,,,,,,,,,,,,,,,,,,,,
,,,,,,,,,,,,,,,,,,,,,,,,
,,,,,,,,,,,,,,,,,,,,,,,,
,,,,,,,,,,,,,,,,,,,,,,,,
,,,,,,,,,,,,,,,,,,,,,,,,
,,,,,,,,,,,,,,,,,,,,,,,,
,,,,,,,,,,,,,,,,,,,,,,,,
,,,,,,,,,,,,,,,,,,,,,,,,
,,,,,,,,,,,,,,,,,,,,,,,,
,,,,,,,,,,,,,,,,,,,,,,,,
,,,,,,,,,,,,,,,,,,,,,,,,
,,,,,,,,,,,,,,,,,,,,,,,,
,,,,,,,,,,,,,,,,,,,,,,,,
,,,,,,,,,,,,,,,,,,,,,,,,
,,,,,,,,,,,,,,,,,,,,,,,,
,,,,,,,,,,,,,,,,,,,,,,,,
,,,,,,,,,,,,,,,,,,,,,,,,
,,,,,,,,,,,,,,,,,,,,,,,,
,,,,,,,,,,,,,,,,,,,,,,,,
,,,,,,,,,,,,,,,,,,,,,,,,
,,,,,,,,,,,,,,,,,,,,,,,,
,,,,,,,,,,,,,,,,,,,,,,,,
,,,,,,,,,,,,,,,,,,,,,,,,
,,,,,,,,,,,,,,,,,,,,,,,,
,,,,,,,,,,,,,,,,,,,,,,,,
,,,,,,,,,,,,,,,,,,,,,,,,
,,,,,,,,,,,,,,,,,,,,,,,,
,,,,,,,,,,,,,,,,,,,,,,,,
,,,,,,,,,,,,,,,,,,,,,,,,
,,,,,,,,,,,,,,,,,,,,,,,,
,,,,,,,,,,,,,,,,,,,,,,,,
,,,,,,,,,,,,,,,,,,,,,,,,
,,,,,,,,,,,,,,,,,,,,,,,,
,,,,,,,,,,,,,,,,,,,,,,,,
,,,,,,,,,,,,,,,,,,,,,,,,
,,,,,,,,,,,,,,,,,,,,,,,,
,,,,,,,,,,,,,,,,,,,,,,,,
,,,,,,,,,,,,,,,,,,,,,,,,
,,,,,,,,,,,,,,,,,,,,,,,,
,,,,,,,,,,,,,,,,,,,,,,,,
,,,,,,,,,,,,,,,,,,,,,,,,
,,,,,,,,,,,,,,,,,,,,,,,,
,,,,,,,,,,,,,,,,,,,,,,,,
,,,,,,,,,,,,,,,,,,,,,,,,
,,,,,,,,,,,,,,,,,,,,,,,,
,,,,,,,,,,,,,,,,,,,,,,,,
,,,,,,,,,,,,,,,,,,,,,,,,
,,,,,,,,,,,,,,,,,,,,,,,,
,,,,,,,,,,,,,,,,,,,,,,,,
,,,,,,,,,,,,,,,,,,,,,,,,
,,,,,,,,,,,,,,,,,,,,,,,,
,,,,,,,,,,,,,,,,,,,,,,,,
,,,,,,,,,,,,,,,,,,,,,,,,
,,,,,,,,,,,,,,,,,,,,,,,,
,,,,,,,,,,,,,,,,,,,,,,,,
,,,,,,,,,,,,,,,,,,,,,,,,
,,,,,,,,,,,,,,,,,,,,,,,,
,,,,,,,,,,,,,,,,,,,,,,,,
,,,,,,,,,,,,,,,,,,,,,,,,
,,,,,,,,,,,,,,,,,,,,,,,,
,,,,,,,,,,,,,,,,,,,,,,,,
,,,,,,,,,,,,,,,,,,,,,,,,
,,,,,,,,,,,,,,,,,,,,,,,,
,,,,,,,,,,,,,,,,,,,,,,,,
,,,,,,,,,,,,,,,,,,,,,,,,
,,,,,,,,,,,,,,,,,,,,,,,,
,,,,,,,,,,,,,,,,,,,,,,,,
,,,,,,,,,,,,,,,,,,,,,,,,
,,,,,,,,,,,,,,,,,,,,,,,,
,,,,,,,,,,,,,,,,,,,,,,,,
,,,,,,,,,,,,,,,,,,,,,,,,
,,,,,,,,,,,,,,,,,,,,,,,,
,,,,,,,,,,,,,,,,,,,,,,,,
,,,,,,,,,,,,,,,,,,,,,,,,
,,,,,,,,,,,,,,,,,,,,,,,,
,,,,,,,,,,,,,,,,,,,,,,,,
,,,,,,,,,,,,,,,,,,,,,,,,
,,,,,,,,,,,,,,,,,,,,,,,,
,,,,,,,,,,,,,,,,,,,,,,,,
,,,,,,,,,,,,,,,,,,,,,,,,
,,,,,,,,,,,,,,,,,,,,,,,,
,,,,,,,,,,,,,,,,,,,,,,,,
,,,,,,,,,,,,,,,,,,,,,,,,
,,,,,,,,,,,,,,,,,,,,,,,,
,,,,,,,,,,,,,,,,,,,,,,,,
,,,,,,,,,,,,,,,,,,,,,,,,
,,,,,,,,,,,,,,,,,,,,,,,,
,,,,,,,,,,,,,,,,,,,,,,,,
,,,,,,,,,,,,,,,,,,,,,,,,
,,,,,,,,,,,,,,,,,,,,,,,,
,,,,,,,,,,,,,,,,,,,,,,,,
,,,,,,,,,,,,,,,,,,,,,,,,
,,,,,,,,,,,,,,,,,,,,,,,,
,,,,,,,,,,,,,,,,,,,,,,,,
,,,,,,,,,,,,,,,,,,,,,,,,
,,,,,,,,,,,,,,,,,,,,,,,,
,,,,,,,,,,,,,,,,,,,,,,,,
,,,,,,,,,,,,,,,,,,,,,,,,
,,,,,,,,,,,,,,,,,,,,,,,,
,,,,,,,,,,,,,,,,,,,,,,,,
,,,,,,,,,,,,,,,,,,,,,,,,
,,,,,,,,,,,,,,,,,,,,,,,,
,,,,,,,,,,,,,,,,,,,,,,,,
,,,,,,,,,,,,,,,,,,,,,,,,
,,,,,,,,,,,,,,,,,,,,,,,,
,,,,,,,,,,,,,,,,,,,,,,,,
,,,,,,,,,,,,,,,,,,,,,,,,
,,,,,,,,,,,,,,,,,,,,,,,,
,,,,,,,,,,,,,,,,,,,,,,,,
,,,,,,,,,,,,,,,,,,,,,,,,
,,,,,,,,,,,,,,,,,,,,,,,,
,,,,,,,,,,,,,,,,,,,,,,,,
,,,,,,,,,,,,,,,,,,,,,,,,
,,,,,,,,,,,,,,,,,,,,,,,,
,,,,,,,,,,,,,,,,,,,,,,,,
,,,,,,,,,,,,,,,,,,,,,,,,
,,,,,,,,,,,,,,,,,,,,,,,,
,,,,,,,,,,,,,,,,,,,,,,,,
,,,,,,,,,,,,,,,,,,,,,,,,
,,,,,,,,,,,,,,,,,,,,,,,,
,,,,,,,,,,,,,,,,,,,,,,,,
,,,,,,,,,,,,,,,,,,,,,,,,
,,,,,,,,,,,,,,,,,,,,,,,,
,,,,,,,,,,,,,,,,,,,,,,,,
,,,,,,,,,,,,,,,,,,,,,,,,
,,,,,,,,,,,,,,,,,,,,,,,,
,,,,,,,,,,,,,,,,,,,,,,,,
,,,,,,,,,,,,,,,,,,,,,,,,
,,,,,,,,,,,,,,,,,,,,,,,,
,,,,,,,,,,,,,,,,,,,,,,,,
,,,,,,,,,,,,,,,,,,,,,,,,
,,,,,,,,,,,,,,,,,,,,,,,,
,,,,,,,,,,,,,,,,,,,,,,,,
,,,,,,,,,,,,,,,,,,,,,,,,
,,,,,,,,,,,,,,,,,,,,,,,,
,,,,,,,,,,,,,,,,,,,,,,,,
,,,,,,,,,,,,,,,,,,,,,,,,
,,,,,,,,,,,,,,,,,,,,,,,,
,,,,,,,,,,,,,,,,,,,,,,,,
,,,,,,,,,,,,,,,,,,,,,,,,
,,,,,,,,,,,,,,,,,,,,,,,,
,,,,,,,,,,,,,,,,,,,,,,,,
,,,,,,,,,,,,,,,,,,,,,,,,
,,,,,,,,,,,,,,,,,,,,,,,,
,,,,,,,,,,,,,,,,,,,,,,,,
,,,,,,,,,,,,,,,,,,,,,,,,
,,,,,,,,,,,,,,,,,,,,,,,,
,,,,,,,,,,,,,,,,,,,,,,,,
,,,,,,,,,,,,,,,,,,,,,,,,
,,,,,,,,,,,,,,,,,,,,,,,,
,,,,,,,,,,,,,,,,,,,,,,,,
,,,,,,,,,,,,,,,,,,,,,,,,
,,,,,,,,,,,,,,,,,,,,,,,,
,,,,,,,,,,,,,,,,,,,,,,,,
,,,,,,,,,,,,,,,,,,,,,,,,
,,,,,,,,,,,,,,,,,,,,,,,,
,,,,,,,,,,,,,,,,,,,,,,,,
,,,,,,,,,,,,,,,,,,,,,,,,
,,,,,,,,,,,,,,,,,,,,,,,,
,,,,,,,,,,,,,,,,,,,,,,,,
,,,,,,,,,,,,,,,,,,,,,,,,
,,,,,,,,,,,,,,,,,,,,,,,,
,,,,,,,,,,,,,,,,,,,,,,,,
,,,,,,,,,,,,,,,,,,,,,,,,
,,,,,,,,,,,,,,,,,,,,,,,,
,,,,,,,,,,,,,,,,,,,,,,,,
,,,,,,,,,,,,,,,,,,,,,,,,
,,,,,,,,,,,,,,,,,,,,,,,,
,,,,,,,,,,,,,,,,,,,,,,,,
,,,,,,,,,,,,,,,,,,,,,,,,
,,,,,,,,,,,,,,,,,,,,,,,,
,,,,,,,,,,,,,,,,,,,,,,,,
,,,,,,,,,,,,,,,,,,,,,,,,
,,,,,,,,,,,,,,,,,,,,,,,,
,,,,,,,,,,,,,,,,,,,,,,,,
,,,,,,,,,,,,,,,,,,,,,,,,
,,,,,,,,,,,,,,,,,,,,,,,,
,,,,,,,,,,,,,,,,,,,,,,,,
,,,,,,,,,,,,,,,,,,,,,,,,
,,,,,,,,,,,,,,,,,,,,,,,,
,,,,,,,,,,,,,,,,,,,,,,,,
,,,,,,,,,,,,,,,,,,,,,,,,
,,,,,,,,,,,,,,,,,,,,,,,,
,,,,,,,,,,,,,,,,,,,,,,,,
,,,,,,,,,,,,,,,,,,,,,,,,
,,,,,,,,,,,,,,,,,,,,,,,,
,,,,,,,,,,,,,,,,,,,,,,,,
,,,,,,,,,,,,,,,,,,,,,,,,
,,,,,,,,,,,,,,,,,,,,,,,,
,,,,,,,,,,,,,,,,,,,,,,,,
,,,,,,,,,,,,,,,,,,,,,,,,
,,,,,,,,,,,,,,,,,,,,,,,,
,,,,,,,,,,,,,,,,,,,,,,,,
,,,,,,,,,,,,,,,,,,,,,,,,
,,,,,,,,,,,,,,,,,,,,,,,,
,,,,,,,,,,,,,,,,,,,,,,,,
,,,,,,,,,,,,,,,,,,,,,,,,
,,,,,,,,,,,,,,,,,,,,,,,,
,,,,,,,,,,,,,,,,,,,,,,,,
,,,,,,,,,,,,,,,,,,,,,,,,
,,,,,,,,,,,,,,,,,,,,,,,,
,,,,,,,,,,,,,,,,,,,,,,,,
,,,,,,,,,,,,,,,,,,,,,,,,
,,,,,,,,,,,,,,,,,,,,,,,,
,,,,,,,,,,,,,,,,,,,,,,,,
,,,,,,,,,,,,,,,,,,,,,,,,
,,,,,,,,,,,,,,,,,,,,,,,,
,,,,,,,,,,,,,,,,,,,,,,,,
,,,,,,,,,,,,,,,,,,,,,,,,
,,,,,,,,,,,,,,,,,,,,,,,,
,,,,,,,,,,,,,,,,,,,,,,,,
,,,,,,,,,,,,,,,,,,,,,,,,
,,,,,,,,,,,,,,,,,,,,,,,,
,,,,,,,,,,,,,,,,,,,,,,,,
,,,,,,,,,,,,,,,,,,,,,,,,
,,,,,,,,,,,,,,,,,,,,,,,,
,,,,,,,,,,,,,,,,,,,,,,,,
,,,,,,,,,,,,,,,,,,,,,,,,
,,,,,,,,,,,,,,,,,,,,,,,,
,,,,,,,,,,,,,,,,,,,,,,,,
,,,,,,,,,,,,,,,,,,,,,,,,
,,,,,,,,,,,,,,,,,,,,,,,,
,,,,,,,,,,,,,,,,,,,,,,,,
,,,,,,,,,,,,,,,,,,,,,,,,
,,,,,,,,,,,,,,,,,,,,,,,,
,,,,,,,,,,,,,,,,,,,,,,,,
,,,,,,,,,,,,,,,,,,,,,,,,
,,,,,,,,,,,,,,,,,,,,,,,,
,,,,,,,,,,,,,,,,,,,,,,,,
,,,,,,,,,,,,,,,,,,,,,,,,
,,,,,,,,,,,,,,,,,,,,,,,,
,,,,,,,,,,,,,,,,,,,,,,,,
,,,,,,,,,,,,,,,,,,,,,,,,
,,,,,,,,,,,,,,,,,,,,,,,,
,,,,,,,,,,,,,,,,,,,,,,,,
,,,,,,,,,,,,,,,,,,,,,,,,
,,,,,,,,,,,,,,,,,,,,,,,,
,,,,,,,,,,,,,,,,,,,,,,,,
,,,,,,,,,,,,,,,,,,,,,,,,
,,,,,,,,,,,,,,,,,,,,,,,,
,,,,,,,,,,,,,,,,,,,,,,,,
,,,,,,,,,,,,,,,,,,,,,,,,
,,,,,,,,,,,,,,,,,,,,,,,,
,,,,,,,,,,,,,,,,,,,,,,,,
,,,,,,,,,,,,,,,,,,,,,,,,
,,,,,,,,,,,,,,,,,,,,,,,,
,,,,,,,,,,,,,,,,,,,,,,,,
,,,,,,,,,,,,,,,,,,,,,,,,
,,,,,,,,,,,,,,,,,,,,,,,,
,,,,,,,,,,,,,,,,,,,,,,,,
,,,,,,,,,,,,,,,,,,,,,,,,
,,,,,,,,,,,,,,,,,,,,,,,,
,,,,,,,,,,,,,,,,,,,,,,,,
,,,,,,,,,,,,,,,,,,,,,,,,
,,,,,,,,,,,,,,,,,,,,,,,,
,,,,,,,,,,,,,,,,,,,,,,,,
,,,,,,,,,,,,,,,,,,,,,,,,
,,,,,,,,,,,,,,,,,,,,,,,,
,,,,,,,,,,,,,,,,,,,,,,,,
,,,,,,,,,,,,,,,,,,,,,,,,
,,,,,,,,,,,,,,,,,,,,,,,,
,,,,,,,,,,,,,,,,,,,,,,,,
,,,,,,,,,,,,,,,,,,,,,,,,
,,,,,,,,,,,,,,,,,,,,,,,,
,,,,,,,,,,,,,,,,,,,,,,,,
,,,,,,,,,,,,,,,,,,,,,,,,
,,,,,,,,,,,,,,,,,,,,,,,,
,,,,,,,,,,,,,,,,,,,,,,,,
,,,,,,,,,,,,,,,,,,,,,,,,
,,,,,,,,,,,,,,,,,,,,,,,,
,,,,,,,,,,,,,,,,,,,,,,,,
,,,,,,,,,,,,,,,,,,,,,,,,
,,,,,,,,,,,,,,,,,,,,,,,,
,,,,,,,,,,,,,,,,,,,,,,,,
,,,,,,,,,,,,,,,,,,,,,,,,
,,,,,,,,,,,,,,,,,,,,,,,,
,,,,,,,,,,,,,,,,,,,,,,,,
,,,,,,,,,,,,,,,,,,,,,,,,
,,,,,,,,,,,,,,,,,,,,,,,,
,,,,,,,,,,,,,,,,,,,,,,,,
,,,,,,,,,,,,,,,,,,,,,,,,
,,,,,,,,,,,,,,,,,,,,,,,,
,,,,,,,,,,,,,,,,,,,,,,,,
